2026-04-19T04:20:40.324Z - [32minfo[39m: Website generation started at 12:20:39
2026-04-19T04:20:40.844Z - [32minfo[39m: Building assets...
2026-04-19T04:20:42.245Z - [32minfo[39m: Assets built
2026-04-19T04:20:42.245Z - [32minfo[39m: Generating pages...
2026-04-19T04:20:44.775Z - [36mverbose[39m: Rendering page: /Users/damithch/Repos/nus-cs2103/cs2103-website-base/admin/acknowledgements.md
2026-04-19T04:20:44.788Z - [36mverbose[39m: Rendering page: /Users/damithch/Repos/nus-cs2103/cs2103-website-base/admin/appendixA-principles.md
2026-04-19T04:20:44.797Z - [36mverbose[39m: Rendering page: /Users/damithch/Repos/nus-cs2103/cs2103-website-base/admin/appendixB-policies.md
2026-04-19T04:20:44.820Z - [36mverbose[39m: Rendering page: /Users/damithch/Repos/nus-cs2103/cs2103-website-base/admin/appendixC-faq.md
2026-04-19T04:20:49.494Z - [34mdebug[39m: 
2026-04-19T04:20:49.494Z - [34mdebug[39m: 
2026-04-19T04:20:49.494Z - [34mdebug[39m: 
2026-04-19T04:20:49.494Z - [34mdebug[39m: 
2026-04-19T04:20:49.495Z - [34mdebug[39m: 
2026-04-19T04:20:49.495Z - [34mdebug[39m: 
2026-04-19T04:20:49.495Z - [34mdebug[39m: 
2026-04-19T04:20:49.495Z - [34mdebug[39m: 
2026-04-19T04:20:49.495Z - [34mdebug[39m: 
2026-04-19T04:20:49.495Z - [34mdebug[39m: 
2026-04-19T04:20:49.495Z - [34mdebug[39m: 
2026-04-19T04:20:49.495Z - [34mdebug[39m: 
2026-04-19T04:20:49.495Z - [34mdebug[39m: 
2026-04-19T04:20:49.495Z - [34mdebug[39m: 
2026-04-19T04:20:49.495Z - [34mdebug[39m: 
2026-04-19T04:20:49.495Z - [34mdebug[39m: 
2026-04-19T04:20:49.496Z - [36mverbose[39m: Rendering page: /Users/damithch/Repos/nus-cs2103/cs2103-website-base/se-book-adapted/print.md
2026-04-19T04:20:49.655Z - [36mverbose[39m: Rendering page: /Users/damithch/Repos/nus-cs2103/cs2103-website-base/book/uml/stereotypes/what/index.md
2026-04-19T04:20:49.660Z - [36mverbose[39m: Rendering page: /Users/damithch/Repos/nus-cs2103/cs2103-website-base/index.md
2026-04-19T04:20:49.666Z - [36mverbose[39m: Rendering page: /Users/damithch/Repos/nus-cs2103/cs2103-website-base/book/uml/stereotypes/index.md
2026-04-19T04:20:49.726Z - [36mverbose[39m: Rendering page: /Users/damithch/Repos/nus-cs2103/cs2103-website-base/book/uml/sequenceDiagrams/staticMethods/index.md
2026-04-19T04:20:49.731Z - [36mverbose[39m: Rendering page: /Users/damithch/Repos/nus-cs2103/cs2103-website-base/book/uml/sequenceDiagrams/selfInvocation/index.md
2026-04-19T04:20:49.736Z - [36mverbose[39m: Rendering page: /Users/damithch/Repos/nus-cs2103/cs2103-website-base/book/uml/sequenceDiagrams/referenceFrames/index.md
2026-04-19T04:20:49.741Z - [36mverbose[39m: Rendering page: /Users/damithch/Repos/nus-cs2103/cs2103-website-base/book/uml/sequenceDiagrams/parallelPaths/index.md
2026-04-19T04:20:49.792Z - [36mverbose[39m: Rendering page: /Users/damithch/Repos/nus-cs2103/cs2103-website-base/book/uml/sequenceDiagrams/optionalPaths/index.md
2026-04-19T04:20:49.797Z - [36mverbose[39m: Rendering page: /Users/damithch/Repos/nus-cs2103/cs2103-website-base/book/uml/sequenceDiagrams/objectDeletion/index.md
2026-04-19T04:20:49.802Z - [36mverbose[39m: Rendering page: /Users/damithch/Repos/nus-cs2103/cs2103-website-base/book/uml/sequenceDiagrams/objectCreation/index.md
2026-04-19T04:20:49.806Z - [36mverbose[39m: Rendering page: /Users/damithch/Repos/nus-cs2103/cs2103-website-base/book/uml/sequenceDiagrams/minimalNotation/index.md
2026-04-19T04:20:49.889Z - [36mverbose[39m: Rendering page: /Users/damithch/Repos/nus-cs2103/cs2103-website-base/book/uml/sequenceDiagrams/loops/index.md
2026-04-19T04:20:49.894Z - [36mverbose[39m: Rendering page: /Users/damithch/Repos/nus-cs2103/cs2103-website-base/book/uml/sequenceDiagrams/introduction/index.md
2026-04-19T04:20:49.900Z - [36mverbose[39m: Rendering page: /Users/damithch/Repos/nus-cs2103/cs2103-website-base/book/uml/sequenceDiagrams/index.md
2026-04-19T04:20:49.909Z - [36mverbose[39m: Rendering page: /Users/damithch/Repos/nus-cs2103/cs2103-website-base/book/uml/sequenceDiagrams/basic/index.md
2026-04-19T04:20:49.971Z - [36mverbose[39m: Rendering page: /Users/damithch/Repos/nus-cs2103/cs2103-website-base/book/uml/sequenceDiagrams/alternativePaths/index.md
2026-04-19T04:20:49.976Z - [36mverbose[39m: Rendering page: /Users/damithch/Repos/nus-cs2103/cs2103-website-base/book/uml/objectDiagrams/objects/index.md
2026-04-19T04:20:49.983Z - [36mverbose[39m: Rendering page: /Users/damithch/Repos/nus-cs2103/cs2103-website-base/book/uml/objectDiagrams/introduction/index.md
2026-04-19T04:20:49.987Z - [36mverbose[39m: Rendering page: /Users/damithch/Repos/nus-cs2103/cs2103-website-base/book/uml/objectDiagrams/index.md
2026-04-19T04:20:50.037Z - [36mverbose[39m: Rendering page: /Users/damithch/Repos/nus-cs2103/cs2103-website-base/book/uml/notes/notes/index.md
2026-04-19T04:20:50.042Z - [36mverbose[39m: Rendering page: /Users/damithch/Repos/nus-cs2103/cs2103-website-base/book/uml/objectDiagrams/associations/index.md
2026-04-19T04:20:50.047Z - [36mverbose[39m: Rendering page: /Users/damithch/Repos/nus-cs2103/cs2103-website-base/book/uml/notes/index.md
2026-04-19T04:20:50.052Z - [36mverbose[39m: Rendering page: /Users/damithch/Repos/nus-cs2103/cs2103-website-base/book/uml/notes/constraints/index.md
2026-04-19T04:20:51.710Z - [34mdebug[39m: 
2026-04-19T04:20:51.711Z - [34mdebug[39m: 
2026-04-19T04:20:51.711Z - [34mdebug[39m: 
2026-04-19T04:20:51.725Z - [34mdebug[39m: 
2026-04-19T04:20:51.739Z - [34mdebug[39m: 
2026-04-19T04:20:51.782Z - [34mdebug[39m: 
2026-04-19T04:20:51.799Z - [36mverbose[39m: Rendering page: /Users/damithch/Repos/nus-cs2103/cs2103-website-base/book/uml/miscellaneous/objectVsClassDiagrams/index.md
2026-04-19T04:20:51.821Z - [36mverbose[39m: Rendering page: /Users/damithch/Repos/nus-cs2103/cs2103-website-base/book/uml/miscellaneous/index.md
2026-04-19T04:20:51.837Z - [36mverbose[39m: Rendering page: /Users/damithch/Repos/nus-cs2103/cs2103-website-base/book/uml/classDiagrams/introduction/what/index.md
2026-04-19T04:20:51.848Z - [36mverbose[39m: Rendering page: /Users/damithch/Repos/nus-cs2103/cs2103-website-base/book/uml/index.md
2026-04-19T04:20:52.183Z - [36mverbose[39m: Rendering page: /Users/damithch/Repos/nus-cs2103/cs2103-website-base/book/uml/classDiagrams/interfaces/index.md
2026-04-19T04:20:52.190Z - [36mverbose[39m: Rendering page: /Users/damithch/Repos/nus-cs2103/cs2103-website-base/book/uml/classDiagrams/introduction/index.md
2026-04-19T04:20:52.200Z - [36mverbose[39m: Rendering page: /Users/damithch/Repos/nus-cs2103/cs2103-website-base/book/uml/classDiagrams/interfaces/what/index.md
2026-04-19T04:20:52.211Z - [36mverbose[39m: Rendering page: /Users/damithch/Repos/nus-cs2103/cs2103-website-base/book/uml/classDiagrams/index.md
2026-04-19T04:20:52.333Z - [36mverbose[39m: Rendering page: /Users/damithch/Repos/nus-cs2103/cs2103-website-base/book/uml/classDiagrams/enumerations/index.md
2026-04-19T04:20:52.341Z - [36mverbose[39m: Rendering page: /Users/damithch/Repos/nus-cs2103/cs2103-website-base/book/uml/classDiagrams/enumerations/what/index.md
2026-04-19T04:20:52.347Z - [36mverbose[39m: Rendering page: /Users/damithch/Repos/nus-cs2103/cs2103-website-base/book/uml/classDiagrams/dependencies/what/index.md
2026-04-19T04:20:52.358Z - [36mverbose[39m: Rendering page: /Users/damithch/Repos/nus-cs2103/cs2103-website-base/book/uml/classDiagrams/dependencies/index.md
2026-04-19T04:20:52.458Z - [36mverbose[39m: Rendering page: /Users/damithch/Repos/nus-cs2103/cs2103-website-base/book/uml/classDiagrams/composition/index.md
2026-04-19T04:20:52.465Z - [36mverbose[39m: Rendering page: /Users/damithch/Repos/nus-cs2103/cs2103-website-base/book/uml/classDiagrams/composition/what/index.md
2026-04-19T04:20:52.471Z - [36mverbose[39m: Rendering page: /Users/damithch/Repos/nus-cs2103/cs2103-website-base/book/uml/classDiagrams/combine/index.md
2026-04-19T04:20:52.479Z - [36mverbose[39m: Rendering page: /Users/damithch/Repos/nus-cs2103/cs2103-website-base/book/uml/classDiagrams/combine/basic/index.md
2026-04-19T04:20:52.592Z - [36mverbose[39m: Rendering page: /Users/damithch/Repos/nus-cs2103/cs2103-website-base/book/uml/classDiagrams/classes/index.md
2026-04-19T04:20:52.600Z - [36mverbose[39m: Rendering page: /Users/damithch/Repos/nus-cs2103/cs2103-website-base/book/uml/classDiagrams/classes/what/index.md
2026-04-19T04:20:52.608Z - [36mverbose[39m: Rendering page: /Users/damithch/Repos/nus-cs2103/cs2103-website-base/book/uml/classDiagrams/classLevelMembers/what/index.md
2026-04-19T04:20:52.615Z - [36mverbose[39m: Rendering page: /Users/damithch/Repos/nus-cs2103/cs2103-website-base/book/uml/classDiagrams/classLevelMembers/index.md
2026-04-19T04:20:52.751Z - [36mverbose[39m: Rendering page: /Users/damithch/Repos/nus-cs2103/cs2103-website-base/book/uml/classDiagrams/classInheritance/what/index.md
2026-04-19T04:20:52.762Z - [36mverbose[39m: Rendering page: /Users/damithch/Repos/nus-cs2103/cs2103-website-base/book/uml/classDiagrams/classInheritance/index.md
2026-04-19T04:20:52.781Z - [36mverbose[39m: Rendering page: /Users/damithch/Repos/nus-cs2103/cs2103-website-base/book/uml/classDiagrams/associationsAsAttributes/what/index.md
2026-04-19T04:20:52.800Z - [36mverbose[39m: Rendering page: /Users/damithch/Repos/nus-cs2103/cs2103-website-base/book/uml/classDiagrams/associationsAsAttributes/index.md
2026-04-19T04:20:52.943Z - [36mverbose[39m: Rendering page: /Users/damithch/Repos/nus-cs2103/cs2103-website-base/book/uml/classDiagrams/associations/what/index.md
2026-04-19T04:20:52.955Z - [36mverbose[39m: Rendering page: /Users/damithch/Repos/nus-cs2103/cs2103-website-base/book/uml/classDiagrams/associations/roles/index.md
2026-04-19T04:20:52.973Z - [36mverbose[39m: Rendering page: /Users/damithch/Repos/nus-cs2103/cs2103-website-base/book/uml/classDiagrams/associations/navigability/index.md
2026-04-19T04:20:52.997Z - [36mverbose[39m: Rendering page: /Users/damithch/Repos/nus-cs2103/cs2103-website-base/book/uml/classDiagrams/associations/multiplicity/index.md
2026-04-19T04:20:53.201Z - [36mverbose[39m: Rendering page: /Users/damithch/Repos/nus-cs2103/cs2103-website-base/book/uml/classDiagrams/associations/labels/index.md
2026-04-19T04:20:53.211Z - [36mverbose[39m: Rendering page: /Users/damithch/Repos/nus-cs2103/cs2103-website-base/book/uml/classDiagrams/associations/index.md
2026-04-19T04:20:53.234Z - [36mverbose[39m: Rendering page: /Users/damithch/Repos/nus-cs2103/cs2103-website-base/book/uml/classDiagrams/associationClasses/what/index.md
2026-04-19T04:20:53.243Z - [36mverbose[39m: Rendering page: /Users/damithch/Repos/nus-cs2103/cs2103-website-base/book/uml/classDiagrams/associationClasses/index.md
2026-04-19T04:20:53.347Z - [36mverbose[39m: Rendering page: /Users/damithch/Repos/nus-cs2103/cs2103-website-base/book/uml/classDiagrams/aggregation/what/index.md
2026-04-19T04:20:53.389Z - [36mverbose[39m: Rendering page: /Users/damithch/Repos/nus-cs2103/cs2103-website-base/book/uml/classDiagrams/aggregation/index.md
2026-04-19T04:20:53.404Z - [36mverbose[39m: Rendering page: /Users/damithch/Repos/nus-cs2103/cs2103-website-base/book/uml/classDiagrams/abstractClasses/what/index.md
2026-04-19T04:20:53.414Z - [36mverbose[39m: Rendering page: /Users/damithch/Repos/nus-cs2103/cs2103-website-base/book/uml/classDiagrams/abstractClasses/index.md
2026-04-19T04:20:53.566Z - [36mverbose[39m: Rendering page: /Users/damithch/Repos/nus-cs2103/cs2103-website-base/book/uml/activityDiagrams/introduction/index.md
2026-04-19T04:20:53.580Z - [36mverbose[39m: Rendering page: /Users/damithch/Repos/nus-cs2103/cs2103-website-base/book/uml/activityDiagrams/introduction/what/index.md
2026-04-19T04:20:53.617Z - [36mverbose[39m: Rendering page: /Users/damithch/Repos/nus-cs2103/cs2103-website-base/book/uml/activityDiagrams/index.md
2026-04-19T04:20:53.654Z - [36mverbose[39m: Rendering page: /Users/damithch/Repos/nus-cs2103/cs2103-website-base/book/uml/activityDiagrams/basicNotations/swimlanes/index.md
2026-04-19T04:20:53.699Z - [36mverbose[39m: Rendering page: /Users/damithch/Repos/nus-cs2103/cs2103-website-base/book/uml/activityDiagrams/basicNotations/rakes/index.md
2026-04-19T04:20:53.744Z - [36mverbose[39m: Rendering page: /Users/damithch/Repos/nus-cs2103/cs2103-website-base/book/uml/activityDiagrams/basicNotations/parallelPaths/index.md
2026-04-19T04:20:53.751Z - [36mverbose[39m: Rendering page: /Users/damithch/Repos/nus-cs2103/cs2103-website-base/book/uml/activityDiagrams/basicNotations/linearPaths/index.md
2026-04-19T04:20:53.772Z - [36mverbose[39m: Rendering page: /Users/damithch/Repos/nus-cs2103/cs2103-website-base/book/uml/activityDiagrams/basicNotations/index.md
2026-04-19T04:20:53.838Z - [36mverbose[39m: Rendering page: /Users/damithch/Repos/nus-cs2103/cs2103-website-base/book/uml/activityDiagrams/basicNotations/alternatePaths/index.md
2026-04-19T04:20:53.907Z - [36mverbose[39m: Rendering page: /Users/damithch/Repos/nus-cs2103/cs2103-website-base/book/testing/testingTypes/unitTesting/what/index.md
2026-04-19T04:20:53.915Z - [36mverbose[39m: Rendering page: /Users/damithch/Repos/nus-cs2103/cs2103-website-base/book/testing/testingTypes/unitTesting/index.md
2026-04-19T04:20:53.924Z - [36mverbose[39m: Rendering page: /Users/damithch/Repos/nus-cs2103/cs2103-website-base/book/testing/testingTypes/unitTesting/stubs/index.md
2026-04-19T04:20:53.963Z - [36mverbose[39m: Rendering page: /Users/damithch/Repos/nus-cs2103/cs2103-website-base/book/testing/testingTypes/systemTesting/what/index.md
2026-04-19T04:20:53.970Z - [36mverbose[39m: Rendering page: /Users/damithch/Repos/nus-cs2103/cs2103-website-base/book/testing/testingTypes/systemTesting/index.md
2026-04-19T04:20:54.003Z - [36mverbose[39m: Rendering page: /Users/damithch/Repos/nus-cs2103/cs2103-website-base/book/testing/testingTypes/regressionTesting/what/index.md
2026-04-19T04:20:54.025Z - [36mverbose[39m: Rendering page: /Users/damithch/Repos/nus-cs2103/cs2103-website-base/book/testing/testingTypes/regressionTesting/index.md
2026-04-19T04:20:54.168Z - [36mverbose[39m: Rendering page: /Users/damithch/Repos/nus-cs2103/cs2103-website-base/book/testing/testingTypes/integrationTesting/index.md
2026-04-19T04:20:54.174Z - [36mverbose[39m: Rendering page: /Users/damithch/Repos/nus-cs2103/cs2103-website-base/book/testing/testingTypes/integrationTesting/what/index.md
2026-04-19T04:20:54.181Z - [36mverbose[39m: Rendering page: /Users/damithch/Repos/nus-cs2103/cs2103-website-base/book/testing/testingTypes/index.md
2026-04-19T04:20:54.200Z - [36mverbose[39m: Rendering page: /Users/damithch/Repos/nus-cs2103/cs2103-website-base/book/testing/testingTypes/integrationTesting/how/index.md
2026-04-19T04:20:54.280Z - [36mverbose[39m: Rendering page: /Users/damithch/Repos/nus-cs2103/cs2103-website-base/book/testing/testingTypes/exploratoryVsScriptedTesting/when/index.md
2026-04-19T04:20:54.286Z - [36mverbose[39m: Rendering page: /Users/damithch/Repos/nus-cs2103/cs2103-website-base/book/testing/testingTypes/exploratoryVsScriptedTesting/index.md
2026-04-19T04:20:54.292Z - [36mverbose[39m: Rendering page: /Users/damithch/Repos/nus-cs2103/cs2103-website-base/book/testing/testingTypes/exploratoryVsScriptedTesting/what/index.md
2026-04-19T04:20:54.330Z - [36mverbose[39m: Rendering page: /Users/damithch/Repos/nus-cs2103/cs2103-website-base/book/testing/testingTypes/dogfooding/what/index.md
2026-04-19T04:20:54.348Z - [36mverbose[39m: Rendering page: /Users/damithch/Repos/nus-cs2103/cs2103-website-base/book/testing/testingTypes/developerTesting/why/index.md
2026-04-19T04:20:54.354Z - [36mverbose[39m: Rendering page: /Users/damithch/Repos/nus-cs2103/cs2103-website-base/book/testing/testingTypes/dogfooding/index.md
2026-04-19T04:20:54.403Z - [36mverbose[39m: Rendering page: /Users/damithch/Repos/nus-cs2103/cs2103-website-base/book/testing/testingTypes/developerTesting/what/index.md
2026-04-19T04:20:54.408Z - [36mverbose[39m: Rendering page: /Users/damithch/Repos/nus-cs2103/cs2103-website-base/book/testing/testingTypes/developerTesting/index.md
2026-04-19T04:20:54.431Z - [36mverbose[39m: Rendering page: /Users/damithch/Repos/nus-cs2103/cs2103-website-base/book/testing/testingTypes/alphaBetaTesting/index.md
2026-04-19T04:20:54.458Z - [36mverbose[39m: Rendering page: /Users/damithch/Repos/nus-cs2103/cs2103-website-base/book/testing/testingTypes/alphaBetaTesting/what/index.md
2026-04-19T04:20:54.506Z - [36mverbose[39m: Rendering page: /Users/damithch/Repos/nus-cs2103/cs2103-website-base/book/testing/testingTypes/acceptanceTesting/index.md
2026-04-19T04:20:54.512Z - [36mverbose[39m: Rendering page: /Users/damithch/Repos/nus-cs2103/cs2103-website-base/book/testing/testingTypes/acceptanceTesting/what/index.md
2026-04-19T04:20:54.517Z - [36mverbose[39m: Rendering page: /Users/damithch/Repos/nus-cs2103/cs2103-website-base/book/testing/testingTypes/acceptanceTesting/acceptanceVsSystemTesting/index.md
2026-04-19T04:20:54.560Z - [36mverbose[39m: Rendering page: /Users/damithch/Repos/nus-cs2103/cs2103-website-base/book/testing/testCoverage/what/index.md
2026-04-19T04:20:54.583Z - [36mverbose[39m: Rendering page: /Users/damithch/Repos/nus-cs2103/cs2103-website-base/book/testing/testCoverage/index.md
2026-04-19T04:20:54.592Z - [36mverbose[39m: Rendering page: /Users/damithch/Repos/nus-cs2103/cs2103-website-base/book/testing/testCoverage/how/index.md
2026-04-19T04:20:54.624Z - [36mverbose[39m: Rendering page: /Users/damithch/Repos/nus-cs2103/cs2103-website-base/book/testing/testAutomation/what/index.md
2026-04-19T04:20:54.840Z - [36mverbose[39m: Rendering page: /Users/damithch/Repos/nus-cs2103/cs2103-website-base/book/testing/testAutomation/tools/index.md
2026-04-19T04:20:54.849Z - [36mverbose[39m: Rendering page: /Users/damithch/Repos/nus-cs2103/cs2103-website-base/book/testing/testAutomation/usingTestDrivers/index.md
2026-04-19T04:20:54.855Z - [36mverbose[39m: Rendering page: /Users/damithch/Repos/nus-cs2103/cs2103-website-base/book/testing/testAutomation/testingGuis/index.md
2026-04-19T04:20:54.923Z - [36mverbose[39m: Rendering page: /Users/damithch/Repos/nus-cs2103/cs2103-website-base/book/testing/testAutomation/testingTextUis/index.md
2026-04-19T04:20:54.949Z - [36mverbose[39m: Rendering page: /Users/damithch/Repos/nus-cs2103/cs2103-website-base/book/testing/testAutomation/index.md
2026-04-19T04:20:54.974Z - [36mverbose[39m: Rendering page: /Users/damithch/Repos/nus-cs2103/cs2103-website-base/book/testing/tdd/what/index.md
2026-04-19T04:20:54.982Z - [36mverbose[39m: Rendering page: /Users/damithch/Repos/nus-cs2103/cs2103-website-base/book/testing/tdd/index.md
2026-04-19T04:20:55.008Z - [36mverbose[39m: Rendering page: /Users/damithch/Repos/nus-cs2103/cs2103-website-base/book/testing/tdd/how/index.md
2026-04-19T04:20:55.025Z - [36mverbose[39m: Rendering page: /Users/damithch/Repos/nus-cs2103/cs2103-website-base/book/testing/introduction/what/index.md
2026-04-19T04:20:55.324Z - [36mverbose[39m: Rendering page: /Users/damithch/Repos/nus-cs2103/cs2103-website-base/book/testing/introduction/index.md
2026-04-19T04:20:55.359Z - [36mverbose[39m: Rendering page: /Users/damithch/Repos/nus-cs2103/cs2103-website-base/book/testing/introduction/testability/index.md
2026-04-19T04:20:55.366Z - [36mverbose[39m: Rendering page: /Users/damithch/Repos/nus-cs2103/cs2103-website-base/book/testing/index.md
2026-04-19T04:20:55.460Z - [36mverbose[39m: Rendering page: /Users/damithch/Repos/nus-cs2103/cs2103-website-base/book/testing/dependencyInjection/what/index.md
2026-04-19T04:20:55.555Z - [36mverbose[39m: Rendering page: /Users/damithch/Repos/nus-cs2103/cs2103-website-base/book/testing/dependencyInjection/index.md
2026-04-19T04:20:55.565Z - [36mverbose[39m: Rendering page: /Users/damithch/Repos/nus-cs2103/cs2103-website-base/book/testing/dependencyInjection/how/index.md
2026-04-19T04:20:55.574Z - [36mverbose[39m: Rendering page: /Users/damithch/Repos/nus-cs2103/cs2103-website-base/book/testCaseDesign/summary/recap/index.md
2026-04-19T04:20:55.611Z - [36mverbose[39m: Rendering page: /Users/damithch/Repos/nus-cs2103/cs2103-website-base/book/testCaseDesign/summary/index.md
2026-04-19T04:20:55.658Z - [36mverbose[39m: Rendering page: /Users/damithch/Repos/nus-cs2103/cs2103-website-base/book/testCaseDesign/summary/exercises/index.md
2026-04-19T04:20:55.700Z - [36mverbose[39m: Rendering page: /Users/damithch/Repos/nus-cs2103/cs2103-website-base/book/testCaseDesign/more/index.md
2026-04-19T04:20:55.706Z - [36mverbose[39m: Rendering page: /Users/damithch/Repos/nus-cs2103/cs2103-website-base/book/testCaseDesign/more/testingUseCases/index.md
2026-04-19T04:20:55.713Z - [36mverbose[39m: Rendering page: /Users/damithch/Repos/nus-cs2103/cs2103-website-base/book/testCaseDesign/introduction/what/index.md
2026-04-19T04:20:55.748Z - [36mverbose[39m: Rendering page: /Users/damithch/Repos/nus-cs2103/cs2103-website-base/book/testCaseDesign/introduction/positiveVsNegative/index.md
2026-04-19T04:20:55.949Z - [36mverbose[39m: Rendering page: /Users/damithch/Repos/nus-cs2103/cs2103-website-base/book/testCaseDesign/introduction/index.md
2026-04-19T04:20:55.958Z - [36mverbose[39m: Rendering page: /Users/damithch/Repos/nus-cs2103/cs2103-website-base/book/testCaseDesign/introduction/blackVsGlass/index.md
2026-04-19T04:20:55.976Z - [36mverbose[39m: Rendering page: /Users/damithch/Repos/nus-cs2103/cs2103-website-base/book/testCaseDesign/index.md
2026-04-19T04:20:56.003Z - [36mverbose[39m: Rendering page: /Users/damithch/Repos/nus-cs2103/cs2103-website-base/book/testCaseDesign/equivalencePartitions/what/index.md
2026-04-19T04:20:56.040Z - [36mverbose[39m: Rendering page: /Users/damithch/Repos/nus-cs2103/cs2103-website-base/book/testCaseDesign/equivalencePartitions/intermediate/index.md
2026-04-19T04:20:56.079Z - [36mverbose[39m: Rendering page: /Users/damithch/Repos/nus-cs2103/cs2103-website-base/book/testCaseDesign/equivalencePartitions/index.md
2026-04-19T04:20:56.114Z - [36mverbose[39m: Rendering page: /Users/damithch/Repos/nus-cs2103/cs2103-website-base/book/testCaseDesign/equivalencePartitions/basic/index.md
2026-04-19T04:20:56.120Z - [36mverbose[39m: Rendering page: /Users/damithch/Repos/nus-cs2103/cs2103-website-base/book/testCaseDesign/combiningTestInputs/why/index.md
2026-04-19T04:20:56.201Z - [36mverbose[39m: Rendering page: /Users/damithch/Repos/nus-cs2103/cs2103-website-base/book/testCaseDesign/combiningTestInputs/mix/index.md
2026-04-19T04:20:56.226Z - [36mverbose[39m: Rendering page: /Users/damithch/Repos/nus-cs2103/cs2103-website-base/book/testCaseDesign/combiningTestInputs/index.md
2026-04-19T04:20:56.274Z - [36mverbose[39m: Rendering page: /Users/damithch/Repos/nus-cs2103/cs2103-website-base/book/testCaseDesign/combiningTestInputs/heuristicValid/index.md
2026-04-19T04:20:56.281Z - [36mverbose[39m: Rendering page: /Users/damithch/Repos/nus-cs2103/cs2103-website-base/book/testCaseDesign/combiningTestInputs/heuristicInvalid/index.md
2026-04-19T04:20:56.318Z - [36mverbose[39m: Rendering page: /Users/damithch/Repos/nus-cs2103/cs2103-website-base/book/testCaseDesign/combiningTestInputs/combinationStrategies/index.md
2026-04-19T04:20:56.353Z - [36mverbose[39m: Rendering page: /Users/damithch/Repos/nus-cs2103/cs2103-website-base/book/testCaseDesign/boundaryValueAnalysis/what/index.md
2026-04-19T04:20:56.358Z - [36mverbose[39m: Rendering page: /Users/damithch/Repos/nus-cs2103/cs2103-website-base/book/testCaseDesign/boundaryValueAnalysis/index.md
2026-04-19T04:20:56.365Z - [36mverbose[39m: Rendering page: /Users/damithch/Repos/nus-cs2103/cs2103-website-base/book/testCaseDesign/boundaryValueAnalysis/how/index.md
2026-04-19T04:20:56.370Z - [36mverbose[39m: Rendering page: /Users/damithch/Repos/nus-cs2103/cs2103-website-base/book/teamwork/teamStructures/index.md
2026-04-19T04:20:56.419Z - [36mverbose[39m: Rendering page: /Users/damithch/Repos/nus-cs2103/cs2103-website-base/book/teamwork/index.md
2026-04-19T04:20:56.514Z - [36mverbose[39m: Rendering page: /Users/damithch/Repos/nus-cs2103/cs2103-website-base/book/specifyingRequirements/userStories/usage/index.md
2026-04-19T04:20:56.540Z - [36mverbose[39m: Rendering page: /Users/damithch/Repos/nus-cs2103/cs2103-website-base/book/specifyingRequirements/userStories/introduction/index.md
2026-04-19T04:20:56.562Z - [36mverbose[39m: Rendering page: /Users/damithch/Repos/nus-cs2103/cs2103-website-base/book/specifyingRequirements/userStories/index.md
2026-04-19T04:20:56.658Z - [36mverbose[39m: Rendering page: /Users/damithch/Repos/nus-cs2103/cs2103-website-base/book/specifyingRequirements/userStories/details/index.md
2026-04-19T04:20:56.664Z - [36mverbose[39m: Rendering page: /Users/damithch/Repos/nus-cs2103/cs2103-website-base/book/specifyingRequirements/useCases/usage/index.md
2026-04-19T04:20:56.672Z - [36mverbose[39m: Rendering page: /Users/damithch/Repos/nus-cs2103/cs2103-website-base/book/specifyingRequirements/useCases/introduction/index.md
2026-04-19T04:20:56.725Z - [36mverbose[39m: Rendering page: /Users/damithch/Repos/nus-cs2103/cs2103-website-base/book/specifyingRequirements/useCases/index.md
2026-04-19T04:20:56.770Z - [36mverbose[39m: Rendering page: /Users/damithch/Repos/nus-cs2103/cs2103-website-base/book/specifyingRequirements/useCases/identifying/index.md
2026-04-19T04:20:56.775Z - [36mverbose[39m: Rendering page: /Users/damithch/Repos/nus-cs2103/cs2103-website-base/book/specifyingRequirements/useCases/details/index.md
2026-04-19T04:20:56.808Z - [36mverbose[39m: Rendering page: /Users/damithch/Repos/nus-cs2103/cs2103-website-base/book/specifyingRequirements/supplementaryRequirements/index.md
2026-04-19T04:20:56.813Z - [36mverbose[39m: Rendering page: /Users/damithch/Repos/nus-cs2103/cs2103-website-base/book/specifyingRequirements/supplementaryRequirements/what/index.md
2026-04-19T04:20:56.818Z - [36mverbose[39m: Rendering page: /Users/damithch/Repos/nus-cs2103/cs2103-website-base/book/specifyingRequirements/prose/index.md
2026-04-19T04:20:56.977Z - [36mverbose[39m: Rendering page: /Users/damithch/Repos/nus-cs2103/cs2103-website-base/book/specifyingRequirements/prose/what/index.md
2026-04-19T04:20:57.001Z - [36mverbose[39m: Rendering page: /Users/damithch/Repos/nus-cs2103/cs2103-website-base/book/specifyingRequirements/index.md
2026-04-19T04:20:57.056Z - [36mverbose[39m: Rendering page: /Users/damithch/Repos/nus-cs2103/cs2103-website-base/book/specifyingRequirements/glossary/index.md
2026-04-19T04:20:57.062Z - [36mverbose[39m: Rendering page: /Users/damithch/Repos/nus-cs2103/cs2103-website-base/book/specifyingRequirements/glossary/what/index.md
2026-04-19T04:20:57.152Z - [36mverbose[39m: Rendering page: /Users/damithch/Repos/nus-cs2103/cs2103-website-base/book/specifyingRequirements/featureList/what/index.md
2026-04-19T04:20:57.157Z - [36mverbose[39m: Rendering page: /Users/damithch/Repos/nus-cs2103/cs2103-website-base/book/specifyingRequirements/featureList/index.md
2026-04-19T04:20:57.206Z - [36mverbose[39m: Rendering page: /Users/damithch/Repos/nus-cs2103/cs2103-website-base/book/softwareEngineering/introduction/index.md
2026-04-19T04:20:57.212Z - [36mverbose[39m: Rendering page: /Users/damithch/Repos/nus-cs2103/cs2103-website-base/book/softwareEngineering/index.md
2026-04-19T04:20:57.219Z - [36mverbose[39m: Rendering page: /Users/damithch/Repos/nus-cs2103/cs2103-website-base/book/softwareEngineering/introduction/prosAndCons/index.md
2026-04-19T04:20:57.253Z - [36mverbose[39m: Rendering page: /Users/damithch/Repos/nus-cs2103/cs2103-website-base/book/reuse/platforms/what/index.md
2026-04-19T04:20:57.272Z - [36mverbose[39m: Rendering page: /Users/damithch/Repos/nus-cs2103/cs2103-website-base/book/reuse/platforms/index.md
2026-04-19T04:20:57.301Z - [36mverbose[39m: Rendering page: /Users/damithch/Repos/nus-cs2103/cs2103-website-base/book/reuse/libraries/what/index.md
2026-04-19T04:20:57.307Z - [36mverbose[39m: Rendering page: /Users/damithch/Repos/nus-cs2103/cs2103-website-base/book/reuse/libraries/index.md
2026-04-19T04:20:57.340Z - [36mverbose[39m: Rendering page: /Users/damithch/Repos/nus-cs2103/cs2103-website-base/book/reuse/introduction/when/index.md
2026-04-19T04:20:57.347Z - [36mverbose[39m: Rendering page: /Users/damithch/Repos/nus-cs2103/cs2103-website-base/book/reuse/libraries/how/index.md
2026-04-19T04:20:57.352Z - [36mverbose[39m: Rendering page: /Users/damithch/Repos/nus-cs2103/cs2103-website-base/book/reuse/introduction/index.md
2026-04-19T04:20:57.418Z - [36mverbose[39m: Rendering page: /Users/damithch/Repos/nus-cs2103/cs2103-website-base/book/reuse/introduction/what/index.md
2026-04-19T04:20:57.454Z - [36mverbose[39m: Rendering page: /Users/damithch/Repos/nus-cs2103/cs2103-website-base/book/reuse/index.md
2026-04-19T04:20:57.480Z - [36mverbose[39m: Rendering page: /Users/damithch/Repos/nus-cs2103/cs2103-website-base/book/reuse/frameworks/what/index.md
2026-04-19T04:20:57.485Z - [36mverbose[39m: Rendering page: /Users/damithch/Repos/nus-cs2103/cs2103-website-base/book/reuse/frameworks/index.md
2026-04-19T04:20:57.501Z - [36mverbose[39m: Rendering page: /Users/damithch/Repos/nus-cs2103/cs2103-website-base/book/reuse/frameworks/frameworksVsLibraries/index.md
2026-04-19T04:20:57.536Z - [36mverbose[39m: Rendering page: /Users/damithch/Repos/nus-cs2103/cs2103-website-base/book/reuse/cloudComputing/what/index.md
2026-04-19T04:20:57.541Z - [36mverbose[39m: Rendering page: /Users/damithch/Repos/nus-cs2103/cs2103-website-base/book/reuse/cloudComputing/services/index.md
2026-04-19T04:20:57.562Z - [36mverbose[39m: Rendering page: /Users/damithch/Repos/nus-cs2103/cs2103-website-base/book/reuse/cloudComputing/index.md
2026-04-19T04:20:57.599Z - [36mverbose[39m: Rendering page: /Users/damithch/Repos/nus-cs2103/cs2103-website-base/book/reuse/apis/what/index.md
2026-04-19T04:20:57.616Z - [36mverbose[39m: Rendering page: /Users/damithch/Repos/nus-cs2103/cs2103-website-base/book/reuse/apis/index.md
2026-04-19T04:20:57.622Z - [36mverbose[39m: Rendering page: /Users/damithch/Repos/nus-cs2103/cs2103-website-base/book/reuse/apis/designingAPIs/index.md
2026-04-19T04:20:57.640Z - [36mverbose[39m: Rendering page: /Users/damithch/Repos/nus-cs2103/cs2103-website-base/book/requirements/quality/index.md
2026-04-19T04:20:57.707Z - [36mverbose[39m: Rendering page: /Users/damithch/Repos/nus-cs2103/cs2103-website-base/book/requirements/prioritizing/index.md
2026-04-19T04:20:57.714Z - [36mverbose[39m: Rendering page: /Users/damithch/Repos/nus-cs2103/cs2103-website-base/book/requirements/nonFunctionalRequirements/index.md
2026-04-19T04:20:57.719Z - [36mverbose[39m: Rendering page: /Users/damithch/Repos/nus-cs2103/cs2103-website-base/book/requirements/introduction/index.md
2026-04-19T04:20:57.724Z - [36mverbose[39m: Rendering page: /Users/damithch/Repos/nus-cs2103/cs2103-website-base/book/requirements/index.md
2026-04-19T04:20:57.832Z - [36mverbose[39m: Rendering page: /Users/damithch/Repos/nus-cs2103/cs2103-website-base/book/refactoring/when/index.md
2026-04-19T04:20:57.839Z - [36mverbose[39m: Rendering page: /Users/damithch/Repos/nus-cs2103/cs2103-website-base/book/refactoring/index.md
2026-04-19T04:20:57.847Z - [36mverbose[39m: Rendering page: /Users/damithch/Repos/nus-cs2103/cs2103-website-base/book/refactoring/what/index.md
2026-04-19T04:20:57.854Z - [36mverbose[39m: Rendering page: /Users/damithch/Repos/nus-cs2103/cs2103-website-base/book/refactoring/how/index.md
2026-04-19T04:20:57.929Z - [36mverbose[39m: Rendering page: /Users/damithch/Repos/nus-cs2103/cs2103-website-base/book/qualityAssurance/staticAnalysis/index.md
2026-04-19T04:20:57.935Z - [36mverbose[39m: Rendering page: /Users/damithch/Repos/nus-cs2103/cs2103-website-base/book/qualityAssurance/staticAnalysis/what/index.md
2026-04-19T04:20:57.940Z - [36mverbose[39m: Rendering page: /Users/damithch/Repos/nus-cs2103/cs2103-website-base/book/qualityAssurance/introduction/what/index.md
2026-04-19T04:20:57.944Z - [36mverbose[39m: Rendering page: /Users/damithch/Repos/nus-cs2103/cs2103-website-base/book/qualityAssurance/introduction/validationVsVerification/index.md
2026-04-19T04:20:58.033Z - [36mverbose[39m: Rendering page: /Users/damithch/Repos/nus-cs2103/cs2103-website-base/book/qualityAssurance/introduction/index.md
2026-04-19T04:20:58.039Z - [36mverbose[39m: Rendering page: /Users/damithch/Repos/nus-cs2103/cs2103-website-base/book/qualityAssurance/index.md
2026-04-19T04:20:58.047Z - [36mverbose[39m: Rendering page: /Users/damithch/Repos/nus-cs2103/cs2103-website-base/book/qualityAssurance/formalVerification/index.md
2026-04-19T04:20:58.084Z - [36mverbose[39m: Rendering page: /Users/damithch/Repos/nus-cs2103/cs2103-website-base/book/qualityAssurance/formalVerification/what/index.md
2026-04-19T04:20:58.108Z - [36mverbose[39m: Rendering page: /Users/damithch/Repos/nus-cs2103/cs2103-website-base/book/qualityAssurance/codeReviews/index.md
2026-04-19T04:20:58.125Z - [36mverbose[39m: Rendering page: /Users/damithch/Repos/nus-cs2103/cs2103-website-base/book/qualityAssurance/codeReviews/what/index.md
2026-04-19T04:20:58.141Z - [36mverbose[39m: Rendering page: /Users/damithch/Repos/nus-cs2103/cs2103-website-base/book/projectPlanning/workBreakdownStructure/index.md
2026-04-19T04:20:58.146Z - [36mverbose[39m: Rendering page: /Users/damithch/Repos/nus-cs2103/cs2103-website-base/book/projectPlanning/pertCharts/index.md
2026-04-19T04:20:58.204Z - [36mverbose[39m: Rendering page: /Users/damithch/Repos/nus-cs2103/cs2103-website-base/book/projectPlanning/milestones/index.md
2026-04-19T04:20:58.209Z - [36mverbose[39m: Rendering page: /Users/damithch/Repos/nus-cs2103/cs2103-website-base/book/projectPlanning/issueTrackers/index.md
2026-04-19T04:20:58.215Z - [36mverbose[39m: Rendering page: /Users/damithch/Repos/nus-cs2103/cs2103-website-base/book/projectPlanning/ganttCharts/index.md
2026-04-19T04:20:58.219Z - [36mverbose[39m: Rendering page: /Users/damithch/Repos/nus-cs2103/cs2103-website-base/book/projectPlanning/index.md
2026-04-19T04:20:58.421Z - [36mverbose[39m: Rendering page: /Users/damithch/Repos/nus-cs2103/cs2103-website-base/book/projectPlanning/buffers/index.md
2026-04-19T04:20:58.427Z - [36mverbose[39m: Rendering page: /Users/damithch/Repos/nus-cs2103/cs2103-website-base/book/processModels/summary/index.md
2026-04-19T04:20:58.433Z - [36mverbose[39m: Rendering page: /Users/damithch/Repos/nus-cs2103/cs2103-website-base/book/projectDuke/index.md
2026-04-19T04:20:58.464Z - [36mverbose[39m: Rendering page: /Users/damithch/Repos/nus-cs2103/cs2103-website-base/book/processModels/summary/recap/index.md
2026-04-19T04:20:58.491Z - [36mverbose[39m: Rendering page: /Users/damithch/Repos/nus-cs2103/cs2103-website-base/book/processModels/more/index.md
2026-04-19T04:20:58.509Z - [36mverbose[39m: Rendering page: /Users/damithch/Repos/nus-cs2103/cs2103-website-base/book/processModels/more/cmmi/index.md
2026-04-19T04:20:58.514Z - [36mverbose[39m: Rendering page: /Users/damithch/Repos/nus-cs2103/cs2103-website-base/book/processModels/introduction/what/index.md
2026-04-19T04:20:58.530Z - [36mverbose[39m: Rendering page: /Users/damithch/Repos/nus-cs2103/cs2103-website-base/book/processModels/introduction/sequentialModels/index.md
2026-04-19T04:20:58.570Z - [36mverbose[39m: Rendering page: /Users/damithch/Repos/nus-cs2103/cs2103-website-base/book/processModels/introduction/iterativeModels/index.md
2026-04-19T04:20:58.636Z - [36mverbose[39m: Rendering page: /Users/damithch/Repos/nus-cs2103/cs2103-website-base/book/processModels/introduction/index.md
2026-04-19T04:20:58.653Z - [36mverbose[39m: Rendering page: /Users/damithch/Repos/nus-cs2103/cs2103-website-base/book/processModels/introduction/agileModels/index.md
2026-04-19T04:20:58.660Z - [36mverbose[39m: Rendering page: /Users/damithch/Repos/nus-cs2103/cs2103-website-base/book/processModels/index.md
2026-04-19T04:20:58.683Z - [36mverbose[39m: Rendering page: /Users/damithch/Repos/nus-cs2103/cs2103-website-base/book/processModels/exampleProcessModels/xp/index.md
2026-04-19T04:20:58.727Z - [36mverbose[39m: Rendering page: /Users/damithch/Repos/nus-cs2103/cs2103-website-base/book/processModels/exampleProcessModels/unifiedProcess/index.md
2026-04-19T04:20:58.745Z - [36mverbose[39m: Rendering page: /Users/damithch/Repos/nus-cs2103/cs2103-website-base/book/processModels/exampleProcessModels/scrum/index.md
2026-04-19T04:20:58.750Z - [36mverbose[39m: Rendering page: /Users/damithch/Repos/nus-cs2103/cs2103-website-base/book/processModels/exampleProcessModels/index.md
2026-04-19T04:20:58.816Z - [36mverbose[39m: Rendering page: /Users/damithch/Repos/nus-cs2103/cs2103-website-base/book/principles/yagniPrinciple/index.md
2026-04-19T04:20:58.859Z - [36mverbose[39m: Rendering page: /Users/damithch/Repos/nus-cs2103/cs2103-website-base/book/principles/solidPrinciples/index.md
2026-04-19T04:20:58.919Z - [36mverbose[39m: Rendering page: /Users/damithch/Repos/nus-cs2103/cs2103-website-base/book/principles/singleResponsibilityPrinciple/index.md
2026-04-19T04:20:58.924Z - [36mverbose[39m: Rendering page: /Users/damithch/Repos/nus-cs2103/cs2103-website-base/book/principles/separationOfConcernsPrinciple/index.md
2026-04-19T04:20:59.013Z - [36mverbose[39m: Rendering page: /Users/damithch/Repos/nus-cs2103/cs2103-website-base/book/principles/openClosedPrinciple/index.md
2026-04-19T04:20:59.019Z - [36mverbose[39m: Rendering page: /Users/damithch/Repos/nus-cs2103/cs2103-website-base/book/principles/review/index.md
2026-04-19T04:20:59.025Z - [36mverbose[39m: Rendering page: /Users/damithch/Repos/nus-cs2103/cs2103-website-base/book/principles/liskovSubstitutionPrinciple/index.md
2026-04-19T04:20:59.047Z - [36mverbose[39m: Rendering page: /Users/damithch/Repos/nus-cs2103/cs2103-website-base/book/principles/lawOfDemeter/index.md
2026-04-19T04:20:59.237Z - [36mverbose[39m: Rendering page: /Users/damithch/Repos/nus-cs2103/cs2103-website-base/book/principles/interfaceSegregationPrinciple/index.md
2026-04-19T04:20:59.258Z - [36mverbose[39m: Rendering page: /Users/damithch/Repos/nus-cs2103/cs2103-website-base/book/principles/index.md
2026-04-19T04:20:59.277Z - [36mverbose[39m: Rendering page: /Users/damithch/Repos/nus-cs2103/cs2103-website-base/book/principles/dryPrinciple/index.md
2026-04-19T04:20:59.298Z - [36mverbose[39m: Rendering page: /Users/damithch/Repos/nus-cs2103/cs2103-website-base/book/principles/dependencyInversionPrinciple/index.md
2026-04-19T04:20:59.350Z - [36mverbose[39m: Rendering page: /Users/damithch/Repos/nus-cs2103/cs2103-website-base/book/principles/brooksLaw/index.md
2026-04-19T04:20:59.356Z - [36mverbose[39m: Rendering page: /Users/damithch/Repos/nus-cs2103/cs2103-website-base/book/oop/polymorphism/index.md
2026-04-19T04:20:59.362Z - [36mverbose[39m: Rendering page: /Users/damithch/Repos/nus-cs2103/cs2103-website-base/book/oop/polymorphism/what/index.md
2026-04-19T04:20:59.391Z - [36mverbose[39m: Rendering page: /Users/damithch/Repos/nus-cs2103/cs2103-website-base/book/oop/polymorphism/how/index.md
2026-04-19T04:20:59.457Z - [36mverbose[39m: Rendering page: /Users/damithch/Repos/nus-cs2103/cs2103-website-base/book/oop/objects/what/index.md
2026-04-19T04:20:59.463Z - [36mverbose[39m: Rendering page: /Users/damithch/Repos/nus-cs2103/cs2103-website-base/book/oop/objects/index.md
2026-04-19T04:20:59.471Z - [36mverbose[39m: Rendering page: /Users/damithch/Repos/nus-cs2103/cs2103-website-base/book/oop/objects/encapsulation/index.md
2026-04-19T04:20:59.477Z - [36mverbose[39m: Rendering page: /Users/damithch/Repos/nus-cs2103/cs2103-website-base/book/oop/objects/abstraction/index.md
2026-04-19T04:20:59.543Z - [36mverbose[39m: Rendering page: /Users/damithch/Repos/nus-cs2103/cs2103-website-base/book/oop/more/review/index.md
2026-04-19T04:20:59.548Z - [36mverbose[39m: Rendering page: /Users/damithch/Repos/nus-cs2103/cs2103-website-base/book/oop/more/index.md
2026-04-19T04:20:59.553Z - [36mverbose[39m: Rendering page: /Users/damithch/Repos/nus-cs2103/cs2103-website-base/book/oop/more/miscellaneous/index.md
2026-04-19T04:20:59.577Z - [36mverbose[39m: Rendering page: /Users/damithch/Repos/nus-cs2103/cs2103-website-base/book/oop/introduction/what/index.md
2026-04-19T04:20:59.616Z - [36mverbose[39m: Rendering page: /Users/damithch/Repos/nus-cs2103/cs2103-website-base/book/oop/introduction/index.md
2026-04-19T04:20:59.643Z - [36mverbose[39m: Rendering page: /Users/damithch/Repos/nus-cs2103/cs2103-website-base/book/oop/inheritance/what/index.md
2026-04-19T04:20:59.664Z - [36mverbose[39m: Rendering page: /Users/damithch/Repos/nus-cs2103/cs2103-website-base/book/oop/inheritance/substitutability/index.md
2026-04-19T04:20:59.681Z - [36mverbose[39m: Rendering page: /Users/damithch/Repos/nus-cs2103/cs2103-website-base/book/oop/inheritance/overriding/index.md
2026-04-19T04:20:59.831Z - [36mverbose[39m: Rendering page: /Users/damithch/Repos/nus-cs2103/cs2103-website-base/book/oop/inheritance/overloading/index.md
2026-04-19T04:20:59.836Z - [36mverbose[39m: Rendering page: /Users/damithch/Repos/nus-cs2103/cs2103-website-base/book/oop/inheritance/interfaces/index.md
2026-04-19T04:20:59.844Z - [36mverbose[39m: Rendering page: /Users/damithch/Repos/nus-cs2103/cs2103-website-base/book/oop/inheritance/index.md
2026-04-19T04:21:00.107Z - [36mverbose[39m: Rendering page: /Users/damithch/Repos/nus-cs2103/cs2103-website-base/book/oop/inheritance/dynamicAndStaticBinding/index.md
2026-04-19T04:21:00.133Z - [36mverbose[39m: Rendering page: /Users/damithch/Repos/nus-cs2103/cs2103-website-base/book/oop/inheritance/abstractClasses/index.md
2026-04-19T04:21:00.138Z - [36mverbose[39m: Rendering page: /Users/damithch/Repos/nus-cs2103/cs2103-website-base/book/oop/index.md
2026-04-19T04:21:00.223Z - [36mverbose[39m: Rendering page: /Users/damithch/Repos/nus-cs2103/cs2103-website-base/book/oop/classes/what/index.md
2026-04-19T04:21:00.229Z - [36mverbose[39m: Rendering page: /Users/damithch/Repos/nus-cs2103/cs2103-website-base/book/oop/classes/index.md
2026-04-19T04:21:00.237Z - [36mverbose[39m: Rendering page: /Users/damithch/Repos/nus-cs2103/cs2103-website-base/book/oop/classes/enumerations/index.md
2026-04-19T04:21:00.272Z - [36mverbose[39m: Rendering page: /Users/damithch/Repos/nus-cs2103/cs2103-website-base/book/oop/classes/classLevelMembers/index.md
2026-04-19T04:21:00.297Z - [36mverbose[39m: Rendering page: /Users/damithch/Repos/nus-cs2103/cs2103-website-base/book/oop/associations/what/index.md
2026-04-19T04:21:00.302Z - [36mverbose[39m: Rendering page: /Users/damithch/Repos/nus-cs2103/cs2103-website-base/book/oop/associations/navigability/index.md
2026-04-19T04:21:00.371Z - [36mverbose[39m: Rendering page: /Users/damithch/Repos/nus-cs2103/cs2103-website-base/book/oop/associations/multiplicity/index.md
2026-04-19T04:21:00.408Z - [36mverbose[39m: Rendering page: /Users/damithch/Repos/nus-cs2103/cs2103-website-base/book/oop/associations/index.md
2026-04-19T04:21:00.436Z - [36mverbose[39m: Rendering page: /Users/damithch/Repos/nus-cs2103/cs2103-website-base/book/oop/associations/dependencies/index.md
2026-04-19T04:21:00.456Z - [36mverbose[39m: Rendering page: /Users/damithch/Repos/nus-cs2103/cs2103-website-base/book/oop/associations/composition/index.md
2026-04-19T04:21:00.463Z - [36mverbose[39m: Rendering page: /Users/damithch/Repos/nus-cs2103/cs2103-website-base/book/oop/associations/associationClasses/index.md
2026-04-19T04:21:00.479Z - [36mverbose[39m: Rendering page: /Users/damithch/Repos/nus-cs2103/cs2103-website-base/book/oop/associations/aggregation/index.md
2026-04-19T04:21:00.513Z - [36mverbose[39m: Rendering page: /Users/damithch/Repos/nus-cs2103/cs2103-website-base/book/modeling/modelingStructures/packageDiagrams/index.md
2026-04-19T04:21:00.539Z - [36mverbose[39m: Rendering page: /Users/damithch/Repos/nus-cs2103/cs2103-website-base/book/modeling/modelingStructures/ooStructures/index.md
2026-04-19T04:21:00.546Z - [36mverbose[39m: Rendering page: /Users/damithch/Repos/nus-cs2103/cs2103-website-base/book/modeling/modelingStructures/objectOrientedDomainModels/index.md
2026-04-19T04:21:01.793Z - [34mdebug[39m: 
2026-04-19T04:21:01.837Z - [36mverbose[39m: Rendering page: /Users/damithch/Repos/nus-cs2103/cs2103-website-base/book/modeling/modelingStructures/objectDiagrams/index.md
2026-04-19T04:21:01.863Z - [36mverbose[39m: Rendering page: /Users/damithch/Repos/nus-cs2103/cs2103-website-base/book/modeling/modelingStructures/index.md
2026-04-19T04:21:01.884Z - [36mverbose[39m: Rendering page: /Users/damithch/Repos/nus-cs2103/cs2103-website-base/book/modeling/modelingStructures/deploymentDiagrams/index.md
2026-04-19T04:21:01.889Z - [36mverbose[39m: Rendering page: /Users/damithch/Repos/nus-cs2103/cs2103-website-base/book/modeling/modelingStructures/customisingUml/index.md
2026-04-19T04:21:01.993Z - [36mverbose[39m: Rendering page: /Users/damithch/Repos/nus-cs2103/cs2103-website-base/book/modeling/modelingStructures/compositeStructureDiagrams/index.md
2026-04-19T04:21:02.000Z - [36mverbose[39m: Rendering page: /Users/damithch/Repos/nus-cs2103/cs2103-website-base/book/modeling/modelingStructures/componentDiagrams/index.md
2026-04-19T04:21:02.024Z - [36mverbose[39m: Rendering page: /Users/damithch/Repos/nus-cs2103/cs2103-website-base/book/modeling/modelingStructures/classDiagramsBasic/index.md
2026-04-19T04:21:02.033Z - [36mverbose[39m: Rendering page: /Users/damithch/Repos/nus-cs2103/cs2103-website-base/book/modeling/modelingStructures/classDiagramsIntermediate/index.md
2026-04-19T04:21:02.063Z - [36mverbose[39m: Rendering page: /Users/damithch/Repos/nus-cs2103/cs2103-website-base/book/modeling/modelingStructures/classDiagramsAdvanced/index.md
2026-04-19T04:21:02.093Z - [36mverbose[39m: Rendering page: /Users/damithch/Repos/nus-cs2103/cs2103-website-base/book/modeling/modelingBehaviors/timingDiagrams/index.md
2026-04-19T04:21:02.098Z - [36mverbose[39m: Rendering page: /Users/damithch/Repos/nus-cs2103/cs2103-website-base/book/modeling/modelingStructures/addingMoreInfo/index.md
2026-04-19T04:21:02.102Z - [36mverbose[39m: Rendering page: /Users/damithch/Repos/nus-cs2103/cs2103-website-base/book/modeling/modelingBehaviors/useCaseDiagrams/index.md
2026-04-19T04:21:02.166Z - [36mverbose[39m: Rendering page: /Users/damithch/Repos/nus-cs2103/cs2103-website-base/book/modeling/modelingBehaviors/stateMachineDiagrams/index.md
2026-04-19T04:21:02.172Z - [36mverbose[39m: Rendering page: /Users/damithch/Repos/nus-cs2103/cs2103-website-base/book/modeling/modelingBehaviors/sequenceDiagramsBasic/index.md
2026-04-19T04:21:02.178Z - [36mverbose[39m: Rendering page: /Users/damithch/Repos/nus-cs2103/cs2103-website-base/book/modeling/modelingBehaviors/sequenceDiagramsIntermediate/index.md
2026-04-19T04:21:02.197Z - [36mverbose[39m: Rendering page: /Users/damithch/Repos/nus-cs2103/cs2103-website-base/book/modeling/modelingBehaviors/sequenceDiagramsAdvanced/index.md
2026-04-19T04:21:02.277Z - [36mverbose[39m: Rendering page: /Users/damithch/Repos/nus-cs2103/cs2103-website-base/book/modeling/modelingBehaviors/interactionOverviewDiagrams/index.md
2026-04-19T04:21:02.304Z - [36mverbose[39m: Rendering page: /Users/damithch/Repos/nus-cs2103/cs2103-website-base/book/modeling/modelingBehaviors/communicationDiagrams/index.md
2026-04-19T04:21:02.333Z - [36mverbose[39m: Rendering page: /Users/damithch/Repos/nus-cs2103/cs2103-website-base/book/modeling/modelingBehaviors/index.md
2026-04-19T04:21:02.348Z - [36mverbose[39m: Rendering page: /Users/damithch/Repos/nus-cs2103/cs2103-website-base/book/modeling/modelingBehaviors/activityDiagramsIntermediate/index.md
2026-04-19T04:21:02.385Z - [36mverbose[39m: Rendering page: /Users/damithch/Repos/nus-cs2103/cs2103-website-base/book/modeling/modelingBehaviors/activityDiagrams/index.md
2026-04-19T04:21:02.424Z - [36mverbose[39m: Rendering page: /Users/damithch/Repos/nus-cs2103/cs2103-website-base/book/modeling/modelingASolution/introduction/index.md
2026-04-19T04:21:02.443Z - [36mverbose[39m: Rendering page: /Users/damithch/Repos/nus-cs2103/cs2103-website-base/book/modeling/modelingASolution/intermediate/index.md
2026-04-19T04:21:02.481Z - [36mverbose[39m: Rendering page: /Users/damithch/Repos/nus-cs2103/cs2103-website-base/book/modeling/modelingASolution/basic/index.md
2026-04-19T04:21:02.486Z - [36mverbose[39m: Rendering page: /Users/damithch/Repos/nus-cs2103/cs2103-website-base/book/modeling/modelingASolution/index.md
2026-04-19T04:21:02.531Z - [36mverbose[39m: Rendering page: /Users/damithch/Repos/nus-cs2103/cs2103-website-base/book/modeling/introduction/umlModels/index.md
2026-04-19T04:21:02.555Z - [36mverbose[39m: Rendering page: /Users/damithch/Repos/nus-cs2103/cs2103-website-base/book/modeling/introduction/what/index.md
2026-04-19T04:21:02.826Z - [36mverbose[39m: Rendering page: /Users/damithch/Repos/nus-cs2103/cs2103-website-base/book/modeling/introduction/index.md
2026-04-19T04:21:02.836Z - [36mverbose[39m: Rendering page: /Users/damithch/Repos/nus-cs2103/cs2103-website-base/book/modeling/introduction/how/index.md
2026-04-19T04:21:02.864Z - [36mverbose[39m: Rendering page: /Users/damithch/Repos/nus-cs2103/cs2103-website-base/book/modeling/index.md
2026-04-19T04:21:02.924Z - [36mverbose[39m: Rendering page: /Users/damithch/Repos/nus-cs2103/cs2103-website-base/book/intellij/refactoring/index.md
2026-04-19T04:21:02.950Z - [36mverbose[39m: Rendering page: /Users/damithch/Repos/nus-cs2103/cs2103-website-base/book/intellij/projectSetup/index.md
2026-04-19T04:21:02.956Z - [36mverbose[39m: Rendering page: /Users/damithch/Repos/nus-cs2103/cs2103-website-base/book/intellij/productivityShortcuts/index.md
2026-04-19T04:21:02.971Z - [36mverbose[39m: Rendering page: /Users/damithch/Repos/nus-cs2103/cs2103-website-base/book/intellij/index.md
2026-04-19T04:21:03.012Z - [36mverbose[39m: Rendering page: /Users/damithch/Repos/nus-cs2103/cs2103-website-base/book/intellij/debuggingBasic/index.md
2026-04-19T04:21:03.017Z - [36mverbose[39m: Rendering page: /Users/damithch/Repos/nus-cs2103/cs2103-website-base/book/intellij/codeNavigation/index.md
2026-04-19T04:21:03.068Z - [36mverbose[39m: Rendering page: /Users/damithch/Repos/nus-cs2103/cs2103-website-base/book/integration/more/index.md
2026-04-19T04:21:03.073Z - [36mverbose[39m: Rendering page: /Users/damithch/Repos/nus-cs2103/cs2103-website-base/book/integration/introduction/index.md
2026-04-19T04:21:03.077Z - [36mverbose[39m: Rendering page: /Users/damithch/Repos/nus-cs2103/cs2103-website-base/book/integration/more/review/index.md
2026-04-19T04:21:03.083Z - [36mverbose[39m: Rendering page: /Users/damithch/Repos/nus-cs2103/cs2103-website-base/book/integration/introduction/what/index.md
2026-04-19T04:21:03.184Z - [36mverbose[39m: Rendering page: /Users/damithch/Repos/nus-cs2103/cs2103-website-base/book/integration/index.md
2026-04-19T04:21:03.195Z - [36mverbose[39m: Rendering page: /Users/damithch/Repos/nus-cs2103/cs2103-website-base/book/integration/buildAutomation/index.md
2026-04-19T04:21:03.200Z - [36mverbose[39m: Rendering page: /Users/damithch/Repos/nus-cs2103/cs2103-website-base/book/integration/buildAutomation/what/index.md
2026-04-19T04:21:03.225Z - [36mverbose[39m: Rendering page: /Users/damithch/Repos/nus-cs2103/cs2103-website-base/book/integration/buildAutomation/continuousIntegrationDeployment/index.md
2026-04-19T04:21:03.268Z - [36mverbose[39m: Rendering page: /Users/damithch/Repos/nus-cs2103/cs2103-website-base/book/integration/approaches/topDownVsBottomUp/index.md
2026-04-19T04:21:03.287Z - [36mverbose[39m: Rendering page: /Users/damithch/Repos/nus-cs2103/cs2103-website-base/book/integration/approaches/lateVsEarly/index.md
2026-04-19T04:21:03.292Z - [36mverbose[39m: Rendering page: /Users/damithch/Repos/nus-cs2103/cs2103-website-base/book/integration/approaches/index.md
2026-04-19T04:21:03.299Z - [36mverbose[39m: Rendering page: /Users/damithch/Repos/nus-cs2103/cs2103-website-base/book/integration/approaches/bigBangVsIncremental/index.md
2026-04-19T04:21:03.371Z - [36mverbose[39m: Rendering page: /Users/damithch/Repos/nus-cs2103/cs2103-website-base/book/index.md
2026-04-19T04:21:03.377Z - [36mverbose[39m: Rendering page: /Users/damithch/Repos/nus-cs2103/cs2103-website-base/book/ides/index.md
2026-04-19T04:21:03.384Z - [36mverbose[39m: Rendering page: /Users/damithch/Repos/nus-cs2103/cs2103-website-base/book/ides/introduction/index.md
2026-04-19T04:21:03.401Z - [36mverbose[39m: Rendering page: /Users/damithch/Repos/nus-cs2103/cs2103-website-base/book/ides/introduction/what/index.md
2026-04-19T04:21:03.447Z - [36mverbose[39m: Rendering page: /Users/damithch/Repos/nus-cs2103/cs2103-website-base/book/ides/debugging/index.md
2026-04-19T04:21:03.455Z - [36mverbose[39m: Rendering page: /Users/damithch/Repos/nus-cs2103/cs2103-website-base/book/ides/debugging/what/index.md
2026-04-19T04:21:03.459Z - [36mverbose[39m: Rendering page: /Users/damithch/Repos/nus-cs2103/cs2103-website-base/book/gitAndGithub/trail/workingWithRemotes/index.md
2026-04-19T04:21:03.463Z - [36mverbose[39m: Rendering page: /Users/damithch/Repos/nus-cs2103/cs2103-website-base/book/gitAndGithub/trail/usingRevisionHistory/index.md
2026-04-19T04:21:03.654Z - [36mverbose[39m: Rendering page: /Users/damithch/Repos/nus-cs2103/cs2103-website-base/book/gitAndGithub/trail/syncingBranches/index.md
2026-04-19T04:21:03.658Z - [36mverbose[39m: Rendering page: /Users/damithch/Repos/nus-cs2103/cs2103-website-base/book/gitAndGithub/trail/remoteBranches/index.md
2026-04-19T04:21:03.662Z - [36mverbose[39m: Rendering page: /Users/damithch/Repos/nus-cs2103/cs2103-website-base/book/gitAndGithub/trail/index.md
2026-04-19T04:21:03.671Z - [36mverbose[39m: Rendering page: /Users/damithch/Repos/nus-cs2103/cs2103-website-base/book/gitAndGithub/trail/recordingFolderHistory/index.md
2026-04-19T04:21:03.721Z - [36mverbose[39m: Rendering page: /Users/damithch/Repos/nus-cs2103/cs2103-website-base/book/gitAndGithub/trail/fineTuningHistory/index.md
2026-04-19T04:21:03.726Z - [36mverbose[39m: Rendering page: /Users/damithch/Repos/nus-cs2103/cs2103-website-base/book/gitAndGithub/trail/branchingLocally/index.md
2026-04-19T04:21:03.730Z - [36mverbose[39m: Rendering page: /Users/damithch/Repos/nus-cs2103/cs2103-website-base/book/gitAndGithub/trail/backingUpOnCloud/index.md
2026-04-19T04:21:03.734Z - [36mverbose[39m: Rendering page: /Users/damithch/Repos/nus-cs2103/cs2103-website-base/book/gitAndGithub/template/index.md
2026-04-19T04:21:03.903Z - [36mverbose[39m: Rendering page: /Users/damithch/Repos/nus-cs2103/cs2103-website-base/book/gitAndGithub/tag/index.md
2026-04-19T04:21:03.913Z - [36mverbose[39m: Rendering page: /Users/damithch/Repos/nus-cs2103/cs2103-website-base/book/gitAndGithub/syncByRebase/index.md
2026-04-19T04:21:03.918Z - [36mverbose[39m: Rendering page: /Users/damithch/Repos/nus-cs2103/cs2103-website-base/book/gitAndGithub/syncByMerge/index.md
2026-04-19T04:21:03.922Z - [36mverbose[39m: Rendering page: /Users/damithch/Repos/nus-cs2103/cs2103-website-base/book/gitAndGithub/stage/index.md
2026-04-19T04:21:04.037Z - [36mverbose[39m: Rendering page: /Users/damithch/Repos/nus-cs2103/cs2103-website-base/book/gitAndGithub/show/index.md
2026-04-19T04:21:04.060Z - [36mverbose[39m: Rendering page: /Users/damithch/Repos/nus-cs2103/cs2103-website-base/book/gitAndGithub/setRemote/index.md
2026-04-19T04:21:04.069Z - [36mverbose[39m: Rendering page: /Users/damithch/Repos/nus-cs2103/cs2103-website-base/book/gitAndGithub/selectiveStage/index.md
2026-04-19T04:21:04.155Z - [36mverbose[39m: Rendering page: /Users/damithch/Repos/nus-cs2103/cs2103-website-base/book/gitAndGithub/reviewPRs/index.md
2026-04-19T04:21:04.200Z - [36mverbose[39m: Rendering page: /Users/damithch/Repos/nus-cs2103/cs2103-website-base/book/gitAndGithub/revert/index.md
2026-04-19T04:21:04.206Z - [36mverbose[39m: Rendering page: /Users/damithch/Repos/nus-cs2103/cs2103-website-base/book/gitAndGithub/reset/index.md
2026-04-19T04:21:04.220Z - [36mverbose[39m: Rendering page: /Users/damithch/Repos/nus-cs2103/cs2103-website-base/book/gitAndGithub/remoteRepos/index.md
2026-04-19T04:21:04.259Z - [36mverbose[39m: Rendering page: /Users/damithch/Repos/nus-cs2103/cs2103-website-base/book/gitAndGithub/remoteBranches/index.md
2026-04-19T04:21:04.289Z - [36mverbose[39m: Rendering page: /Users/damithch/Repos/nus-cs2103/cs2103-website-base/book/gitAndGithub/remoteBranchPush/index.md
2026-04-19T04:21:04.312Z - [36mverbose[39m: Rendering page: /Users/damithch/Repos/nus-cs2103/cs2103-website-base/book/gitAndGithub/remoteBranchRename/index.md
2026-04-19T04:21:04.318Z - [36mverbose[39m: Rendering page: /Users/damithch/Repos/nus-cs2103/cs2103-website-base/book/gitAndGithub/remoteBranchPull/index.md
2026-04-19T04:21:04.325Z - [36mverbose[39m: Rendering page: /Users/damithch/Repos/nus-cs2103/cs2103-website-base/book/gitAndGithub/remoteBranchDelete/index.md
2026-04-19T04:21:04.514Z - [36mverbose[39m: Rendering page: /Users/damithch/Repos/nus-cs2103/cs2103-website-base/book/gitAndGithub/push/index.md
2026-04-19T04:21:04.526Z - [36mverbose[39m: Rendering page: /Users/damithch/Repos/nus-cs2103/cs2103-website-base/book/gitAndGithub/pull/index.md
2026-04-19T04:21:04.539Z - [36mverbose[39m: Rendering page: /Users/damithch/Repos/nus-cs2103/cs2103-website-base/book/gitAndGithub/mergeConflicts/index.md
2026-04-19T04:21:04.556Z - [36mverbose[39m: Rendering page: /Users/damithch/Repos/nus-cs2103/cs2103-website-base/book/gitAndGithub/merge/index.md
2026-04-19T04:21:04.630Z - [36mverbose[39m: Rendering page: /Users/damithch/Repos/nus-cs2103/cs2103-website-base/book/gitAndGithub/managePRs/index.md
2026-04-19T04:21:04.665Z - [36mverbose[39m: Rendering page: /Users/damithch/Repos/nus-cs2103/cs2103-website-base/book/gitAndGithub/log/index.md
2026-04-19T04:21:04.713Z - [36mverbose[39m: Rendering page: /Users/damithch/Repos/nus-cs2103/cs2103-website-base/book/gitAndGithub/intro/index.md
2026-04-19T04:21:04.719Z - [36mverbose[39m: Rendering page: /Users/damithch/Repos/nus-cs2103/cs2103-website-base/book/gitAndGithub/interactiveRebase/index.md
2026-04-19T04:21:05.227Z - [36mverbose[39m: Rendering page: /Users/damithch/Repos/nus-cs2103/cs2103-website-base/book/gitAndGithub/init/index.md
2026-04-19T04:21:05.330Z - [36mverbose[39m: Rendering page: /Users/damithch/Repos/nus-cs2103/cs2103-website-base/book/gitAndGithub/ignore/index.md
2026-04-19T04:21:05.342Z - [36mverbose[39m: Rendering page: /Users/damithch/Repos/nus-cs2103/cs2103-website-base/book/gitAndGithub/index.md
2026-04-19T04:21:05.406Z - [36mverbose[39m: Rendering page: /Users/damithch/Repos/nus-cs2103/cs2103-website-base/book/gitAndGithub/githubPrep/index.md
2026-04-19T04:21:05.425Z - [36mverbose[39m: Rendering page: /Users/damithch/Repos/nus-cs2103/cs2103-website-base/book/gitAndGithub/gitPrep/index.md
2026-04-19T04:21:05.454Z - [36mverbose[39m: Rendering page: /Users/damithch/Repos/nus-cs2103/cs2103-website-base/book/gitAndGithub/forkingWorkflow/index.md
2026-04-19T04:21:05.472Z - [36mverbose[39m: Rendering page: /Users/damithch/Repos/nus-cs2103/cs2103-website-base/book/gitAndGithub/fork/index.md
2026-04-19T04:21:05.518Z - [36mverbose[39m: Rendering page: /Users/damithch/Repos/nus-cs2103/cs2103-website-base/book/gitAndGithub/featureBranchFlow/index.md
2026-04-19T04:21:05.540Z - [36mverbose[39m: Rendering page: /Users/damithch/Repos/nus-cs2103/cs2103-website-base/book/gitAndGithub/drcsVsCrcs/index.md
2026-04-19T04:21:05.545Z - [36mverbose[39m: Rendering page: /Users/damithch/Repos/nus-cs2103/cs2103-website-base/book/gitAndGithub/diff/index.md
2026-04-19T04:21:05.586Z - [36mverbose[39m: Rendering page: /Users/damithch/Repos/nus-cs2103/cs2103-website-base/book/gitAndGithub/createRemoteRepo/index.md
2026-04-19T04:21:05.648Z - [36mverbose[39m: Rendering page: /Users/damithch/Repos/nus-cs2103/cs2103-website-base/book/gitAndGithub/createPRs/index.md
2026-04-19T04:21:05.653Z - [36mverbose[39m: Rendering page: /Users/damithch/Repos/nus-cs2103/cs2103-website-base/book/gitAndGithub/commitMessage/index.md
2026-04-19T04:21:05.660Z - [36mverbose[39m: Rendering page: /Users/damithch/Repos/nus-cs2103/cs2103-website-base/book/gitAndGithub/commit/index.md
2026-04-19T04:21:05.683Z - [36mverbose[39m: Rendering page: /Users/damithch/Repos/nus-cs2103/cs2103-website-base/book/gitAndGithub/clone/index.md
2026-04-19T04:21:05.767Z - [36mverbose[39m: Rendering page: /Users/damithch/Repos/nus-cs2103/cs2103-website-base/book/gitAndGithub/cherryPick/index.md
2026-04-19T04:21:05.773Z - [36mverbose[39m: Rendering page: /Users/damithch/Repos/nus-cs2103/cs2103-website-base/book/gitAndGithub/checkout/index.md
2026-04-19T04:21:05.784Z - [36mverbose[39m: Rendering page: /Users/damithch/Repos/nus-cs2103/cs2103-website-base/book/gitAndGithub/centralizedFlow/index.md
2026-04-19T04:21:05.823Z - [36mverbose[39m: Rendering page: /Users/damithch/Repos/nus-cs2103/cs2103-website-base/book/gitAndGithub/branchRename/index.md
2026-04-19T04:21:05.884Z - [36mverbose[39m: Rendering page: /Users/damithch/Repos/nus-cs2103/cs2103-website-base/book/gitAndGithub/branchDelete/index.md
2026-04-19T04:21:05.908Z - [36mverbose[39m: Rendering page: /Users/damithch/Repos/nus-cs2103/cs2103-website-base/book/gitAndGithub/branch/index.md
2026-04-19T04:21:05.930Z - [36mverbose[39m: Rendering page: /Users/damithch/Repos/nus-cs2103/cs2103-website-base/book/gatheringRequirements/userSurveys/index.md
2026-04-19T04:21:05.934Z - [36mverbose[39m: Rendering page: /Users/damithch/Repos/nus-cs2103/cs2103-website-base/book/gatheringRequirements/prototyping/index.md
2026-04-19T04:21:05.951Z - [36mverbose[39m: Rendering page: /Users/damithch/Repos/nus-cs2103/cs2103-website-base/book/gatheringRequirements/productSurveys/index.md
2026-04-19T04:21:06.005Z - [36mverbose[39m: Rendering page: /Users/damithch/Repos/nus-cs2103/cs2103-website-base/book/gatheringRequirements/observation/index.md
2026-04-19T04:21:06.021Z - [36mverbose[39m: Rendering page: /Users/damithch/Repos/nus-cs2103/cs2103-website-base/book/gatheringRequirements/index.md
2026-04-19T04:21:06.030Z - [36mverbose[39m: Rendering page: /Users/damithch/Repos/nus-cs2103/cs2103-website-base/book/gatheringRequirements/interviews/index.md
2026-04-19T04:21:06.087Z - [36mverbose[39m: Rendering page: /Users/damithch/Repos/nus-cs2103/cs2103-website-base/book/gatheringRequirements/focusGroups/index.md
2026-04-19T04:21:06.092Z - [36mverbose[39m: Rendering page: /Users/damithch/Repos/nus-cs2103/cs2103-website-base/book/gatheringRequirements/brainstorming/index.md
2026-04-19T04:21:06.114Z - [36mverbose[39m: Rendering page: /Users/damithch/Repos/nus-cs2103/cs2103-website-base/book/errorHandling/logging/index.md
2026-04-19T04:21:06.121Z - [36mverbose[39m: Rendering page: /Users/damithch/Repos/nus-cs2103/cs2103-website-base/book/errorHandling/logging/what/index.md
2026-04-19T04:21:06.149Z - [36mverbose[39m: Rendering page: /Users/damithch/Repos/nus-cs2103/cs2103-website-base/book/errorHandling/logging/how/index.md
2026-04-19T04:21:06.341Z - [36mverbose[39m: Rendering page: /Users/damithch/Repos/nus-cs2103/cs2103-website-base/book/errorHandling/introduction/index.md
2026-04-19T04:21:06.346Z - [36mverbose[39m: Rendering page: /Users/damithch/Repos/nus-cs2103/cs2103-website-base/book/errorHandling/introduction/what/index.md
2026-04-19T04:21:06.351Z - [36mverbose[39m: Rendering page: /Users/damithch/Repos/nus-cs2103/cs2103-website-base/book/errorHandling/index.md
2026-04-19T04:21:06.373Z - [36mverbose[39m: Rendering page: /Users/damithch/Repos/nus-cs2103/cs2103-website-base/book/errorHandling/exceptions/when/index.md
2026-04-19T04:21:06.442Z - [36mverbose[39m: Rendering page: /Users/damithch/Repos/nus-cs2103/cs2103-website-base/book/errorHandling/exceptions/index.md
2026-04-19T04:21:06.448Z - [36mverbose[39m: Rendering page: /Users/damithch/Repos/nus-cs2103/cs2103-website-base/book/errorHandling/exceptions/what/index.md
2026-04-19T04:21:06.453Z - [36mverbose[39m: Rendering page: /Users/damithch/Repos/nus-cs2103/cs2103-website-base/book/errorHandling/exceptions/how/index.md
2026-04-19T04:21:06.487Z - [36mverbose[39m: Rendering page: /Users/damithch/Repos/nus-cs2103/cs2103-website-base/book/errorHandling/designByContract/what/index.md
2026-04-19T04:21:06.506Z - [36mverbose[39m: Rendering page: /Users/damithch/Repos/nus-cs2103/cs2103-website-base/book/errorHandling/designByContract/index.md
2026-04-19T04:21:06.560Z - [36mverbose[39m: Rendering page: /Users/damithch/Repos/nus-cs2103/cs2103-website-base/book/errorHandling/defensiveProgramming/when/index.md
2026-04-19T04:21:06.566Z - [36mverbose[39m: Rendering page: /Users/damithch/Repos/nus-cs2103/cs2103-website-base/book/errorHandling/defensiveProgramming/what/index.md
2026-04-19T04:21:06.672Z - [36mverbose[39m: Rendering page: /Users/damithch/Repos/nus-cs2103/cs2103-website-base/book/errorHandling/defensiveProgramming/referentialIntegrity/index.md
2026-04-19T04:21:06.730Z - [36mverbose[39m: Rendering page: /Users/damithch/Repos/nus-cs2103/cs2103-website-base/book/errorHandling/defensiveProgramming/index.md
2026-04-19T04:21:06.761Z - [36mverbose[39m: Rendering page: /Users/damithch/Repos/nus-cs2103/cs2103-website-base/book/errorHandling/defensiveProgramming/compulsoryAssociations/index.md
2026-04-19T04:21:06.768Z - [36mverbose[39m: Rendering page: /Users/damithch/Repos/nus-cs2103/cs2103-website-base/book/errorHandling/defensiveProgramming/1to1Associations/index.md
2026-04-19T04:21:06.815Z - [36mverbose[39m: Rendering page: /Users/damithch/Repos/nus-cs2103/cs2103-website-base/book/errorHandling/assertions/when/index.md
2026-04-19T04:21:06.836Z - [36mverbose[39m: Rendering page: /Users/damithch/Repos/nus-cs2103/cs2103-website-base/book/errorHandling/assertions/what/index.md
2026-04-19T04:21:06.841Z - [36mverbose[39m: Rendering page: /Users/damithch/Repos/nus-cs2103/cs2103-website-base/book/errorHandling/assertions/index.md
2026-04-19T04:21:06.860Z - [36mverbose[39m: Rendering page: /Users/damithch/Repos/nus-cs2103/cs2103-website-base/book/errorHandling/assertions/how/index.md
2026-04-19T04:21:06.890Z - [36mverbose[39m: Rendering page: /Users/damithch/Repos/nus-cs2103/cs2103-website-base/book/documentation/tools/markdown/what/index.md
2026-04-19T04:21:06.907Z - [36mverbose[39m: Rendering page: /Users/damithch/Repos/nus-cs2103/cs2103-website-base/book/documentation/tools/markdown/index.md
2026-04-19T04:21:06.914Z - [36mverbose[39m: Rendering page: /Users/damithch/Repos/nus-cs2103/cs2103-website-base/book/documentation/tools/markdown/how/index.md
2026-04-19T04:21:06.919Z - [36mverbose[39m: Rendering page: /Users/damithch/Repos/nus-cs2103/cs2103-website-base/book/documentation/tools/javaDoc/what/index.md
2026-04-19T04:21:07.004Z - [36mverbose[39m: Rendering page: /Users/damithch/Repos/nus-cs2103/cs2103-website-base/book/documentation/tools/javaDoc/index.md
2026-04-19T04:21:07.011Z - [36mverbose[39m: Rendering page: /Users/damithch/Repos/nus-cs2103/cs2103-website-base/book/documentation/tools/javaDoc/how/index.md
2026-04-19T04:21:07.015Z - [36mverbose[39m: Rendering page: /Users/damithch/Repos/nus-cs2103/cs2103-website-base/book/documentation/tools/index.md
2026-04-19T04:21:07.068Z - [36mverbose[39m: Rendering page: /Users/damithch/Repos/nus-cs2103/cs2103-website-base/book/documentation/tools/asciiDoc/what/index.md
2026-04-19T04:21:07.074Z - [36mverbose[39m: Rendering page: /Users/damithch/Repos/nus-cs2103/cs2103-website-base/book/documentation/tools/asciiDoc/index.md
2026-04-19T04:21:07.184Z - [36mverbose[39m: Rendering page: /Users/damithch/Repos/nus-cs2103/cs2103-website-base/book/documentation/introduction/index.md
2026-04-19T04:21:07.189Z - [36mverbose[39m: Rendering page: /Users/damithch/Repos/nus-cs2103/cs2103-website-base/book/documentation/introduction/what/index.md
2026-04-19T04:21:07.196Z - [36mverbose[39m: Rendering page: /Users/damithch/Repos/nus-cs2103/cs2103-website-base/book/documentation/index.md
2026-04-19T04:21:07.206Z - [36mverbose[39m: Rendering page: /Users/damithch/Repos/nus-cs2103/cs2103-website-base/book/documentation/guidelines/index.md
2026-04-19T04:21:07.270Z - [36mverbose[39m: Rendering page: /Users/damithch/Repos/nus-cs2103/cs2103-website-base/book/documentation/guidelines/goTopDown/index.md
2026-04-19T04:21:07.276Z - [36mverbose[39m: Rendering page: /Users/damithch/Repos/nus-cs2103/cs2103-website-base/book/documentation/guidelines/goTopDown/why/index.md
2026-04-19T04:21:07.283Z - [36mverbose[39m: Rendering page: /Users/damithch/Repos/nus-cs2103/cs2103-website-base/book/documentation/guidelines/goTopDown/what/index.md
2026-04-19T04:21:07.287Z - [36mverbose[39m: Rendering page: /Users/damithch/Repos/nus-cs2103/cs2103-website-base/book/documentation/guidelines/goTopDown/how/index.md
2026-04-19T04:21:07.342Z - [36mverbose[39m: Rendering page: /Users/damithch/Repos/nus-cs2103/cs2103-website-base/book/documentation/guidelines/documentMinimally/index.md
2026-04-19T04:21:07.347Z - [36mverbose[39m: Rendering page: /Users/damithch/Repos/nus-cs2103/cs2103-website-base/book/documentation/guidelines/documentMinimally/how/index.md
2026-04-19T04:21:07.352Z - [36mverbose[39m: Rendering page: /Users/damithch/Repos/nus-cs2103/cs2103-website-base/book/documentation/guidelines/documentMinimally/what/index.md
2026-04-19T04:21:07.389Z - [36mverbose[39m: Rendering page: /Users/damithch/Repos/nus-cs2103/cs2103-website-base/book/documentation/guidelines/aimForComprehensibility/what/index.md
2026-04-19T04:21:07.413Z - [36mverbose[39m: Rendering page: /Users/damithch/Repos/nus-cs2103/cs2103-website-base/book/documentation/guidelines/aimForComprehensibility/index.md
2026-04-19T04:21:07.444Z - [36mverbose[39m: Rendering page: /Users/damithch/Repos/nus-cs2103/cs2103-website-base/book/documentation/guidelines/aimForComprehensibility/how/index.md
2026-04-19T04:21:07.450Z - [36mverbose[39m: Rendering page: /Users/damithch/Repos/nus-cs2103/cs2103-website-base/book/designPatterns/singleton/what/index.md
2026-04-19T04:21:07.470Z - [36mverbose[39m: Rendering page: /Users/damithch/Repos/nus-cs2103/cs2103-website-base/book/designPatterns/singleton/index.md
2026-04-19T04:21:07.545Z - [36mverbose[39m: Rendering page: /Users/damithch/Repos/nus-cs2103/cs2103-website-base/book/designPatterns/singleton/implementation/index.md
2026-04-19T04:21:07.550Z - [36mverbose[39m: Rendering page: /Users/damithch/Repos/nus-cs2103/cs2103-website-base/book/designPatterns/singleton/evaluation/index.md
2026-04-19T04:21:07.555Z - [36mverbose[39m: Rendering page: /Users/damithch/Repos/nus-cs2103/cs2103-website-base/book/designPatterns/observer/what/index.md
2026-04-19T04:21:07.564Z - [36mverbose[39m: Rendering page: /Users/damithch/Repos/nus-cs2103/cs2103-website-base/book/designPatterns/observer/index.md
2026-04-19T04:21:07.621Z - [36mverbose[39m: Rendering page: /Users/damithch/Repos/nus-cs2103/cs2103-website-base/book/designPatterns/more/vsPrinciples/index.md
2026-04-19T04:21:07.626Z - [36mverbose[39m: Rendering page: /Users/damithch/Repos/nus-cs2103/cs2103-website-base/book/designPatterns/more/usingDesignPatterns/index.md
2026-04-19T04:21:07.631Z - [36mverbose[39m: Rendering page: /Users/damithch/Repos/nus-cs2103/cs2103-website-base/book/designPatterns/more/otherTypesOfPatterns/index.md
2026-04-19T04:21:07.635Z - [36mverbose[39m: Rendering page: /Users/damithch/Repos/nus-cs2103/cs2103-website-base/book/designPatterns/more/otherDesignPatterns/index.md
2026-04-19T04:21:07.744Z - [36mverbose[39m: Rendering page: /Users/damithch/Repos/nus-cs2103/cs2103-website-base/book/designPatterns/more/index.md
2026-04-19T04:21:07.756Z - [36mverbose[39m: Rendering page: /Users/damithch/Repos/nus-cs2103/cs2103-website-base/book/designPatterns/more/combiningDesignPatterns/index.md
2026-04-19T04:21:07.766Z - [36mverbose[39m: Rendering page: /Users/damithch/Repos/nus-cs2103/cs2103-website-base/book/designPatterns/modelViewController/what/index.md
2026-04-19T04:21:07.779Z - [36mverbose[39m: Rendering page: /Users/damithch/Repos/nus-cs2103/cs2103-website-base/book/designPatterns/modelViewController/index.md
2026-04-19T04:21:07.983Z - [36mverbose[39m: Rendering page: /Users/damithch/Repos/nus-cs2103/cs2103-website-base/book/designPatterns/introduction/index.md
2026-04-19T04:21:07.990Z - [36mverbose[39m: Rendering page: /Users/damithch/Repos/nus-cs2103/cs2103-website-base/book/designPatterns/introduction/what/index.md
2026-04-19T04:21:07.997Z - [36mverbose[39m: Rendering page: /Users/damithch/Repos/nus-cs2103/cs2103-website-base/book/designPatterns/index.md
2026-04-19T04:21:08.018Z - [36mverbose[39m: Rendering page: /Users/damithch/Repos/nus-cs2103/cs2103-website-base/book/designPatterns/introduction/format/index.md
2026-04-19T04:21:08.101Z - [36mverbose[39m: Rendering page: /Users/damithch/Repos/nus-cs2103/cs2103-website-base/book/designPatterns/facade/what/index.md
2026-04-19T04:21:08.107Z - [36mverbose[39m: Rendering page: /Users/damithch/Repos/nus-cs2103/cs2103-website-base/book/designPatterns/facade/index.md
2026-04-19T04:21:08.113Z - [36mverbose[39m: Rendering page: /Users/damithch/Repos/nus-cs2103/cs2103-website-base/book/designPatterns/command/what/index.md
2026-04-19T04:21:08.121Z - [36mverbose[39m: Rendering page: /Users/damithch/Repos/nus-cs2103/cs2103-website-base/book/designPatterns/command/index.md
2026-04-19T04:21:08.276Z - [36mverbose[39m: Rendering page: /Users/damithch/Repos/nus-cs2103/cs2103-website-base/book/designPatterns/abstractionOccurrence/index.md
2026-04-19T04:21:08.283Z - [36mverbose[39m: Rendering page: /Users/damithch/Repos/nus-cs2103/cs2103-website-base/book/designPatterns/abstractionOccurrence/what/index.md
2026-04-19T04:21:08.291Z - [36mverbose[39m: Rendering page: /Users/damithch/Repos/nus-cs2103/cs2103-website-base/book/designFundamentals/coupling/what/index.md
2026-04-19T04:21:08.297Z - [36mverbose[39m: Rendering page: /Users/damithch/Repos/nus-cs2103/cs2103-website-base/book/designFundamentals/index.md
2026-04-19T04:21:08.383Z - [36mverbose[39m: Rendering page: /Users/damithch/Repos/nus-cs2103/cs2103-website-base/book/designFundamentals/coupling/types/index.md
2026-04-19T04:21:08.387Z - [36mverbose[39m: Rendering page: /Users/damithch/Repos/nus-cs2103/cs2103-website-base/book/designFundamentals/coupling/index.md
2026-04-19T04:21:08.394Z - [36mverbose[39m: Rendering page: /Users/damithch/Repos/nus-cs2103/cs2103-website-base/book/designFundamentals/coupling/how/index.md
2026-04-19T04:21:08.400Z - [36mverbose[39m: Rendering page: /Users/damithch/Repos/nus-cs2103/cs2103-website-base/book/designFundamentals/cohesion/what/index.md
2026-04-19T04:21:08.477Z - [36mverbose[39m: Rendering page: /Users/damithch/Repos/nus-cs2103/cs2103-website-base/book/designFundamentals/cohesion/index.md
2026-04-19T04:21:08.483Z - [36mverbose[39m: Rendering page: /Users/damithch/Repos/nus-cs2103/cs2103-website-base/book/designFundamentals/cohesion/how/index.md
2026-04-19T04:21:08.488Z - [36mverbose[39m: Rendering page: /Users/damithch/Repos/nus-cs2103/cs2103-website-base/book/designFundamentals/abstraction/index.md
2026-04-19T04:21:08.523Z - [36mverbose[39m: Rendering page: /Users/damithch/Repos/nus-cs2103/cs2103-website-base/book/designFundamentals/abstraction/what/index.md
2026-04-19T04:21:08.542Z - [36mverbose[39m: Rendering page: /Users/damithch/Repos/nus-cs2103/cs2103-website-base/book/designApproaches/topDownBottomUp/index.md
2026-04-19T04:21:08.562Z - [36mverbose[39m: Rendering page: /Users/damithch/Repos/nus-cs2103/cs2103-website-base/book/designApproaches/topDownBottomUp/what/index.md
2026-04-19T04:21:08.596Z - [36mverbose[39m: Rendering page: /Users/damithch/Repos/nus-cs2103/cs2103-website-base/book/designApproaches/multilevelDesign/index.md
2026-04-19T04:21:08.601Z - [36mverbose[39m: Rendering page: /Users/damithch/Repos/nus-cs2103/cs2103-website-base/book/designApproaches/multilevelDesign/what/index.md
2026-04-19T04:21:08.647Z - [36mverbose[39m: Rendering page: /Users/damithch/Repos/nus-cs2103/cs2103-website-base/book/designApproaches/index.md
2026-04-19T04:21:08.668Z - [36mverbose[39m: Rendering page: /Users/damithch/Repos/nus-cs2103/cs2103-website-base/book/designApproaches/agileDesign/what/index.md
2026-04-19T04:21:08.675Z - [36mverbose[39m: Rendering page: /Users/damithch/Repos/nus-cs2103/cs2103-website-base/book/designApproaches/agileDesign/index.md
2026-04-19T04:21:08.694Z - [36mverbose[39m: Rendering page: /Users/damithch/Repos/nus-cs2103/cs2103-website-base/book/design/introduction/index.md
2026-04-19T04:21:08.699Z - [36mverbose[39m: Rendering page: /Users/damithch/Repos/nus-cs2103/cs2103-website-base/book/design/introduction/what/index.md
2026-04-19T04:21:08.732Z - [36mverbose[39m: Rendering page: /Users/damithch/Repos/nus-cs2103/cs2103-website-base/book/design/index.md
2026-04-19T04:21:08.818Z - [36mverbose[39m: Rendering page: /Users/damithch/Repos/nus-cs2103/cs2103-website-base/book/cppToJava/usefulClasses/wrapperClasses/index.md
2026-04-19T04:21:08.944Z - [36mverbose[39m: Rendering page: /Users/damithch/Repos/nus-cs2103/cs2103-website-base/book/cppToJava/usefulClasses/stringClass/index.md
2026-04-19T04:21:08.954Z - [36mverbose[39m: Rendering page: /Users/damithch/Repos/nus-cs2103/cs2103-website-base/book/cppToJava/usefulClasses/scannerClass/index.md
2026-04-19T04:21:08.988Z - [36mverbose[39m: Rendering page: /Users/damithch/Repos/nus-cs2103/cs2103-website-base/book/cppToJava/usefulClasses/index.md
2026-04-19T04:21:09.077Z - [36mverbose[39m: Rendering page: /Users/damithch/Repos/nus-cs2103/cs2103-website-base/book/cppToJava/usefulClasses/arraysClass/index.md
2026-04-19T04:21:09.085Z - [36mverbose[39m: Rendering page: /Users/damithch/Repos/nus-cs2103/cs2103-website-base/book/cppToJava/usefulClasses/api/index.md
2026-04-19T04:21:09.091Z - [36mverbose[39m: Rendering page: /Users/damithch/Repos/nus-cs2103/cs2103-website-base/book/cppToJava/objects/usingObjects/index.md
2026-04-19T04:21:09.123Z - [36mverbose[39m: Rendering page: /Users/damithch/Repos/nus-cs2103/cs2103-website-base/book/cppToJava/objects/passingObjects/index.md
2026-04-19T04:21:09.224Z - [36mverbose[39m: Rendering page: /Users/damithch/Repos/nus-cs2103/cs2103-website-base/book/cppToJava/objects/instanceMembers/index.md
2026-04-19T04:21:09.244Z - [36mverbose[39m: Rendering page: /Users/damithch/Repos/nus-cs2103/cs2103-website-base/book/cppToJava/objects/index.md
2026-04-19T04:21:09.260Z - [36mverbose[39m: Rendering page: /Users/damithch/Repos/nus-cs2103/cs2103-website-base/book/cppToJava/objects/garbageCollection/index.md
2026-04-19T04:21:09.278Z - [36mverbose[39m: Rendering page: /Users/damithch/Repos/nus-cs2103/cs2103-website-base/book/cppToJava/misc/varargs/index.md
2026-04-19T04:21:09.348Z - [36mverbose[39m: Rendering page: /Users/damithch/Repos/nus-cs2103/cs2103-website-base/book/cppToJava/misc/streams/index.md
2026-04-19T04:21:09.384Z - [36mverbose[39m: Rendering page: /Users/damithch/Repos/nus-cs2103/cs2103-website-base/book/cppToJava/misc/packages/index.md
2026-04-19T04:21:09.403Z - [36mverbose[39m: Rendering page: /Users/damithch/Repos/nus-cs2103/cs2103-website-base/book/cppToJava/misc/javaFX/part02/index.md
2026-04-19T04:21:09.428Z - [36mverbose[39m: Rendering page: /Users/damithch/Repos/nus-cs2103/cs2103-website-base/book/cppToJava/misc/javaFX/part01/index.md
2026-04-19T04:21:09.438Z - [36mverbose[39m: Rendering page: /Users/damithch/Repos/nus-cs2103/cs2103-website-base/book/cppToJava/misc/javaFX/index.md
2026-04-19T04:21:09.592Z - [36mverbose[39m: Rendering page: /Users/damithch/Repos/nus-cs2103/cs2103-website-base/book/cppToJava/misc/jar/index.md
2026-04-19T04:21:09.619Z - [36mverbose[39m: Rendering page: /Users/damithch/Repos/nus-cs2103/cs2103-website-base/book/cppToJava/misc/index.md
2026-04-19T04:21:09.654Z - [36mverbose[39m: Rendering page: /Users/damithch/Repos/nus-cs2103/cs2103-website-base/book/cppToJava/misc/fileAccess/index.md
2026-04-19T04:21:09.688Z - [36mverbose[39m: Rendering page: /Users/damithch/Repos/nus-cs2103/cs2103-website-base/book/cppToJava/misc/enums/index.md
2026-04-19T04:21:09.695Z - [36mverbose[39m: Rendering page: /Users/damithch/Repos/nus-cs2103/cs2103-website-base/book/cppToJava/misc/constants/index.md
2026-04-19T04:21:09.732Z - [36mverbose[39m: Rendering page: /Users/damithch/Repos/nus-cs2103/cs2103-website-base/book/cppToJava/misc/casting/index.md
2026-04-19T04:21:09.772Z - [36mverbose[39m: Rendering page: /Users/damithch/Repos/nus-cs2103/cs2103-website-base/book/cppToJava/junit/intermediate/index.md
2026-04-19T04:21:09.777Z - [36mverbose[39m: Rendering page: /Users/damithch/Repos/nus-cs2103/cs2103-website-base/book/cppToJava/misc/accessModifiers/index.md
2026-04-19T04:21:09.805Z - [36mverbose[39m: Rendering page: /Users/damithch/Repos/nus-cs2103/cs2103-website-base/book/cppToJava/junit/index.md
2026-04-19T04:21:09.858Z - [36mverbose[39m: Rendering page: /Users/damithch/Repos/nus-cs2103/cs2103-website-base/book/cppToJava/junit/basic/index.md
2026-04-19T04:21:09.865Z - [36mverbose[39m: Rendering page: /Users/damithch/Repos/nus-cs2103/cs2103-website-base/book/cppToJava/javaWorld/index.md
2026-04-19T04:21:09.870Z - [36mverbose[39m: Rendering page: /Users/damithch/Repos/nus-cs2103/cs2103-website-base/book/cppToJava/javaWorld/what/index.md
2026-04-19T04:21:09.885Z - [36mverbose[39m: Rendering page: /Users/damithch/Repos/nus-cs2103/cs2103-website-base/book/cppToJava/javaWorld/how/index.md
2026-04-19T04:21:10.024Z - [36mverbose[39m: Rendering page: /Users/damithch/Repos/nus-cs2103/cs2103-website-base/book/cppToJava/javaWorld/editions/index.md
2026-04-19T04:21:10.031Z - [36mverbose[39m: Rendering page: /Users/damithch/Repos/nus-cs2103/cs2103-website-base/book/cppToJava/inheritance/polymorphism/index.md
2026-04-19T04:21:10.041Z - [36mverbose[39m: Rendering page: /Users/damithch/Repos/nus-cs2103/cs2103-website-base/book/cppToJava/inheritance/objectClass/index.md
2026-04-19T04:21:10.256Z - [36mverbose[39m: Rendering page: /Users/damithch/Repos/nus-cs2103/cs2103-website-base/book/cppToJava/inheritance/interfaces/index.md
2026-04-19T04:21:10.344Z - [36mverbose[39m: Rendering page: /Users/damithch/Repos/nus-cs2103/cs2103-website-base/book/cppToJava/inheritance/index.md
2026-04-19T04:21:11.832Z - [36mverbose[39m: Rendering page: /Users/damithch/Repos/nus-cs2103/cs2103-website-base/book/cppToJava/inheritance/basic/index.md
2026-04-19T04:21:11.872Z - [36mverbose[39m: Rendering page: /Users/damithch/Repos/nus-cs2103/cs2103-website-base/book/cppToJava/inheritance/abstractClassesAndMethods/index.md
2026-04-19T04:21:11.881Z - [36mverbose[39m: Rendering page: /Users/damithch/Repos/nus-cs2103/cs2103-website-base/book/cppToJava/index.md
2026-04-19T04:21:12.023Z - [36mverbose[39m: Rendering page: /Users/damithch/Repos/nus-cs2103/cs2103-website-base/book/cppToJava/gettingStarted/running/index.md
2026-04-19T04:21:12.132Z - [36mverbose[39m: Rendering page: /Users/damithch/Repos/nus-cs2103/cs2103-website-base/book/cppToJava/gettingStarted/installation/index.md
2026-04-19T04:21:12.160Z - [36mverbose[39m: Rendering page: /Users/damithch/Repos/nus-cs2103/cs2103-website-base/book/cppToJava/gettingStarted/index.md
2026-04-19T04:21:12.176Z - [36mverbose[39m: Rendering page: /Users/damithch/Repos/nus-cs2103/cs2103-website-base/book/cppToJava/gettingStarted/helloWorld/index.md
2026-04-19T04:21:12.206Z - [36mverbose[39m: Rendering page: /Users/damithch/Repos/nus-cs2103/cs2103-website-base/book/cppToJava/gettingStarted/compiling/index.md
2026-04-19T04:21:12.281Z - [36mverbose[39m: Rendering page: /Users/damithch/Repos/nus-cs2103/cs2103-website-base/book/cppToJava/generics/what/index.md
2026-04-19T04:21:12.300Z - [36mverbose[39m: Rendering page: /Users/damithch/Repos/nus-cs2103/cs2103-website-base/book/cppToJava/generics/index.md
2026-04-19T04:21:12.311Z - [36mverbose[39m: Rendering page: /Users/damithch/Repos/nus-cs2103/cs2103-website-base/book/cppToJava/generics/how/index.md
2026-04-19T04:21:12.406Z - [36mverbose[39m: Rendering page: /Users/damithch/Repos/nus-cs2103/cs2103-website-base/book/cppToJava/exceptions/what/index.md
2026-04-19T04:21:12.428Z - [36mverbose[39m: Rendering page: /Users/damithch/Repos/nus-cs2103/cs2103-website-base/book/cppToJava/exceptions/index.md
2026-04-19T04:21:12.454Z - [36mverbose[39m: Rendering page: /Users/damithch/Repos/nus-cs2103/cs2103-website-base/book/cppToJava/exceptions/how/index.md
2026-04-19T04:21:12.488Z - [36mverbose[39m: Rendering page: /Users/damithch/Repos/nus-cs2103/cs2103-website-base/book/cppToJava/dataTypes/variables/index.md
2026-04-19T04:21:12.496Z - [36mverbose[39m: Rendering page: /Users/damithch/Repos/nus-cs2103/cs2103-website-base/book/cppToJava/dataTypes/primitiveTypes/index.md
2026-04-19T04:21:12.609Z - [36mverbose[39m: Rendering page: /Users/damithch/Repos/nus-cs2103/cs2103-website-base/book/cppToJava/dataTypes/operators/index.md
2026-04-19T04:21:12.654Z - [36mverbose[39m: Rendering page: /Users/damithch/Repos/nus-cs2103/cs2103-website-base/book/cppToJava/dataTypes/index.md
2026-04-19T04:21:12.708Z - [36mverbose[39m: Rendering page: /Users/damithch/Repos/nus-cs2103/cs2103-website-base/book/cppToJava/dataTypes/arrays/index.md
2026-04-19T04:21:12.823Z - [36mverbose[39m: Rendering page: /Users/damithch/Repos/nus-cs2103/cs2103-website-base/book/cppToJava/controlFlow/methods/index.md
2026-04-19T04:21:12.868Z - [36mverbose[39m: Rendering page: /Users/damithch/Repos/nus-cs2103/cs2103-website-base/book/cppToJava/controlFlow/index.md
2026-04-19T04:21:12.885Z - [36mverbose[39m: Rendering page: /Users/damithch/Repos/nus-cs2103/cs2103-website-base/book/cppToJava/controlFlow/loops/index.md
2026-04-19T04:21:12.967Z - [36mverbose[39m: Rendering page: /Users/damithch/Repos/nus-cs2103/cs2103-website-base/book/cppToJava/controlFlow/branching/index.md
2026-04-19T04:21:13.002Z - [36mverbose[39m: Rendering page: /Users/damithch/Repos/nus-cs2103/cs2103-website-base/book/cppToJava/collections/what/index.md
2026-04-19T04:21:13.033Z - [36mverbose[39m: Rendering page: /Users/damithch/Repos/nus-cs2103/cs2103-website-base/book/cppToJava/collections/index.md
2026-04-19T04:21:13.044Z - [36mverbose[39m: Rendering page: /Users/damithch/Repos/nus-cs2103/cs2103-website-base/book/cppToJava/collections/hashMapClass/index.md
2026-04-19T04:21:13.198Z - [36mverbose[39m: Rendering page: /Users/damithch/Repos/nus-cs2103/cs2103-website-base/book/cppToJava/collections/arrayListClass/index.md
2026-04-19T04:21:13.205Z - [36mverbose[39m: Rendering page: /Users/damithch/Repos/nus-cs2103/cs2103-website-base/book/cppToJava/classes/index.md
2026-04-19T04:21:13.222Z - [36mverbose[39m: Rendering page: /Users/damithch/Repos/nus-cs2103/cs2103-website-base/book/cppToJava/classes/gettersAndSetters/index.md
2026-04-19T04:21:13.259Z - [36mverbose[39m: Rendering page: /Users/damithch/Repos/nus-cs2103/cs2103-website-base/book/cppToJava/classes/definingClasses/index.md
2026-04-19T04:21:13.307Z - [36mverbose[39m: Rendering page: /Users/damithch/Repos/nus-cs2103/cs2103-website-base/book/cppToJava/classes/classLevelMembers/index.md
2026-04-19T04:21:13.315Z - [36mverbose[39m: Rendering page: /Users/damithch/Repos/nus-cs2103/cs2103-website-base/book/cppToJava/about/index.md
2026-04-19T04:21:13.322Z - [36mverbose[39m: Rendering page: /Users/damithch/Repos/nus-cs2103/cs2103-website-base/book/codeQuality/nameWell/introduction/index.md
2026-04-19T04:21:13.362Z - [36mverbose[39m: Rendering page: /Users/damithch/Repos/nus-cs2103/cs2103-website-base/book/codeQuality/nameWell/intermediate/useNameExplain/index.md
2026-04-19T04:21:13.382Z - [36mverbose[39m: Rendering page: /Users/damithch/Repos/nus-cs2103/cs2103-website-base/book/codeQuality/nameWell/intermediate/index.md
2026-04-19T04:21:13.425Z - [36mverbose[39m: Rendering page: /Users/damithch/Repos/nus-cs2103/cs2103-website-base/book/codeQuality/nameWell/intermediate/notTooLongNorShort/index.md
2026-04-19T04:21:13.441Z - [36mverbose[39m: Rendering page: /Users/damithch/Repos/nus-cs2103/cs2103-website-base/book/codeQuality/nameWell/intermediate/avoidMisleadingNames/index.md
2026-04-19T04:21:13.463Z - [36mverbose[39m: Rendering page: /Users/damithch/Repos/nus-cs2103/cs2103-website-base/book/codeQuality/nameWell/index.md
2026-04-19T04:21:13.504Z - [36mverbose[39m: Rendering page: /Users/damithch/Repos/nus-cs2103/cs2103-website-base/book/codeQuality/nameWell/basic/nounsAndVerbsAsNames/index.md
2026-04-19T04:21:13.509Z - [36mverbose[39m: Rendering page: /Users/damithch/Repos/nus-cs2103/cs2103-website-base/book/codeQuality/nameWell/basic/useStandardWords/index.md
2026-04-19T04:21:13.514Z - [36mverbose[39m: Rendering page: /Users/damithch/Repos/nus-cs2103/cs2103-website-base/book/codeQuality/nameWell/basic/index.md
2026-04-19T04:21:13.559Z - [36mverbose[39m: Rendering page: /Users/damithch/Repos/nus-cs2103/cs2103-website-base/book/codeQuality/maximizeReadability/introduction/index.md
2026-04-19T04:21:13.616Z - [36mverbose[39m: Rendering page: /Users/damithch/Repos/nus-cs2103/cs2103-website-base/book/codeQuality/maximizeReadability/intermediate/structureCodeLogically/index.md
2026-04-19T04:21:13.621Z - [36mverbose[39m: Rendering page: /Users/damithch/Repos/nus-cs2103/cs2103-website-base/book/codeQuality/maximizeReadability/intermediate/practiceKISSing/index.md
2026-04-19T04:21:13.626Z - [36mverbose[39m: Rendering page: /Users/damithch/Repos/nus-cs2103/cs2103-website-base/book/codeQuality/maximizeReadability/intermediate/slapHard/index.md
2026-04-19T04:21:13.632Z - [36mverbose[39m: Rendering page: /Users/damithch/Repos/nus-cs2103/cs2103-website-base/book/codeQuality/maximizeReadability/intermediate/index.md
2026-04-19T04:21:13.775Z - [36mverbose[39m: Rendering page: /Users/damithch/Repos/nus-cs2103/cs2103-website-base/book/codeQuality/maximizeReadability/intermediate/dontTripReader/index.md
2026-04-19T04:21:13.779Z - [36mverbose[39m: Rendering page: /Users/damithch/Repos/nus-cs2103/cs2103-website-base/book/codeQuality/maximizeReadability/index.md
2026-04-19T04:21:13.795Z - [36mverbose[39m: Rendering page: /Users/damithch/Repos/nus-cs2103/cs2103-website-base/book/codeQuality/maximizeReadability/intermediate/avoidPrematureOptimizations/index.md
2026-04-19T04:21:13.801Z - [36mverbose[39m: Rendering page: /Users/damithch/Repos/nus-cs2103/cs2103-website-base/book/codeQuality/maximizeReadability/basic/makeCodeObvious/index.md
2026-04-19T04:21:13.905Z - [36mverbose[39m: Rendering page: /Users/damithch/Repos/nus-cs2103/cs2103-website-base/book/codeQuality/maximizeReadability/basic/index.md
2026-04-19T04:21:13.917Z - [36mverbose[39m: Rendering page: /Users/damithch/Repos/nus-cs2103/cs2103-website-base/book/codeQuality/maximizeReadability/basic/avoidLongMethods/index.md
2026-04-19T04:21:13.921Z - [36mverbose[39m: Rendering page: /Users/damithch/Repos/nus-cs2103/cs2103-website-base/book/codeQuality/maximizeReadability/basic/avoidMagicNumbers/index.md
2026-04-19T04:21:13.927Z - [36mverbose[39m: Rendering page: /Users/damithch/Repos/nus-cs2103/cs2103-website-base/book/codeQuality/maximizeReadability/basic/avoidDeepNesting/index.md
2026-04-19T04:21:14.009Z - [36mverbose[39m: Rendering page: /Users/damithch/Repos/nus-cs2103/cs2103-website-base/book/codeQuality/maximizeReadability/basic/avoidComplicatedExpressions/index.md
2026-04-19T04:21:14.016Z - [36mverbose[39m: Rendering page: /Users/damithch/Repos/nus-cs2103/cs2103-website-base/book/codeQuality/maximizeReadability/advanced/index.md
2026-04-19T04:21:14.022Z - [36mverbose[39m: Rendering page: /Users/damithch/Repos/nus-cs2103/cs2103-website-base/book/codeQuality/introduction/index.md
2026-04-19T04:21:14.029Z - [36mverbose[39m: Rendering page: /Users/damithch/Repos/nus-cs2103/cs2103-website-base/book/codeQuality/maximizeReadability/advanced/makeHappyPathProminent/index.md
2026-04-19T04:21:14.346Z - [36mverbose[39m: Rendering page: /Users/damithch/Repos/nus-cs2103/cs2103-website-base/book/codeQuality/introduction/basic/index.md
2026-04-19T04:21:14.351Z - [36mverbose[39m: Rendering page: /Users/damithch/Repos/nus-cs2103/cs2103-website-base/book/codeQuality/index.md
2026-04-19T04:21:14.384Z - [36mverbose[39m: Rendering page: /Users/damithch/Repos/nus-cs2103/cs2103-website-base/book/codeQuality/followStandard/introduction/index.md
2026-04-19T04:21:14.425Z - [36mverbose[39m: Rendering page: /Users/damithch/Repos/nus-cs2103/cs2103-website-base/book/codeQuality/followStandard/intermediate/index.md
2026-04-19T04:21:14.478Z - [36mverbose[39m: Rendering page: /Users/damithch/Repos/nus-cs2103/cs2103-website-base/book/codeQuality/followStandard/index.md
2026-04-19T04:21:14.487Z - [36mverbose[39m: Rendering page: /Users/damithch/Repos/nus-cs2103/cs2103-website-base/book/codeQuality/commentMinimally/introduction/index.md
2026-04-19T04:21:14.492Z - [36mverbose[39m: Rendering page: /Users/damithch/Repos/nus-cs2103/cs2103-website-base/book/codeQuality/followStandard/basic/index.md
2026-04-19T04:21:14.515Z - [36mverbose[39m: Rendering page: /Users/damithch/Repos/nus-cs2103/cs2103-website-base/book/codeQuality/commentMinimally/intermediate/index.md
2026-04-19T04:21:14.581Z - [36mverbose[39m: Rendering page: /Users/damithch/Repos/nus-cs2103/cs2103-website-base/book/codeQuality/commentMinimally/intermediate/explainWhatWhyNotHow/index.md
2026-04-19T04:21:14.611Z - [36mverbose[39m: Rendering page: /Users/damithch/Repos/nus-cs2103/cs2103-website-base/book/codeQuality/commentMinimally/index.md
2026-04-19T04:21:14.639Z - [36mverbose[39m: Rendering page: /Users/damithch/Repos/nus-cs2103/cs2103-website-base/book/codeQuality/commentMinimally/basic/writeToReader/index.md
2026-04-19T04:21:14.644Z - [36mverbose[39m: Rendering page: /Users/damithch/Repos/nus-cs2103/cs2103-website-base/book/codeQuality/commentMinimally/basic/index.md
2026-04-19T04:21:14.662Z - [36mverbose[39m: Rendering page: /Users/damithch/Repos/nus-cs2103/cs2103-website-base/book/codeQuality/commentMinimally/basic/dontRepeatObvious/index.md
2026-04-19T04:21:14.719Z - [36mverbose[39m: Rendering page: /Users/damithch/Repos/nus-cs2103/cs2103-website-base/book/codeQuality/avoidShortcuts/introduction/index.md
2026-04-19T04:21:14.727Z - [36mverbose[39m: Rendering page: /Users/damithch/Repos/nus-cs2103/cs2103-website-base/book/codeQuality/avoidShortcuts/intermediate/minimiseCodeDuplication/index.md
2026-04-19T04:21:14.779Z - [36mverbose[39m: Rendering page: /Users/damithch/Repos/nus-cs2103/cs2103-website-base/book/codeQuality/avoidShortcuts/intermediate/minimiseVariableScope/index.md
2026-04-19T04:21:14.783Z - [36mverbose[39m: Rendering page: /Users/damithch/Repos/nus-cs2103/cs2103-website-base/book/codeQuality/avoidShortcuts/intermediate/index.md
2026-04-19T04:21:14.853Z - [36mverbose[39m: Rendering page: /Users/damithch/Repos/nus-cs2103/cs2103-website-base/book/codeQuality/avoidShortcuts/index.md
2026-04-19T04:21:14.877Z - [36mverbose[39m: Rendering page: /Users/damithch/Repos/nus-cs2103/cs2103-website-base/book/codeQuality/avoidShortcuts/basic/useDefaultBranch/index.md
2026-04-19T04:21:14.882Z - [36mverbose[39m: Rendering page: /Users/damithch/Repos/nus-cs2103/cs2103-website-base/book/codeQuality/avoidShortcuts/basic/dontRecycleVarsOrParams/index.md
2026-04-19T04:21:14.888Z - [36mverbose[39m: Rendering page: /Users/damithch/Repos/nus-cs2103/cs2103-website-base/book/codeQuality/avoidShortcuts/basic/index.md
2026-04-19T04:21:14.924Z - [36mverbose[39m: Rendering page: /Users/damithch/Repos/nus-cs2103/cs2103-website-base/book/codeQuality/avoidShortcuts/basic/deleteDeadCode/index.md
2026-04-19T04:21:14.951Z - [36mverbose[39m: Rendering page: /Users/damithch/Repos/nus-cs2103/cs2103-website-base/book/architecture/introduction/what/index.md
2026-04-19T04:21:15.025Z - [36mverbose[39m: Rendering page: /Users/damithch/Repos/nus-cs2103/cs2103-website-base/book/codeQuality/avoidShortcuts/basic/avoidEmptyCatchBlocks/index.md
2026-04-19T04:21:15.032Z - [36mverbose[39m: Rendering page: /Users/damithch/Repos/nus-cs2103/cs2103-website-base/book/architecture/introduction/index.md
2026-04-19T04:21:15.050Z - [36mverbose[39m: Rendering page: /Users/damithch/Repos/nus-cs2103/cs2103-website-base/book/architecture/index.md
2026-04-19T04:21:15.109Z - [36mverbose[39m: Rendering page: /Users/damithch/Repos/nus-cs2103/cs2103-website-base/book/architecture/architectureDiagrams/reading/index.md
2026-04-19T04:21:15.114Z - [36mverbose[39m: Rendering page: /Users/damithch/Repos/nus-cs2103/cs2103-website-base/book/architecture/architectureDiagrams/index.md
2026-04-19T04:21:15.119Z - [36mverbose[39m: Rendering page: /Users/damithch/Repos/nus-cs2103/cs2103-website-base/book/architecture/architectureDiagrams/drawing/index.md
2026-04-19T04:21:15.126Z - [36mverbose[39m: Rendering page: /Users/damithch/Repos/nus-cs2103/cs2103-website-base/book/architecture/architecturalStyles/transactionProcessing/what/index.md
2026-04-19T04:21:15.186Z - [36mverbose[39m: Rendering page: /Users/damithch/Repos/nus-cs2103/cs2103-website-base/book/architecture/architecturalStyles/serviceOriented/what/index.md
2026-04-19T04:21:15.191Z - [36mverbose[39m: Rendering page: /Users/damithch/Repos/nus-cs2103/cs2103-website-base/book/architecture/architecturalStyles/transactionProcessing/index.md
2026-04-19T04:21:15.195Z - [36mverbose[39m: Rendering page: /Users/damithch/Repos/nus-cs2103/cs2103-website-base/book/architecture/architecturalStyles/serviceOriented/index.md
2026-04-19T04:21:15.203Z - [36mverbose[39m: Rendering page: /Users/damithch/Repos/nus-cs2103/cs2103-website-base/book/architecture/architecturalStyles/nTier/what/index.md
2026-04-19T04:21:15.271Z - [36mverbose[39m: Rendering page: /Users/damithch/Repos/nus-cs2103/cs2103-website-base/book/architecture/architecturalStyles/nTier/index.md
2026-04-19T04:21:15.276Z - [36mverbose[39m: Rendering page: /Users/damithch/Repos/nus-cs2103/cs2103-website-base/book/architecture/architecturalStyles/more/usingStyles/index.md
2026-04-19T04:21:15.281Z - [36mverbose[39m: Rendering page: /Users/damithch/Repos/nus-cs2103/cs2103-website-base/book/architecture/architecturalStyles/more/index.md
2026-04-19T04:21:15.286Z - [36mverbose[39m: Rendering page: /Users/damithch/Repos/nus-cs2103/cs2103-website-base/book/architecture/architecturalStyles/more/moreStyles/index.md
2026-04-19T04:21:15.383Z - [36mverbose[39m: Rendering page: /Users/damithch/Repos/nus-cs2103/cs2103-website-base/book/architecture/architecturalStyles/introduction/what/index.md
2026-04-19T04:21:15.387Z - [36mverbose[39m: Rendering page: /Users/damithch/Repos/nus-cs2103/cs2103-website-base/book/architecture/architecturalStyles/introduction/index.md
2026-04-19T04:21:15.395Z - [36mverbose[39m: Rendering page: /Users/damithch/Repos/nus-cs2103/cs2103-website-base/book/architecture/architecturalStyles/index.md
2026-04-19T04:21:15.404Z - [36mverbose[39m: Rendering page: /Users/damithch/Repos/nus-cs2103/cs2103-website-base/book/architecture/architecturalStyles/eventDriven/what/index.md
2026-04-19T04:21:15.537Z - [36mverbose[39m: Rendering page: /Users/damithch/Repos/nus-cs2103/cs2103-website-base/book/architecture/architecturalStyles/clientServer/what/index.md
2026-04-19T04:21:15.542Z - [36mverbose[39m: Rendering page: /Users/damithch/Repos/nus-cs2103/cs2103-website-base/book/architecture/architecturalStyles/eventDriven/index.md
2026-04-19T04:21:15.547Z - [36mverbose[39m: Rendering page: /Users/damithch/Repos/nus-cs2103/cs2103-website-base/book/architecture/architecturalStyles/clientServer/index.md
2026-04-19T04:21:16.085Z - [36mverbose[39m: Rendering page: /Users/damithch/Repos/nus-cs2103/cs2103-website-base/book/combined/exercises.md
2026-04-19T04:21:16.092Z - [36mverbose[39m: Rendering page: /Users/damithch/Repos/nus-cs2103/cs2103-website-base/se-book-adapted/git-trail/index.md
2026-04-19T04:21:16.104Z - [36mverbose[39m: Rendering page: /Users/damithch/Repos/nus-cs2103/cs2103-website-base/se-book-adapted/projectDuke/index.md
2026-04-19T04:21:16.126Z - [36mverbose[39m: Rendering page: /Users/damithch/Repos/nus-cs2103/cs2103-website-base/se-book-adapted/common/exercises.md
2026-04-19T04:21:16.628Z - [36mverbose[39m: Rendering page: /Users/damithch/Repos/nus-cs2103/cs2103-website-base/se-book-adapted/common/definitions.md
2026-04-19T04:21:16.660Z - [36mverbose[39m: Rendering page: /Users/damithch/Repos/nus-cs2103/cs2103-website-base/se-book-adapted/chapters-printable/uml-printable.md
2026-04-19T04:21:16.682Z - [36mverbose[39m: Rendering page: /Users/damithch/Repos/nus-cs2103/cs2103-website-base/se-book-adapted/chapters-printable/testing-printable.md
2026-04-19T04:21:16.702Z - [36mverbose[39m: Rendering page: /Users/damithch/Repos/nus-cs2103/cs2103-website-base/se-book-adapted/chapters-printable/testCaseDesign-printable.md
2026-04-19T04:21:16.842Z - [36mverbose[39m: Rendering page: /Users/damithch/Repos/nus-cs2103/cs2103-website-base/se-book-adapted/chapters-printable/teamwork-printable.md
2026-04-19T04:21:16.887Z - [36mverbose[39m: Rendering page: /Users/damithch/Repos/nus-cs2103/cs2103-website-base/se-book-adapted/chapters-printable/softwareEngineering-printable.md
2026-04-19T04:21:16.926Z - [36mverbose[39m: Rendering page: /Users/damithch/Repos/nus-cs2103/cs2103-website-base/se-book-adapted/chapters-printable/specifyingRequirements-printable.md
2026-04-19T04:21:16.938Z - [36mverbose[39m: Rendering page: /Users/damithch/Repos/nus-cs2103/cs2103-website-base/se-book-adapted/chapters-printable/reuse-printable.md
2026-04-19T04:21:17.056Z - [36mverbose[39m: Rendering page: /Users/damithch/Repos/nus-cs2103/cs2103-website-base/se-book-adapted/chapters-printable/requirements-printable.md
2026-04-19T04:21:17.099Z - [36mverbose[39m: Rendering page: /Users/damithch/Repos/nus-cs2103/cs2103-website-base/se-book-adapted/chapters-printable/qualityAssurance-printable.md
2026-04-19T04:21:17.105Z - [36mverbose[39m: Rendering page: /Users/damithch/Repos/nus-cs2103/cs2103-website-base/se-book-adapted/chapters-printable/refactoring-printable.md
2026-04-19T04:21:17.112Z - [36mverbose[39m: Rendering page: /Users/damithch/Repos/nus-cs2103/cs2103-website-base/se-book-adapted/chapters-printable/projectPlanning-printable.md
2026-04-19T04:21:17.523Z - [36mverbose[39m: Rendering page: /Users/damithch/Repos/nus-cs2103/cs2103-website-base/se-book-adapted/chapters-printable/processModels-printable.md
2026-04-19T04:21:17.533Z - [36mverbose[39m: Rendering page: /Users/damithch/Repos/nus-cs2103/cs2103-website-base/se-book-adapted/chapters-printable/principles-printable.md
2026-04-19T04:21:17.566Z - [36mverbose[39m: Rendering page: /Users/damithch/Repos/nus-cs2103/cs2103-website-base/se-book-adapted/chapters-printable/modeling-printable.md
2026-04-19T04:21:17.586Z - [36mverbose[39m: Rendering page: /Users/damithch/Repos/nus-cs2103/cs2103-website-base/se-book-adapted/chapters-printable/oop-printable.md
2026-04-19T04:21:17.609Z - [36mverbose[39m: Rendering page: /Users/damithch/Repos/nus-cs2103/cs2103-website-base/se-book-adapted/chapters-printable/intellij-printable.md
2026-04-19T04:21:17.764Z - [36mverbose[39m: Rendering page: /Users/damithch/Repos/nus-cs2103/cs2103-website-base/se-book-adapted/chapters-printable/integration-printable.md
2026-04-19T04:21:17.773Z - [36mverbose[39m: Rendering page: /Users/damithch/Repos/nus-cs2103/cs2103-website-base/se-book-adapted/chapters-printable/ides-printable.md
2026-04-19T04:21:17.777Z - [36mverbose[39m: Rendering page: /Users/damithch/Repos/nus-cs2103/cs2103-website-base/se-book-adapted/chapters-printable/gatheringRequirements-printable.md
2026-04-19T04:21:17.828Z - [36mverbose[39m: Rendering page: /Users/damithch/Repos/nus-cs2103/cs2103-website-base/se-book-adapted/chapters-printable/errorHandling-printable.md
2026-04-19T04:21:17.956Z - [36mverbose[39m: Rendering page: /Users/damithch/Repos/nus-cs2103/cs2103-website-base/se-book-adapted/chapters-printable/documentation-printable.md
2026-04-19T04:21:17.966Z - [36mverbose[39m: Rendering page: /Users/damithch/Repos/nus-cs2103/cs2103-website-base/se-book-adapted/chapters-printable/designPatterns-printable.md
2026-04-19T04:21:17.975Z - [36mverbose[39m: Rendering page: /Users/damithch/Repos/nus-cs2103/cs2103-website-base/se-book-adapted/chapters-printable/designFundamentals-printable.md
2026-04-19T04:21:17.983Z - [36mverbose[39m: Rendering page: /Users/damithch/Repos/nus-cs2103/cs2103-website-base/se-book-adapted/chapters-printable/designApproaches-printable.md
2026-04-19T04:21:18.772Z - [36mverbose[39m: Rendering page: /Users/damithch/Repos/nus-cs2103/cs2103-website-base/se-book-adapted/chapters-printable/design-printable.md
2026-04-19T04:21:18.817Z - [36mverbose[39m: Rendering page: /Users/damithch/Repos/nus-cs2103/cs2103-website-base/se-book-adapted/chapters-printable/cppToJava-printable.md
2026-04-19T04:21:18.891Z - [36mverbose[39m: Rendering page: /Users/damithch/Repos/nus-cs2103/cs2103-website-base/se-book-adapted/chapters-printable/codeQuality-printable.md
2026-04-19T04:21:19.204Z - [36mverbose[39m: Rendering page: /Users/damithch/Repos/nus-cs2103/cs2103-website-base/se-book-adapted/chapters-printable/architecture-printable.md
2026-04-19T04:21:19.705Z - [36mverbose[39m: Rendering page: /Users/damithch/Repos/nus-cs2103/cs2103-website-base/se-book-adapted/chapters/uml.md
2026-04-19T04:21:19.750Z - [36mverbose[39m: Rendering page: /Users/damithch/Repos/nus-cs2103/cs2103-website-base/se-book-adapted/chapters/test.md
2026-04-19T04:21:19.754Z - [36mverbose[39m: Rendering page: /Users/damithch/Repos/nus-cs2103/cs2103-website-base/se-book-adapted/chapters/testCaseDesign.md
2026-04-19T04:21:19.778Z - [36mverbose[39m: Rendering page: /Users/damithch/Repos/nus-cs2103/cs2103-website-base/se-book-adapted/chapters/testing.md
2026-04-19T04:21:20.103Z - [36mverbose[39m: Rendering page: /Users/damithch/Repos/nus-cs2103/cs2103-website-base/se-book-adapted/chapters/teamwork.md
2026-04-19T04:21:20.114Z - [36mverbose[39m: Rendering page: /Users/damithch/Repos/nus-cs2103/cs2103-website-base/se-book-adapted/chapters/specifyingRequirements.md
2026-04-19T04:21:20.138Z - [36mverbose[39m: Rendering page: /Users/damithch/Repos/nus-cs2103/cs2103-website-base/se-book-adapted/chapters/softwareEngineering.md
2026-04-19T04:21:20.164Z - [36mverbose[39m: Rendering page: /Users/damithch/Repos/nus-cs2103/cs2103-website-base/se-book-adapted/chapters/reuse.md
2026-04-19T04:21:20.352Z - [36mverbose[39m: Rendering page: /Users/damithch/Repos/nus-cs2103/cs2103-website-base/se-book-adapted/chapters/requirements.md
2026-04-19T04:21:20.363Z - [36mverbose[39m: Rendering page: /Users/damithch/Repos/nus-cs2103/cs2103-website-base/se-book-adapted/chapters/qualityAssurance.md
2026-04-19T04:21:20.371Z - [36mverbose[39m: Rendering page: /Users/damithch/Repos/nus-cs2103/cs2103-website-base/se-book-adapted/chapters/refactoring.md
2026-04-19T04:21:20.452Z - [36mverbose[39m: Rendering page: /Users/damithch/Repos/nus-cs2103/cs2103-website-base/se-book-adapted/chapters/projectPlanning.md
2026-04-19T04:21:21.205Z - [36mverbose[39m: Rendering page: /Users/damithch/Repos/nus-cs2103/cs2103-website-base/se-book-adapted/chapters/processModels.md
2026-04-19T04:21:21.220Z - [36mverbose[39m: Rendering page: /Users/damithch/Repos/nus-cs2103/cs2103-website-base/se-book-adapted/chapters/principles.md
2026-04-19T04:21:21.240Z - [36mverbose[39m: Rendering page: /Users/damithch/Repos/nus-cs2103/cs2103-website-base/se-book-adapted/chapters/oop.md
2026-04-19T04:21:21.297Z - [36mverbose[39m: Rendering page: /Users/damithch/Repos/nus-cs2103/cs2103-website-base/se-book-adapted/chapters/modeling.md
2026-04-19T04:21:21.410Z - [36mverbose[39m: Rendering page: /Users/damithch/Repos/nus-cs2103/cs2103-website-base/se-book-adapted/chapters/intellij.md
2026-04-19T04:21:21.460Z - [36mverbose[39m: Rendering page: /Users/damithch/Repos/nus-cs2103/cs2103-website-base/se-book-adapted/chapters/integration.md
2026-04-19T04:21:21.469Z - [36mverbose[39m: Rendering page: /Users/damithch/Repos/nus-cs2103/cs2103-website-base/se-book-adapted/chapters/ides.md
2026-04-19T04:21:21.661Z - [36mverbose[39m: Rendering page: /Users/damithch/Repos/nus-cs2103/cs2103-website-base/se-book-adapted/chapters/gatheringRequirements.md
2026-04-19T04:21:21.922Z - [36mverbose[39m: Rendering page: /Users/damithch/Repos/nus-cs2103/cs2103-website-base/se-book-adapted/chapters/errorHandling.md
2026-04-19T04:21:21.946Z - [36mverbose[39m: Rendering page: /Users/damithch/Repos/nus-cs2103/cs2103-website-base/se-book-adapted/chapters/designPatterns.md
2026-04-19T04:21:21.965Z - [36mverbose[39m: Rendering page: /Users/damithch/Repos/nus-cs2103/cs2103-website-base/se-book-adapted/chapters/documentation.md
2026-04-19T04:21:22.009Z - [36mverbose[39m: Rendering page: /Users/damithch/Repos/nus-cs2103/cs2103-website-base/se-book-adapted/chapters/designFundamentals.md
2026-04-19T04:21:23.730Z - [36mverbose[39m: Rendering page: /Users/damithch/Repos/nus-cs2103/cs2103-website-base/se-book-adapted/chapters/designApproaches.md
2026-04-19T04:21:23.742Z - [36mverbose[39m: Rendering page: /Users/damithch/Repos/nus-cs2103/cs2103-website-base/se-book-adapted/chapters/design.md
2026-04-19T04:21:23.747Z - [36mverbose[39m: Rendering page: /Users/damithch/Repos/nus-cs2103/cs2103-website-base/se-book-adapted/chapters/cppToJava.md
2026-04-19T04:21:23.943Z - [36mverbose[39m: Rendering page: /Users/damithch/Repos/nus-cs2103/cs2103-website-base/se-book-adapted/chapters/codeQuality.md
2026-04-19T04:21:24.007Z - [36mverbose[39m: Rendering page: /Users/damithch/Repos/nus-cs2103/cs2103-website-base/se-book-adapted/chapters/architecture.md
2026-04-19T04:21:24.083Z - [36mverbose[39m: Rendering page: /Users/damithch/Repos/nus-cs2103/cs2103-website-base/se-book-adapted/index.md
2026-04-19T04:21:24.089Z - [36mverbose[39m: Rendering page: /Users/damithch/Repos/nus-cs2103/cs2103-website-base/book/about/acknowledgements.md
2026-04-19T04:21:24.238Z - [36mverbose[39m: Rendering page: /Users/damithch/Repos/nus-cs2103/cs2103-website-base/schedule/week9/tutorial.md
2026-04-19T04:21:24.248Z - [36mverbose[39m: Rendering page: /Users/damithch/Repos/nus-cs2103/cs2103-website-base/schedule/week8/tutorial.md
2026-04-19T04:21:24.256Z - [36mverbose[39m: Rendering page: /Users/damithch/Repos/nus-cs2103/cs2103-website-base/schedule/week6/tutorial.md
2026-04-19T04:21:24.261Z - [36mverbose[39m: Rendering page: /Users/damithch/Repos/nus-cs2103/cs2103-website-base/schedule/week7/tutorial.md
2026-04-19T04:21:25.343Z - [36mverbose[39m: Rendering page: /Users/damithch/Repos/nus-cs2103/cs2103-website-base/schedule/week5/tutorial.md
2026-04-19T04:21:25.368Z - [36mverbose[39m: Rendering page: /Users/damithch/Repos/nus-cs2103/cs2103-website-base/schedule/week4/tutorial.md
2026-04-19T04:21:25.377Z - [36mverbose[39m: Rendering page: /Users/damithch/Repos/nus-cs2103/cs2103-website-base/schedule/week3/tutorial.md
2026-04-19T04:21:25.389Z - [36mverbose[39m: Rendering page: /Users/damithch/Repos/nus-cs2103/cs2103-website-base/schedule/week2/tutorial.md
2026-04-19T04:21:25.597Z - [36mverbose[39m: Rendering page: /Users/damithch/Repos/nus-cs2103/cs2103-website-base/schedule/week13/tutorial.md
2026-04-19T04:21:25.602Z - [36mverbose[39m: Rendering page: /Users/damithch/Repos/nus-cs2103/cs2103-website-base/schedule/week12/tutorial.md
2026-04-19T04:21:25.606Z - [36mverbose[39m: Rendering page: /Users/damithch/Repos/nus-cs2103/cs2103-website-base/schedule/week11/tutorial.md
2026-04-19T04:21:25.615Z - [36mverbose[39m: Rendering page: /Users/damithch/Repos/nus-cs2103/cs2103-website-base/schedule/week10/tutorial.md
2026-04-19T04:21:27.112Z - [36mverbose[39m: Rendering page: /Users/damithch/Repos/nus-cs2103/cs2103-website-base/schedule/week1/tutorial.md
2026-04-19T04:21:27.120Z - [36mverbose[39m: Rendering page: /Users/damithch/Repos/nus-cs2103/cs2103-website-base/schedule/week9/topics.md
2026-04-19T04:21:27.160Z - [36mverbose[39m: Rendering page: /Users/damithch/Repos/nus-cs2103/cs2103-website-base/schedule/week8/topics.md
2026-04-19T04:21:27.206Z - [36mverbose[39m: Rendering page: /Users/damithch/Repos/nus-cs2103/cs2103-website-base/schedule/week7/topics.md
2026-04-19T04:21:28.640Z - [36mverbose[39m: Rendering page: /Users/damithch/Repos/nus-cs2103/cs2103-website-base/schedule/week6/topics.md
2026-04-19T04:21:28.660Z - [36mverbose[39m: Rendering page: /Users/damithch/Repos/nus-cs2103/cs2103-website-base/schedule/week5/topics.md
2026-04-19T04:21:28.711Z - [36mverbose[39m: Rendering page: /Users/damithch/Repos/nus-cs2103/cs2103-website-base/schedule/week4/topics.md
2026-04-19T04:21:28.744Z - [36mverbose[39m: Rendering page: /Users/damithch/Repos/nus-cs2103/cs2103-website-base/schedule/week3/topics.md
2026-04-19T04:21:29.477Z - [36mverbose[39m: Rendering page: /Users/damithch/Repos/nus-cs2103/cs2103-website-base/schedule/week2/topics.md
2026-04-19T04:21:29.497Z - [36mverbose[39m: Rendering page: /Users/damithch/Repos/nus-cs2103/cs2103-website-base/schedule/week13/topics.md
2026-04-19T04:21:29.502Z - [36mverbose[39m: Rendering page: /Users/damithch/Repos/nus-cs2103/cs2103-website-base/schedule/week12/topics.md
2026-04-19T04:21:29.506Z - [36mverbose[39m: Rendering page: /Users/damithch/Repos/nus-cs2103/cs2103-website-base/schedule/week11/topics.md
2026-04-19T04:21:32.273Z - [36mverbose[39m: Rendering page: /Users/damithch/Repos/nus-cs2103/cs2103-website-base/schedule/week10/topics.md
2026-04-19T04:21:32.309Z - [36mverbose[39m: Rendering page: /Users/damithch/Repos/nus-cs2103/cs2103-website-base/schedule/week9/project.md
2026-04-19T04:21:32.319Z - [36mverbose[39m: Rendering page: /Users/damithch/Repos/nus-cs2103/cs2103-website-base/schedule/week1/topics.md
2026-04-19T04:21:32.401Z - [36mverbose[39m: Rendering page: /Users/damithch/Repos/nus-cs2103/cs2103-website-base/schedule/week8/project.md
2026-04-19T04:21:36.349Z - [36mverbose[39m: Rendering page: /Users/damithch/Repos/nus-cs2103/cs2103-website-base/schedule/week6/project.md
2026-04-19T04:21:36.374Z - [36mverbose[39m: Rendering page: /Users/damithch/Repos/nus-cs2103/cs2103-website-base/schedule/week7/project.md
2026-04-19T04:21:36.393Z - [36mverbose[39m: Rendering page: /Users/damithch/Repos/nus-cs2103/cs2103-website-base/schedule/week5/project.md
2026-04-19T04:21:38.218Z - [36mverbose[39m: Rendering page: /Users/damithch/Repos/nus-cs2103/cs2103-website-base/schedule/week4/project.md
2026-04-19T04:21:41.521Z - [34mdebug[39m: 
2026-04-19T04:21:41.521Z - [34mdebug[39m: 
2026-04-19T04:21:41.523Z - [36mverbose[39m: Rendering page: /Users/damithch/Repos/nus-cs2103/cs2103-website-base/schedule/week13/project.md
2026-04-19T04:21:41.559Z - [36mverbose[39m: Rendering page: /Users/damithch/Repos/nus-cs2103/cs2103-website-base/schedule/week12/project.md
2026-04-19T04:21:43.599Z - [36mverbose[39m: Rendering page: /Users/damithch/Repos/nus-cs2103/cs2103-website-base/schedule/week3/project.md
2026-04-19T04:21:43.613Z - [36mverbose[39m: Rendering page: /Users/damithch/Repos/nus-cs2103/cs2103-website-base/schedule/week2/project.md
2026-04-19T04:21:43.801Z - [36mverbose[39m: Rendering page: /Users/damithch/Repos/nus-cs2103/cs2103-website-base/schedule/week10/project.md
2026-04-19T04:21:43.813Z - [36mverbose[39m: Rendering page: /Users/damithch/Repos/nus-cs2103/cs2103-website-base/schedule/week11/project.md
2026-04-19T04:21:44.027Z - [36mverbose[39m: Rendering page: /Users/damithch/Repos/nus-cs2103/cs2103-website-base/schedule/week1/project.md
2026-04-19T04:21:44.032Z - [36mverbose[39m: Rendering page: /Users/damithch/Repos/nus-cs2103/cs2103-website-base/schedule/week9/index.md
2026-04-19T04:21:44.484Z - [36mverbose[39m: Rendering page: /Users/damithch/Repos/nus-cs2103/cs2103-website-base/schedule/week8/index.md
2026-04-19T04:21:44.693Z - [36mverbose[39m: Rendering page: /Users/damithch/Repos/nus-cs2103/cs2103-website-base/schedule/week7/index.md
2026-04-19T04:21:44.955Z - [36mverbose[39m: Rendering page: /Users/damithch/Repos/nus-cs2103/cs2103-website-base/schedule/week6/index.md
2026-04-19T04:21:45.175Z - [36mverbose[39m: Rendering page: /Users/damithch/Repos/nus-cs2103/cs2103-website-base/schedule/week5/index.md
2026-04-19T04:21:45.185Z - [36mverbose[39m: Rendering page: /Users/damithch/Repos/nus-cs2103/cs2103-website-base/schedule/week4/index.md
2026-04-19T04:21:45.501Z - [36mverbose[39m: Rendering page: /Users/damithch/Repos/nus-cs2103/cs2103-website-base/schedule/week3/index.md
2026-04-19T04:21:45.612Z - [36mverbose[39m: Rendering page: /Users/damithch/Repos/nus-cs2103/cs2103-website-base/schedule/week2/index.md
2026-04-19T04:21:45.877Z - [36mverbose[39m: Rendering page: /Users/damithch/Repos/nus-cs2103/cs2103-website-base/schedule/week13/index.md
2026-04-19T04:21:45.887Z - [36mverbose[39m: Rendering page: /Users/damithch/Repos/nus-cs2103/cs2103-website-base/schedule/week12/index.md
2026-04-19T04:21:46.094Z - [36mverbose[39m: Rendering page: /Users/damithch/Repos/nus-cs2103/cs2103-website-base/schedule/week11/index.md
2026-04-19T04:21:46.244Z - [36mverbose[39m: Rendering page: /Users/damithch/Repos/nus-cs2103/cs2103-website-base/schedule/week10/index.md
2026-04-19T04:21:46.337Z - [36mverbose[39m: Rendering page: /Users/damithch/Repos/nus-cs2103/cs2103-website-base/schedule/week1/index.md
2026-04-19T04:21:46.381Z - [36mverbose[39m: Rendering page: /Users/damithch/Repos/nus-cs2103/cs2103-website-base/schedule/week9/admin.md
2026-04-19T04:21:46.387Z - [36mverbose[39m: Rendering page: /Users/damithch/Repos/nus-cs2103/cs2103-website-base/schedule/week8/admin.md
2026-04-19T04:21:46.486Z - [36mverbose[39m: Rendering page: /Users/damithch/Repos/nus-cs2103/cs2103-website-base/schedule/week7/admin.md
2026-04-19T04:21:47.520Z - [36mverbose[39m: Rendering page: /Users/damithch/Repos/nus-cs2103/cs2103-website-base/schedule/week6/admin.md
2026-04-19T04:21:47.531Z - [36mverbose[39m: Rendering page: /Users/damithch/Repos/nus-cs2103/cs2103-website-base/schedule/week5/admin.md
2026-04-19T04:21:47.542Z - [36mverbose[39m: Rendering page: /Users/damithch/Repos/nus-cs2103/cs2103-website-base/schedule/week4/admin.md
2026-04-19T04:21:47.797Z - [36mverbose[39m: Rendering page: /Users/damithch/Repos/nus-cs2103/cs2103-website-base/schedule/week3/admin.md
2026-04-19T04:21:47.975Z - [36mverbose[39m: Rendering page: /Users/damithch/Repos/nus-cs2103/cs2103-website-base/schedule/week2/admin.md
2026-04-19T04:21:48.197Z - [36mverbose[39m: Rendering page: /Users/damithch/Repos/nus-cs2103/cs2103-website-base/schedule/week13/admin.md
2026-04-19T04:21:48.217Z - [36mverbose[39m: Rendering page: /Users/damithch/Repos/nus-cs2103/cs2103-website-base/schedule/week12/admin.md
2026-04-19T04:21:51.430Z - [34mdebug[39m: 
2026-04-19T04:21:51.430Z - [36mverbose[39m: Rendering page: /Users/damithch/Repos/nus-cs2103/cs2103-website-base/schedule/week1/admin.md
2026-04-19T04:21:51.665Z - [36mverbose[39m: Rendering page: /Users/damithch/Repos/nus-cs2103/cs2103-website-base/schedule/week10/admin.md
2026-04-19T04:21:51.670Z - [36mverbose[39m: Rendering page: /Users/damithch/Repos/nus-cs2103/cs2103-website-base/schedule/week11/admin.md
2026-04-19T04:21:51.676Z - [36mverbose[39m: Rendering page: /Users/damithch/Repos/nus-cs2103/cs2103-website-base/schedule/timeline.md
2026-04-19T04:21:51.794Z - [36mverbose[39m: Rendering page: /Users/damithch/Repos/nus-cs2103/cs2103-website-base/schedule/index.md
2026-04-19T04:21:51.811Z - [36mverbose[39m: Rendering page: /Users/damithch/Repos/nus-cs2103/cs2103-website-base/admin/usingThisWebsite.md
2026-04-19T04:21:51.855Z - [36mverbose[39m: Rendering page: /Users/damithch/Repos/nus-cs2103/cs2103-website-base/admin/uml-reference-sheet.md
2026-04-19T04:21:51.860Z - [36mverbose[39m: Rendering page: /Users/damithch/Repos/nus-cs2103/cs2103-website-base/admin/weeklySchedule.md
2026-04-19T04:21:53.810Z - [36mverbose[39m: Rendering page: /Users/damithch/Repos/nus-cs2103/cs2103-website-base/admin/tutors-info.md
2026-04-19T04:21:53.824Z - [36mverbose[39m: Rendering page: /Users/damithch/Repos/nus-cs2103/cs2103-website-base/admin/tutorials.md
2026-04-19T04:21:54.740Z - [36mverbose[39m: Rendering page: /Users/damithch/Repos/nus-cs2103/cs2103-website-base/admin/tp-w8.md
2026-04-19T04:21:54.759Z - [36mverbose[39m: Rendering page: /Users/damithch/Repos/nus-cs2103/cs2103-website-base/admin/tp-w9.md
2026-04-19T04:21:56.556Z - [36mverbose[39m: Rendering page: /Users/damithch/Repos/nus-cs2103/cs2103-website-base/admin/tp-w7.md
2026-04-19T04:21:56.578Z - [36mverbose[39m: Rendering page: /Users/damithch/Repos/nus-cs2103/cs2103-website-base/admin/tp-w6.md
2026-04-19T04:21:57.044Z - [36mverbose[39m: Rendering page: /Users/damithch/Repos/nus-cs2103/cs2103-website-base/admin/tp-w4.md
2026-04-19T04:21:57.057Z - [36mverbose[39m: Rendering page: /Users/damithch/Repos/nus-cs2103/cs2103-website-base/admin/tp-w5.md
2026-04-19T04:22:00.074Z - [36mverbose[39m: Rendering page: /Users/damithch/Repos/nus-cs2103/cs2103-website-base/admin/tp-w3.md
2026-04-19T04:22:00.085Z - [36mverbose[39m: Rendering page: /Users/damithch/Repos/nus-cs2103/cs2103-website-base/admin/tp-w2.md
2026-04-19T04:22:02.127Z - [36mverbose[39m: Rendering page: /Users/damithch/Repos/nus-cs2103/cs2103-website-base/admin/tp-w13.md
2026-04-19T04:22:02.165Z - [36mverbose[39m: Rendering page: /Users/damithch/Repos/nus-cs2103/cs2103-website-base/admin/tp-w12.md
2026-04-19T04:22:02.196Z - [36mverbose[39m: Rendering page: /Users/damithch/Repos/nus-cs2103/cs2103-website-base/admin/tp-w11.md
2026-04-19T04:22:02.217Z - [36mverbose[39m: Rendering page: /Users/damithch/Repos/nus-cs2103/cs2103-website-base/admin/tp-w10.md
2026-04-19T04:22:03.717Z - [34mdebug[39m: 
2026-04-19T04:22:03.762Z - [34mdebug[39m: 
2026-04-19T04:22:03.816Z - [36mverbose[39m: Rendering page: /Users/damithch/Repos/nus-cs2103/cs2103-website-base/admin/tp-timeline.md
2026-04-19T04:22:03.827Z - [36mverbose[39m: Rendering page: /Users/damithch/Repos/nus-cs2103/cs2103-website-base/admin/tp-teams.md
2026-04-19T04:22:03.844Z - [36mverbose[39m: Rendering page: /Users/damithch/Repos/nus-cs2103/cs2103-website-base/admin/tp-supervision.md
2026-04-19T04:22:03.853Z - [36mverbose[39m: Rendering page: /Users/damithch/Repos/nus-cs2103/cs2103-website-base/admin/tp-ped.md
2026-04-19T04:22:05.084Z - [36mverbose[39m: Rendering page: /Users/damithch/Repos/nus-cs2103/cs2103-website-base/admin/tp-overview.md
2026-04-19T04:22:05.095Z - [36mverbose[39m: Rendering page: /Users/damithch/Repos/nus-cs2103/cs2103-website-base/admin/tp-pe.md
2026-04-19T04:22:05.127Z - [36mverbose[39m: Rendering page: /Users/damithch/Repos/nus-cs2103/cs2103-website-base/admin/tp-grading.md
2026-04-19T04:22:05.145Z - [36mverbose[39m: Rendering page: /Users/damithch/Repos/nus-cs2103/cs2103-website-base/admin/tp-expectations.md
2026-04-19T04:22:05.573Z - [36mverbose[39m: Rendering page: /Users/damithch/Repos/nus-cs2103/cs2103-website-base/admin/tp-deliverables.md
2026-04-19T04:22:05.587Z - [36mverbose[39m: Rendering page: /Users/damithch/Repos/nus-cs2103/cs2103-website-base/admin/tp-common-fragments.md
2026-04-19T04:22:05.591Z - [36mverbose[39m: Rendering page: /Users/damithch/Repos/nus-cs2103/cs2103-website-base/admin/tp-constraints.md
2026-04-19T04:22:06.083Z - [36mverbose[39m: Rendering page: /Users/damithch/Repos/nus-cs2103/cs2103-website-base/admin/tools.md
2026-04-19T04:22:06.118Z - [36mverbose[39m: Rendering page: /Users/damithch/Repos/nus-cs2103/cs2103-website-base/admin/textbooks.md
2026-04-19T04:22:06.161Z - [36mverbose[39m: Rendering page: /Users/damithch/Repos/nus-cs2103/cs2103-website-base/admin/teamList.md
2026-04-19T04:22:06.203Z - [36mverbose[39m: Rendering page: /Users/damithch/Repos/nus-cs2103/cs2103-website-base/admin/syllabus.md
2026-04-19T04:22:06.263Z - [36mverbose[39m: Rendering page: /Users/damithch/Repos/nus-cs2103/cs2103-website-base/admin/standardsAndConventions.md
2026-04-19T04:22:06.345Z - [36mverbose[39m: Rendering page: /Users/damithch/Repos/nus-cs2103/cs2103-website-base/admin/reposenseAuthorAnnotation.md
2026-04-19T04:22:06.352Z - [36mverbose[39m: Rendering page: /Users/damithch/Repos/nus-cs2103/cs2103-website-base/admin/programmingLanguages.md
2026-04-19T04:22:06.410Z - [36mverbose[39m: Rendering page: /Users/damithch/Repos/nus-cs2103/cs2103-website-base/admin/peerEvaluations.md
2026-04-19T04:22:06.621Z - [36mverbose[39m: Rendering page: /Users/damithch/Repos/nus-cs2103/cs2103-website-base/admin/participation.md
2026-04-19T04:22:06.653Z - [36mverbose[39m: Rendering page: /Users/damithch/Repos/nus-cs2103/cs2103-website-base/admin/overview-for-teachers.md
2026-04-19T04:22:06.664Z - [36mverbose[39m: Rendering page: /Users/damithch/Repos/nus-cs2103/cs2103-website-base/admin/mid-semester-survey-results.md
2026-04-19T04:22:06.768Z - [36mverbose[39m: Rendering page: /Users/damithch/Repos/nus-cs2103/cs2103-website-base/admin/lectures.md
2026-04-19T04:22:07.285Z - [36mverbose[39m: Rendering page: /Users/damithch/Repos/nus-cs2103/cs2103-website-base/admin/ip-w8.md
2026-04-19T04:22:07.585Z - [36mverbose[39m: Rendering page: /Users/damithch/Repos/nus-cs2103/cs2103-website-base/admin/ip-w7.md
2026-04-19T04:22:08.167Z - [36mverbose[39m: Rendering page: /Users/damithch/Repos/nus-cs2103/cs2103-website-base/admin/ip-w6.md
2026-04-19T04:22:08.185Z - [36mverbose[39m: Rendering page: /Users/damithch/Repos/nus-cs2103/cs2103-website-base/admin/ip-w5.md
2026-04-19T04:22:09.666Z - [36mverbose[39m: Rendering page: /Users/damithch/Repos/nus-cs2103/cs2103-website-base/admin/ip-w4.md
2026-04-19T04:22:10.190Z - [36mverbose[39m: Rendering page: /Users/damithch/Repos/nus-cs2103/cs2103-website-base/admin/ip-w3.md
2026-04-19T04:22:10.239Z - [36mverbose[39m: Rendering page: /Users/damithch/Repos/nus-cs2103/cs2103-website-base/admin/ip-w2.md
2026-04-19T04:22:10.283Z - [36mverbose[39m: Rendering page: /Users/damithch/Repos/nus-cs2103/cs2103-website-base/admin/ip-showcase.md
2026-04-19T04:22:10.329Z - [36mverbose[39m: Rendering page: /Users/damithch/Repos/nus-cs2103/cs2103-website-base/admin/ip-overview.md
2026-04-19T04:22:10.423Z - [36mverbose[39m: Rendering page: /Users/damithch/Repos/nus-cs2103/cs2103-website-base/admin/ip-grading.md
2026-04-19T04:22:10.826Z - [36mverbose[39m: Rendering page: /Users/damithch/Repos/nus-cs2103/cs2103-website-base/admin/index.md
2026-04-19T04:22:10.834Z - [36mverbose[39m: Rendering page: /Users/damithch/Repos/nus-cs2103/cs2103-website-base/admin/instructors.md
2026-04-19T04:22:11.047Z - [36mverbose[39m: Rendering page: /Users/damithch/Repos/nus-cs2103/cs2103-website-base/admin/gradeBreakdown.md
2026-04-19T04:22:11.063Z - [36mverbose[39m: Rendering page: /Users/damithch/Repos/nus-cs2103/cs2103-website-base/admin/exams.md
2026-04-19T04:22:11.075Z - [36mverbose[39m: Rendering page: /Users/damithch/Repos/nus-cs2103/cs2103-website-base/admin/exams-f2f.md
2026-04-19T04:22:11.081Z - [36mverbose[39m: Rendering page: /Users/damithch/Repos/nus-cs2103/cs2103-website-base/admin/exam-reference-sheet.md
2026-04-19T04:22:11.200Z - [36mverbose[39m: Rendering page: /Users/damithch/Repos/nus-cs2103/cs2103-website-base/admin/exam-pen-and-paper.md
2026-04-19T04:22:11.208Z - [36mverbose[39m: Rendering page: /Users/damithch/Repos/nus-cs2103/cs2103-website-base/admin/courseOverview.md
2026-04-19T04:22:11.216Z - [36mverbose[39m: Rendering page: /Users/damithch/Repos/nus-cs2103/cs2103-website-base/admin/courseExpectations.md
2026-04-19T04:22:11.222Z - [36mverbose[39m: Rendering page: /Users/damithch/Repos/nus-cs2103/cs2103-website-base/admin/courseBriefings.md
2026-04-19T04:22:11.335Z - [36mverbose[39m: Rendering page: /Users/damithch/Repos/nus-cs2103/cs2103-website-base/admin/appendixH-tipsFromStudents.md
2026-04-19T04:22:11.349Z - [36mverbose[39m: Rendering page: /Users/damithch/Repos/nus-cs2103/cs2103-website-base/admin/appendixG-troubleshooting.md
2026-04-19T04:22:11.355Z - [36mverbose[39m: Rendering page: /Users/damithch/Repos/nus-cs2103/cs2103-website-base/admin/appendixG-CS2103R.md
2026-04-19T04:22:11.360Z - [36mverbose[39m: Rendering page: /Users/damithch/Repos/nus-cs2103/cs2103-website-base/admin/appendixF-teamworkIssues.md
2026-04-19T04:22:11.589Z - [36mverbose[39m: Rendering page: /Users/damithch/Repos/nus-cs2103/cs2103-website-base/admin/appendixE-gitHub.md
2026-04-19T04:22:11.601Z - [36mverbose[39m: Rendering page: /Users/damithch/Repos/nus-cs2103/cs2103-website-base/admin/appendixD-help.md
2026-04-19T04:22:11.614Z - [32minfo[39m: Pages built
2026-04-19T04:22:11.687Z - [32minfo[39m: Site data built
2026-04-19T04:22:11.688Z - [32minfo[39m: Website generation complete! Total build time: 92.208s
2026-04-19T04:22:11.688Z - [32minfo[39m: Build success!
2026-04-19T04:22:38.654Z - [32minfo[39m: GitHub Actions deployment initiated. Check status at: https://github.com/NUS-CS2103-AY2526-S2/website/actions
2026-04-19T04:22:38.654Z - [32minfo[39m: The website will be deployed at: https://NUS-CS2103-AY2526-S2.github.io/website
2026-04-19T06:03:05.116Z - [32minfo[39m: Website generation (lazy) started at 14:03:04
2026-04-19T06:03:05.581Z - [32minfo[39m: Building assets...
2026-04-19T06:03:06.947Z - [32minfo[39m: Assets built
2026-04-19T06:03:06.948Z - [32minfo[39m: Generating landing page...
2026-04-19T06:03:07.403Z - [36mverbose[39m: Rendering page: /Users/damithch/Repos/nus-cs2103/cs2103-website-base/index.md
2026-04-19T06:03:07.421Z - [32minfo[39m: Landing page built, other pages will be built as you navigate to them!
2026-04-19T06:03:07.489Z - [32minfo[39m: Site data built
2026-04-19T06:03:07.489Z - [32minfo[39m: Website generation (lazy) complete! Total build time: 3.217s
2026-04-19T06:03:07.500Z - [32minfo[39m: Serving "/Users/damithch/Repos/nus-cs2103/cs2103-website-base/_site" at http://127.0.0.1:8080
2026-04-19T06:03:07.500Z - [32minfo[39m: Press CTRL+C to stop ...
2026-04-19T06:03:20.242Z - [32minfo[39m: Building /Users/damithch/Repos/nus-cs2103/cs2103-website-base/admin/exams as some of its dependencies were changed since the last visit
2026-04-19T06:03:20.603Z - [36mverbose[39m: Rendering page: /Users/damithch/Repos/nus-cs2103/cs2103-website-base/admin/exams.md
2026-04-19T06:03:20.624Z - [32minfo[39m: Site data built
2026-04-19T06:03:20.624Z - [32minfo[39m: Lazy website regeneration complete! Total build time: 0.383s
2026-04-19T06:03:25.722Z - [32minfo[39m: Building /Users/damithch/Repos/nus-cs2103/cs2103-website-base/admin/tp-pe as some of its dependencies were changed since the last visit
2026-04-19T06:03:27.961Z - [34mdebug[39m: 
2026-04-19T06:03:27.963Z - [34mdebug[39m: 
2026-04-19T06:03:28.062Z - [36mverbose[39m: Rendering page: /Users/damithch/Repos/nus-cs2103/cs2103-website-base/admin/tp-pe.md
2026-04-19T06:03:28.141Z - [32minfo[39m: Site data built
2026-04-19T06:03:28.141Z - [32minfo[39m: Lazy website regeneration complete! Total build time: 2.42s
2026-04-19T06:04:13.051Z - [32minfo[39m: [14:04:13] Reload for file change: /Users/damithch/Repos/nus-cs2103/cs2103-website-base/admin/tp-pe-fragment.md
2026-04-19T06:04:13.054Z - [32minfo[39m: Synchronizing opened pages list before reload
2026-04-19T06:04:13.056Z - [32minfo[39m: Current opened pages, from most-to-least recent:
2026-04-19T06:04:13.057Z - [32minfo[39m: 1. admin/tp-pe
2026-04-19T06:04:14.061Z - [32minfo[39m: Rebuilding 1 pages
2026-04-19T06:04:15.013Z - [36mverbose[39m: Rendering page: /Users/damithch/Repos/nus-cs2103/cs2103-website-base/admin/tp-pe.md
2026-04-19T06:04:15.056Z - [32minfo[39m: Site data built
2026-04-19T06:04:15.056Z - [32minfo[39m: Pages rebuilt
2026-04-19T06:04:15.056Z - [32minfo[39m: Website regeneration complete! Total build time: 0.998s
2026-04-19T06:04:45.089Z - [32minfo[39m: [14:04:45] Reload for file change: /Users/damithch/Repos/nus-cs2103/cs2103-website-base/admin/tp-pe-fragment.md
2026-04-19T06:04:45.090Z - [32minfo[39m: Synchronizing opened pages list before reload
2026-04-19T06:04:45.091Z - [32minfo[39m: Current opened pages, from most-to-least recent:
2026-04-19T06:04:45.092Z - [32minfo[39m: 1. admin/tp-pe
2026-04-19T06:04:46.100Z - [32minfo[39m: Rebuilding 1 pages
2026-04-19T06:04:47.036Z - [36mverbose[39m: Rendering page: /Users/damithch/Repos/nus-cs2103/cs2103-website-base/admin/tp-pe.md
2026-04-19T06:04:47.084Z - [32minfo[39m: Site data built
2026-04-19T06:04:47.084Z - [32minfo[39m: Pages rebuilt
2026-04-19T06:04:47.084Z - [32minfo[39m: Website regeneration complete! Total build time: 0.988s
2026-04-19T06:06:00.502Z - [32minfo[39m: [14:06:00] Reload for file change: /Users/damithch/Repos/nus-cs2103/cs2103-website-base/admin/tp-pe-fragment.md
2026-04-19T06:06:00.503Z - [32minfo[39m: Synchronizing opened pages list before reload
2026-04-19T06:06:00.503Z - [32minfo[39m: Current opened pages, from most-to-least recent:
2026-04-19T06:06:00.504Z - [32minfo[39m: 1. admin/tp-pe
2026-04-19T06:06:01.510Z - [32minfo[39m: Rebuilding 1 pages
2026-04-19T06:06:06.482Z - [32minfo[39m: Website generation started at 14:06:05
2026-04-19T06:06:06.818Z - [32minfo[39m: Building assets...
2026-04-19T06:06:08.725Z - [32minfo[39m: Assets built
2026-04-19T06:06:08.726Z - [32minfo[39m: Generating pages...
2026-04-19T06:06:11.286Z - [36mverbose[39m: Rendering page: /Users/damithch/Repos/nus-cs2103/cs2103-website-base/admin/acknowledgements.md
2026-04-19T06:06:11.299Z - [36mverbose[39m: Rendering page: /Users/damithch/Repos/nus-cs2103/cs2103-website-base/admin/appendixA-principles.md
2026-04-19T06:06:11.310Z - [36mverbose[39m: Rendering page: /Users/damithch/Repos/nus-cs2103/cs2103-website-base/admin/appendixB-policies.md
2026-04-19T06:06:11.332Z - [36mverbose[39m: Rendering page: /Users/damithch/Repos/nus-cs2103/cs2103-website-base/admin/appendixC-faq.md
2026-04-19T06:06:16.038Z - [34mdebug[39m: 
2026-04-19T06:06:16.038Z - [34mdebug[39m: 
2026-04-19T06:06:16.039Z - [34mdebug[39m: 
2026-04-19T06:06:16.039Z - [34mdebug[39m: 
2026-04-19T06:06:16.039Z - [34mdebug[39m: 
2026-04-19T06:06:16.039Z - [34mdebug[39m: 
2026-04-19T06:06:16.039Z - [34mdebug[39m: 
2026-04-19T06:06:16.039Z - [34mdebug[39m: 
2026-04-19T06:06:16.039Z - [34mdebug[39m: 
2026-04-19T06:06:16.039Z - [34mdebug[39m: 
2026-04-19T06:06:16.039Z - [34mdebug[39m: 
2026-04-19T06:06:16.040Z - [34mdebug[39m: 
2026-04-19T06:06:16.040Z - [34mdebug[39m: 
2026-04-19T06:06:16.040Z - [34mdebug[39m: 
2026-04-19T06:06:16.040Z - [34mdebug[39m: 
2026-04-19T06:06:16.040Z - [34mdebug[39m: 
2026-04-19T06:06:16.041Z - [36mverbose[39m: Rendering page: /Users/damithch/Repos/nus-cs2103/cs2103-website-base/book/uml/stereotypes/index.md
2026-04-19T06:06:16.059Z - [36mverbose[39m: Rendering page: /Users/damithch/Repos/nus-cs2103/cs2103-website-base/book/uml/stereotypes/what/index.md
2026-04-19T06:06:16.093Z - [36mverbose[39m: Rendering page: /Users/damithch/Repos/nus-cs2103/cs2103-website-base/se-book-adapted/print.md
2026-04-19T06:06:16.371Z - [36mverbose[39m: Rendering page: /Users/damithch/Repos/nus-cs2103/cs2103-website-base/index.md
2026-04-19T06:06:16.430Z - [36mverbose[39m: Rendering page: /Users/damithch/Repos/nus-cs2103/cs2103-website-base/book/uml/sequenceDiagrams/staticMethods/index.md
2026-04-19T06:06:16.502Z - [36mverbose[39m: Rendering page: /Users/damithch/Repos/nus-cs2103/cs2103-website-base/book/uml/sequenceDiagrams/selfInvocation/index.md
2026-04-19T06:06:16.550Z - [36mverbose[39m: Rendering page: /Users/damithch/Repos/nus-cs2103/cs2103-website-base/book/uml/sequenceDiagrams/referenceFrames/index.md
2026-04-19T06:06:16.568Z - [36mverbose[39m: Rendering page: /Users/damithch/Repos/nus-cs2103/cs2103-website-base/book/uml/sequenceDiagrams/parallelPaths/index.md
2026-04-19T06:06:16.609Z - [36mverbose[39m: Rendering page: /Users/damithch/Repos/nus-cs2103/cs2103-website-base/book/uml/sequenceDiagrams/optionalPaths/index.md
2026-04-19T06:06:16.666Z - [36mverbose[39m: Rendering page: /Users/damithch/Repos/nus-cs2103/cs2103-website-base/book/uml/sequenceDiagrams/objectDeletion/index.md
2026-04-19T06:06:16.714Z - [36mverbose[39m: Rendering page: /Users/damithch/Repos/nus-cs2103/cs2103-website-base/book/uml/sequenceDiagrams/objectCreation/index.md
2026-04-19T06:06:16.726Z - [36mverbose[39m: Rendering page: /Users/damithch/Repos/nus-cs2103/cs2103-website-base/book/uml/sequenceDiagrams/minimalNotation/index.md
2026-04-19T06:06:16.777Z - [36mverbose[39m: Rendering page: /Users/damithch/Repos/nus-cs2103/cs2103-website-base/book/uml/sequenceDiagrams/loops/index.md
2026-04-19T06:06:16.906Z - [36mverbose[39m: Rendering page: /Users/damithch/Repos/nus-cs2103/cs2103-website-base/book/uml/sequenceDiagrams/introduction/index.md
2026-04-19T06:06:16.928Z - [36mverbose[39m: Rendering page: /Users/damithch/Repos/nus-cs2103/cs2103-website-base/book/uml/sequenceDiagrams/basic/index.md
2026-04-19T06:06:16.935Z - [36mverbose[39m: Rendering page: /Users/damithch/Repos/nus-cs2103/cs2103-website-base/book/uml/sequenceDiagrams/index.md
2026-04-19T06:06:16.981Z - [36mverbose[39m: Rendering page: /Users/damithch/Repos/nus-cs2103/cs2103-website-base/book/uml/sequenceDiagrams/alternativePaths/index.md
2026-04-19T06:06:17.032Z - [36mverbose[39m: Rendering page: /Users/damithch/Repos/nus-cs2103/cs2103-website-base/book/uml/objectDiagrams/objects/index.md
2026-04-19T06:06:17.053Z - [36mverbose[39m: Rendering page: /Users/damithch/Repos/nus-cs2103/cs2103-website-base/book/uml/objectDiagrams/introduction/index.md
2026-04-19T06:06:17.058Z - [36mverbose[39m: Rendering page: /Users/damithch/Repos/nus-cs2103/cs2103-website-base/book/uml/objectDiagrams/index.md
2026-04-19T06:06:17.078Z - [36mverbose[39m: Rendering page: /Users/damithch/Repos/nus-cs2103/cs2103-website-base/book/uml/objectDiagrams/associations/index.md
2026-04-19T06:06:17.109Z - [36mverbose[39m: Rendering page: /Users/damithch/Repos/nus-cs2103/cs2103-website-base/book/uml/notes/notes/index.md
2026-04-19T06:06:18.839Z - [34mdebug[39m: 
2026-04-19T06:06:18.842Z - [34mdebug[39m: 
2026-04-19T06:06:18.922Z - [34mdebug[39m: 
2026-04-19T06:06:18.925Z - [34mdebug[39m: 
2026-04-19T06:06:18.989Z - [34mdebug[39m: 
2026-04-19T06:06:18.990Z - [34mdebug[39m: 
2026-04-19T06:06:19.030Z - [36mverbose[39m: Rendering page: /Users/damithch/Repos/nus-cs2103/cs2103-website-base/book/uml/miscellaneous/objectVsClassDiagrams/index.md
2026-04-19T06:06:19.051Z - [36mverbose[39m: Rendering page: /Users/damithch/Repos/nus-cs2103/cs2103-website-base/book/uml/miscellaneous/index.md
2026-04-19T06:06:19.371Z - [36mverbose[39m: Rendering page: /Users/damithch/Repos/nus-cs2103/cs2103-website-base/book/uml/notes/index.md
2026-04-19T06:06:19.377Z - [36mverbose[39m: Rendering page: /Users/damithch/Repos/nus-cs2103/cs2103-website-base/book/uml/notes/constraints/index.md
2026-04-19T06:06:19.397Z - [36mverbose[39m: Rendering page: /Users/damithch/Repos/nus-cs2103/cs2103-website-base/book/uml/index.md
2026-04-19T06:06:19.452Z - [36mverbose[39m: Rendering page: /Users/damithch/Repos/nus-cs2103/cs2103-website-base/book/uml/classDiagrams/introduction/what/index.md
2026-04-19T06:06:19.469Z - [36mverbose[39m: Rendering page: /Users/damithch/Repos/nus-cs2103/cs2103-website-base/book/uml/classDiagrams/introduction/index.md
2026-04-19T06:06:19.487Z - [36mverbose[39m: Rendering page: /Users/damithch/Repos/nus-cs2103/cs2103-website-base/book/uml/classDiagrams/interfaces/what/index.md
2026-04-19T06:06:19.667Z - [36mverbose[39m: Rendering page: /Users/damithch/Repos/nus-cs2103/cs2103-website-base/book/uml/classDiagrams/interfaces/index.md
2026-04-19T06:06:19.690Z - [36mverbose[39m: Rendering page: /Users/damithch/Repos/nus-cs2103/cs2103-website-base/book/uml/classDiagrams/index.md
2026-04-19T06:06:19.727Z - [36mverbose[39m: Rendering page: /Users/damithch/Repos/nus-cs2103/cs2103-website-base/book/uml/classDiagrams/enumerations/what/index.md
2026-04-19T06:06:19.748Z - [36mverbose[39m: Rendering page: /Users/damithch/Repos/nus-cs2103/cs2103-website-base/book/uml/classDiagrams/enumerations/index.md
2026-04-19T06:06:19.780Z - [36mverbose[39m: Rendering page: /Users/damithch/Repos/nus-cs2103/cs2103-website-base/book/uml/classDiagrams/dependencies/what/index.md
2026-04-19T06:06:19.797Z - [36mverbose[39m: Rendering page: /Users/damithch/Repos/nus-cs2103/cs2103-website-base/book/uml/classDiagrams/dependencies/index.md
2026-04-19T06:06:19.803Z - [36mverbose[39m: Rendering page: /Users/damithch/Repos/nus-cs2103/cs2103-website-base/book/uml/classDiagrams/composition/what/index.md
2026-04-19T06:06:19.808Z - [36mverbose[39m: Rendering page: /Users/damithch/Repos/nus-cs2103/cs2103-website-base/book/uml/classDiagrams/composition/index.md
2026-04-19T06:06:19.926Z - [36mverbose[39m: Rendering page: /Users/damithch/Repos/nus-cs2103/cs2103-website-base/book/uml/classDiagrams/combine/index.md
2026-04-19T06:06:19.935Z - [36mverbose[39m: Rendering page: /Users/damithch/Repos/nus-cs2103/cs2103-website-base/book/uml/classDiagrams/combine/basic/index.md
2026-04-19T06:06:19.941Z - [36mverbose[39m: Rendering page: /Users/damithch/Repos/nus-cs2103/cs2103-website-base/book/uml/classDiagrams/classes/what/index.md
2026-04-19T06:06:19.961Z - [36mverbose[39m: Rendering page: /Users/damithch/Repos/nus-cs2103/cs2103-website-base/book/uml/classDiagrams/classes/index.md
2026-04-19T06:06:19.997Z - [36mverbose[39m: Rendering page: /Users/damithch/Repos/nus-cs2103/cs2103-website-base/book/uml/classDiagrams/classLevelMembers/what/index.md
2026-04-19T06:06:20.016Z - [36mverbose[39m: Rendering page: /Users/damithch/Repos/nus-cs2103/cs2103-website-base/book/uml/classDiagrams/classLevelMembers/index.md
2026-04-19T06:06:20.021Z - [36mverbose[39m: Rendering page: /Users/damithch/Repos/nus-cs2103/cs2103-website-base/book/uml/classDiagrams/classInheritance/what/index.md
2026-04-19T06:06:20.041Z - [36mverbose[39m: Rendering page: /Users/damithch/Repos/nus-cs2103/cs2103-website-base/book/uml/classDiagrams/classInheritance/index.md
2026-04-19T06:06:20.088Z - [36mverbose[39m: Rendering page: /Users/damithch/Repos/nus-cs2103/cs2103-website-base/book/uml/classDiagrams/associationsAsAttributes/what/index.md
2026-04-19T06:06:20.096Z - [36mverbose[39m: Rendering page: /Users/damithch/Repos/nus-cs2103/cs2103-website-base/book/uml/classDiagrams/associationsAsAttributes/index.md
2026-04-19T06:06:20.101Z - [36mverbose[39m: Rendering page: /Users/damithch/Repos/nus-cs2103/cs2103-website-base/book/uml/classDiagrams/associations/what/index.md
2026-04-19T06:06:20.106Z - [36mverbose[39m: Rendering page: /Users/damithch/Repos/nus-cs2103/cs2103-website-base/book/uml/classDiagrams/associations/roles/index.md
2026-04-19T06:06:20.204Z - [36mverbose[39m: Rendering page: /Users/damithch/Repos/nus-cs2103/cs2103-website-base/book/uml/classDiagrams/associations/navigability/index.md
2026-04-19T06:06:20.216Z - [36mverbose[39m: Rendering page: /Users/damithch/Repos/nus-cs2103/cs2103-website-base/book/uml/classDiagrams/associations/multiplicity/index.md
2026-04-19T06:06:20.231Z - [36mverbose[39m: Rendering page: /Users/damithch/Repos/nus-cs2103/cs2103-website-base/book/uml/classDiagrams/associations/labels/index.md
2026-04-19T06:06:20.237Z - [36mverbose[39m: Rendering page: /Users/damithch/Repos/nus-cs2103/cs2103-website-base/book/uml/classDiagrams/associations/index.md
2026-04-19T06:06:20.302Z - [36mverbose[39m: Rendering page: /Users/damithch/Repos/nus-cs2103/cs2103-website-base/book/uml/classDiagrams/associationClasses/what/index.md
2026-04-19T06:06:20.308Z - [36mverbose[39m: Rendering page: /Users/damithch/Repos/nus-cs2103/cs2103-website-base/book/uml/classDiagrams/aggregation/what/index.md
2026-04-19T06:06:20.312Z - [36mverbose[39m: Rendering page: /Users/damithch/Repos/nus-cs2103/cs2103-website-base/book/uml/classDiagrams/associationClasses/index.md
2026-04-19T06:06:20.319Z - [36mverbose[39m: Rendering page: /Users/damithch/Repos/nus-cs2103/cs2103-website-base/book/uml/classDiagrams/aggregation/index.md
2026-04-19T06:06:20.379Z - [36mverbose[39m: Rendering page: /Users/damithch/Repos/nus-cs2103/cs2103-website-base/book/uml/classDiagrams/abstractClasses/what/index.md
2026-04-19T06:06:20.386Z - [36mverbose[39m: Rendering page: /Users/damithch/Repos/nus-cs2103/cs2103-website-base/book/uml/classDiagrams/abstractClasses/index.md
2026-04-19T06:06:20.392Z - [36mverbose[39m: Rendering page: /Users/damithch/Repos/nus-cs2103/cs2103-website-base/book/uml/activityDiagrams/introduction/what/index.md
2026-04-19T06:06:20.397Z - [36mverbose[39m: Rendering page: /Users/damithch/Repos/nus-cs2103/cs2103-website-base/book/uml/activityDiagrams/introduction/index.md
2026-04-19T06:06:20.503Z - [36mverbose[39m: Rendering page: /Users/damithch/Repos/nus-cs2103/cs2103-website-base/book/uml/activityDiagrams/index.md
2026-04-19T06:06:20.513Z - [36mverbose[39m: Rendering page: /Users/damithch/Repos/nus-cs2103/cs2103-website-base/book/uml/activityDiagrams/basicNotations/swimlanes/index.md
2026-04-19T06:06:20.520Z - [36mverbose[39m: Rendering page: /Users/damithch/Repos/nus-cs2103/cs2103-website-base/book/uml/activityDiagrams/basicNotations/rakes/index.md
2026-04-19T06:06:20.526Z - [36mverbose[39m: Rendering page: /Users/damithch/Repos/nus-cs2103/cs2103-website-base/book/uml/activityDiagrams/basicNotations/parallelPaths/index.md
2026-04-19T06:06:20.620Z - [36mverbose[39m: Rendering page: /Users/damithch/Repos/nus-cs2103/cs2103-website-base/book/uml/activityDiagrams/basicNotations/linearPaths/index.md
2026-04-19T06:06:20.629Z - [36mverbose[39m: Rendering page: /Users/damithch/Repos/nus-cs2103/cs2103-website-base/book/uml/activityDiagrams/basicNotations/index.md
2026-04-19T06:06:20.646Z - [36mverbose[39m: Rendering page: /Users/damithch/Repos/nus-cs2103/cs2103-website-base/book/uml/activityDiagrams/basicNotations/alternatePaths/index.md
2026-04-19T06:06:20.822Z - [36mverbose[39m: Rendering page: /Users/damithch/Repos/nus-cs2103/cs2103-website-base/book/testing/testingTypes/unitTesting/what/index.md
2026-04-19T06:06:20.837Z - [36mverbose[39m: Rendering page: /Users/damithch/Repos/nus-cs2103/cs2103-website-base/book/testing/testingTypes/unitTesting/stubs/index.md
2026-04-19T06:06:20.844Z - [36mverbose[39m: Rendering page: /Users/damithch/Repos/nus-cs2103/cs2103-website-base/book/testing/testingTypes/unitTesting/index.md
2026-04-19T06:06:20.875Z - [36mverbose[39m: Rendering page: /Users/damithch/Repos/nus-cs2103/cs2103-website-base/book/testing/testingTypes/systemTesting/what/index.md
2026-04-19T06:06:20.925Z - [36mverbose[39m: Rendering page: /Users/damithch/Repos/nus-cs2103/cs2103-website-base/book/testing/testingTypes/systemTesting/index.md
2026-04-19T06:06:20.931Z - [36mverbose[39m: Rendering page: /Users/damithch/Repos/nus-cs2103/cs2103-website-base/book/testing/testingTypes/regressionTesting/index.md
2026-04-19T06:06:20.957Z - [36mverbose[39m: Rendering page: /Users/damithch/Repos/nus-cs2103/cs2103-website-base/book/testing/testingTypes/regressionTesting/what/index.md
2026-04-19T06:06:20.976Z - [36mverbose[39m: Rendering page: /Users/damithch/Repos/nus-cs2103/cs2103-website-base/book/testing/testingTypes/integrationTesting/what/index.md
2026-04-19T06:06:20.983Z - [36mverbose[39m: Rendering page: /Users/damithch/Repos/nus-cs2103/cs2103-website-base/book/testing/testingTypes/integrationTesting/index.md
2026-04-19T06:06:21.126Z - [36mverbose[39m: Rendering page: /Users/damithch/Repos/nus-cs2103/cs2103-website-base/book/testing/testingTypes/integrationTesting/how/index.md
2026-04-19T06:06:21.150Z - [36mverbose[39m: Rendering page: /Users/damithch/Repos/nus-cs2103/cs2103-website-base/book/testing/testingTypes/index.md
2026-04-19T06:06:21.198Z - [36mverbose[39m: Rendering page: /Users/damithch/Repos/nus-cs2103/cs2103-website-base/book/testing/testingTypes/exploratoryVsScriptedTesting/when/index.md
2026-04-19T06:06:21.203Z - [36mverbose[39m: Rendering page: /Users/damithch/Repos/nus-cs2103/cs2103-website-base/book/testing/testingTypes/exploratoryVsScriptedTesting/what/index.md
2026-04-19T06:06:21.223Z - [36mverbose[39m: Rendering page: /Users/damithch/Repos/nus-cs2103/cs2103-website-base/book/testing/testingTypes/exploratoryVsScriptedTesting/index.md
2026-04-19T06:06:21.271Z - [36mverbose[39m: Rendering page: /Users/damithch/Repos/nus-cs2103/cs2103-website-base/book/testing/testingTypes/dogfooding/what/index.md
2026-04-19T06:06:21.276Z - [36mverbose[39m: Rendering page: /Users/damithch/Repos/nus-cs2103/cs2103-website-base/book/testing/testingTypes/dogfooding/index.md
2026-04-19T06:06:21.281Z - [36mverbose[39m: Rendering page: /Users/damithch/Repos/nus-cs2103/cs2103-website-base/book/testing/testingTypes/developerTesting/why/index.md
2026-04-19T06:06:21.329Z - [36mverbose[39m: Rendering page: /Users/damithch/Repos/nus-cs2103/cs2103-website-base/book/testing/testingTypes/developerTesting/what/index.md
2026-04-19T06:06:21.335Z - [36mverbose[39m: Rendering page: /Users/damithch/Repos/nus-cs2103/cs2103-website-base/book/testing/testingTypes/developerTesting/index.md
2026-04-19T06:06:21.356Z - [36mverbose[39m: Rendering page: /Users/damithch/Repos/nus-cs2103/cs2103-website-base/book/testing/testingTypes/alphaBetaTesting/index.md
2026-04-19T06:06:21.361Z - [36mverbose[39m: Rendering page: /Users/damithch/Repos/nus-cs2103/cs2103-website-base/book/testing/testingTypes/alphaBetaTesting/what/index.md
2026-04-19T06:06:21.421Z - [36mverbose[39m: Rendering page: /Users/damithch/Repos/nus-cs2103/cs2103-website-base/book/testing/testingTypes/acceptanceTesting/what/index.md
2026-04-19T06:06:21.428Z - [36mverbose[39m: Rendering page: /Users/damithch/Repos/nus-cs2103/cs2103-website-base/book/testing/testingTypes/acceptanceTesting/index.md
2026-04-19T06:06:21.435Z - [36mverbose[39m: Rendering page: /Users/damithch/Repos/nus-cs2103/cs2103-website-base/book/testing/testingTypes/acceptanceTesting/acceptanceVsSystemTesting/index.md
2026-04-19T06:06:21.478Z - [36mverbose[39m: Rendering page: /Users/damithch/Repos/nus-cs2103/cs2103-website-base/book/testing/testCoverage/what/index.md
2026-04-19T06:06:21.498Z - [36mverbose[39m: Rendering page: /Users/damithch/Repos/nus-cs2103/cs2103-website-base/book/testing/testCoverage/index.md
2026-04-19T06:06:21.518Z - [36mverbose[39m: Rendering page: /Users/damithch/Repos/nus-cs2103/cs2103-website-base/book/testing/testCoverage/how/index.md
2026-04-19T06:06:21.536Z - [36mverbose[39m: Rendering page: /Users/damithch/Repos/nus-cs2103/cs2103-website-base/book/testing/testAutomation/what/index.md
2026-04-19T06:06:21.544Z - [36mverbose[39m: Rendering page: /Users/damithch/Repos/nus-cs2103/cs2103-website-base/book/testing/testAutomation/usingTestDrivers/index.md
2026-04-19T06:06:21.587Z - [36mverbose[39m: Rendering page: /Users/damithch/Repos/nus-cs2103/cs2103-website-base/book/testing/testAutomation/tools/index.md
2026-04-19T06:06:21.650Z - [36mverbose[39m: Rendering page: /Users/damithch/Repos/nus-cs2103/cs2103-website-base/book/testing/testAutomation/testingTextUis/index.md
2026-04-19T06:06:21.657Z - [36mverbose[39m: Rendering page: /Users/damithch/Repos/nus-cs2103/cs2103-website-base/book/testing/testAutomation/testingGuis/index.md
2026-04-19T06:06:21.664Z - [36mverbose[39m: Rendering page: /Users/damithch/Repos/nus-cs2103/cs2103-website-base/book/testing/testAutomation/index.md
2026-04-19T06:06:21.707Z - [36mverbose[39m: Rendering page: /Users/damithch/Repos/nus-cs2103/cs2103-website-base/book/testing/tdd/what/index.md
2026-04-19T06:06:21.755Z - [36mverbose[39m: Rendering page: /Users/damithch/Repos/nus-cs2103/cs2103-website-base/book/testing/tdd/index.md
2026-04-19T06:06:21.771Z - [36mverbose[39m: Rendering page: /Users/damithch/Repos/nus-cs2103/cs2103-website-base/book/testing/tdd/how/index.md
2026-04-19T06:06:21.777Z - [36mverbose[39m: Rendering page: /Users/damithch/Repos/nus-cs2103/cs2103-website-base/book/testing/introduction/what/index.md
2026-04-19T06:06:21.804Z - [36mverbose[39m: Rendering page: /Users/damithch/Repos/nus-cs2103/cs2103-website-base/book/testing/introduction/testability/index.md
2026-04-19T06:06:22.106Z - [36mverbose[39m: Rendering page: /Users/damithch/Repos/nus-cs2103/cs2103-website-base/book/testing/introduction/index.md
2026-04-19T06:06:22.175Z - [36mverbose[39m: Rendering page: /Users/damithch/Repos/nus-cs2103/cs2103-website-base/book/testing/index.md
2026-04-19T06:06:22.208Z - [36mverbose[39m: Rendering page: /Users/damithch/Repos/nus-cs2103/cs2103-website-base/book/testing/dependencyInjection/what/index.md
2026-04-19T06:06:22.251Z - [36mverbose[39m: Rendering page: /Users/damithch/Repos/nus-cs2103/cs2103-website-base/book/testing/dependencyInjection/index.md
2026-04-19T06:06:22.341Z - [36mverbose[39m: Rendering page: /Users/damithch/Repos/nus-cs2103/cs2103-website-base/book/testing/dependencyInjection/how/index.md
2026-04-19T06:06:22.349Z - [36mverbose[39m: Rendering page: /Users/damithch/Repos/nus-cs2103/cs2103-website-base/book/testCaseDesign/summary/index.md
2026-04-19T06:06:22.357Z - [36mverbose[39m: Rendering page: /Users/damithch/Repos/nus-cs2103/cs2103-website-base/book/testCaseDesign/summary/recap/index.md
2026-04-19T06:06:22.380Z - [36mverbose[39m: Rendering page: /Users/damithch/Repos/nus-cs2103/cs2103-website-base/book/testCaseDesign/summary/exercises/index.md
2026-04-19T06:06:22.439Z - [36mverbose[39m: Rendering page: /Users/damithch/Repos/nus-cs2103/cs2103-website-base/book/testCaseDesign/more/index.md
2026-04-19T06:06:22.445Z - [36mverbose[39m: Rendering page: /Users/damithch/Repos/nus-cs2103/cs2103-website-base/book/testCaseDesign/more/testingUseCases/index.md
2026-04-19T06:06:22.450Z - [36mverbose[39m: Rendering page: /Users/damithch/Repos/nus-cs2103/cs2103-website-base/book/testCaseDesign/introduction/what/index.md
2026-04-19T06:06:22.457Z - [36mverbose[39m: Rendering page: /Users/damithch/Repos/nus-cs2103/cs2103-website-base/book/testCaseDesign/introduction/positiveVsNegative/index.md
2026-04-19T06:06:22.688Z - [36mverbose[39m: Rendering page: /Users/damithch/Repos/nus-cs2103/cs2103-website-base/book/testCaseDesign/introduction/index.md
2026-04-19T06:06:22.701Z - [36mverbose[39m: Rendering page: /Users/damithch/Repos/nus-cs2103/cs2103-website-base/book/testCaseDesign/introduction/blackVsGlass/index.md
2026-04-19T06:06:22.706Z - [36mverbose[39m: Rendering page: /Users/damithch/Repos/nus-cs2103/cs2103-website-base/book/testCaseDesign/index.md
2026-04-19T06:06:22.731Z - [36mverbose[39m: Rendering page: /Users/damithch/Repos/nus-cs2103/cs2103-website-base/book/testCaseDesign/equivalencePartitions/what/index.md
2026-04-19T06:06:22.815Z - [36mverbose[39m: Rendering page: /Users/damithch/Repos/nus-cs2103/cs2103-website-base/book/testCaseDesign/equivalencePartitions/index.md
2026-04-19T06:06:22.822Z - [36mverbose[39m: Rendering page: /Users/damithch/Repos/nus-cs2103/cs2103-website-base/book/testCaseDesign/equivalencePartitions/intermediate/index.md
2026-04-19T06:06:22.827Z - [36mverbose[39m: Rendering page: /Users/damithch/Repos/nus-cs2103/cs2103-website-base/book/testCaseDesign/combiningTestInputs/why/index.md
2026-04-19T06:06:22.832Z - [36mverbose[39m: Rendering page: /Users/damithch/Repos/nus-cs2103/cs2103-website-base/book/testCaseDesign/equivalencePartitions/basic/index.md
2026-04-19T06:06:22.972Z - [36mverbose[39m: Rendering page: /Users/damithch/Repos/nus-cs2103/cs2103-website-base/book/testCaseDesign/combiningTestInputs/mix/index.md
2026-04-19T06:06:22.988Z - [36mverbose[39m: Rendering page: /Users/damithch/Repos/nus-cs2103/cs2103-website-base/book/testCaseDesign/combiningTestInputs/index.md
2026-04-19T06:06:23.002Z - [36mverbose[39m: Rendering page: /Users/damithch/Repos/nus-cs2103/cs2103-website-base/book/testCaseDesign/combiningTestInputs/heuristicValid/index.md
2026-04-19T06:06:23.008Z - [36mverbose[39m: Rendering page: /Users/damithch/Repos/nus-cs2103/cs2103-website-base/book/testCaseDesign/combiningTestInputs/heuristicInvalid/index.md
2026-04-19T06:06:23.084Z - [36mverbose[39m: Rendering page: /Users/damithch/Repos/nus-cs2103/cs2103-website-base/book/testCaseDesign/combiningTestInputs/combinationStrategies/index.md
2026-04-19T06:06:23.094Z - [36mverbose[39m: Rendering page: /Users/damithch/Repos/nus-cs2103/cs2103-website-base/book/testCaseDesign/boundaryValueAnalysis/index.md
2026-04-19T06:06:23.100Z - [36mverbose[39m: Rendering page: /Users/damithch/Repos/nus-cs2103/cs2103-website-base/book/testCaseDesign/boundaryValueAnalysis/what/index.md
2026-04-19T06:06:23.105Z - [36mverbose[39m: Rendering page: /Users/damithch/Repos/nus-cs2103/cs2103-website-base/book/testCaseDesign/boundaryValueAnalysis/how/index.md
2026-04-19T06:06:23.204Z - [36mverbose[39m: Rendering page: /Users/damithch/Repos/nus-cs2103/cs2103-website-base/book/teamwork/teamStructures/index.md
2026-04-19T06:06:23.211Z - [36mverbose[39m: Rendering page: /Users/damithch/Repos/nus-cs2103/cs2103-website-base/book/teamwork/index.md
2026-04-19T06:06:23.216Z - [36mverbose[39m: Rendering page: /Users/damithch/Repos/nus-cs2103/cs2103-website-base/book/specifyingRequirements/userStories/usage/index.md
2026-04-19T06:06:23.223Z - [36mverbose[39m: Rendering page: /Users/damithch/Repos/nus-cs2103/cs2103-website-base/book/specifyingRequirements/userStories/introduction/index.md
2026-04-19T06:06:23.346Z - [36mverbose[39m: Rendering page: /Users/damithch/Repos/nus-cs2103/cs2103-website-base/book/specifyingRequirements/userStories/index.md
2026-04-19T06:06:23.360Z - [36mverbose[39m: Rendering page: /Users/damithch/Repos/nus-cs2103/cs2103-website-base/book/specifyingRequirements/userStories/details/index.md
2026-04-19T06:06:23.373Z - [36mverbose[39m: Rendering page: /Users/damithch/Repos/nus-cs2103/cs2103-website-base/book/specifyingRequirements/useCases/usage/index.md
2026-04-19T06:06:23.379Z - [36mverbose[39m: Rendering page: /Users/damithch/Repos/nus-cs2103/cs2103-website-base/book/specifyingRequirements/useCases/introduction/index.md
2026-04-19T06:06:23.514Z - [36mverbose[39m: Rendering page: /Users/damithch/Repos/nus-cs2103/cs2103-website-base/book/specifyingRequirements/useCases/identifying/index.md
2026-04-19T06:06:23.521Z - [36mverbose[39m: Rendering page: /Users/damithch/Repos/nus-cs2103/cs2103-website-base/book/specifyingRequirements/useCases/index.md
2026-04-19T06:06:23.533Z - [36mverbose[39m: Rendering page: /Users/damithch/Repos/nus-cs2103/cs2103-website-base/book/specifyingRequirements/useCases/details/index.md
2026-04-19T06:06:23.581Z - [36mverbose[39m: Rendering page: /Users/damithch/Repos/nus-cs2103/cs2103-website-base/book/specifyingRequirements/supplementaryRequirements/what/index.md
2026-04-19T06:06:23.587Z - [36mverbose[39m: Rendering page: /Users/damithch/Repos/nus-cs2103/cs2103-website-base/book/specifyingRequirements/supplementaryRequirements/index.md
2026-04-19T06:06:23.742Z - [36mverbose[39m: Rendering page: /Users/damithch/Repos/nus-cs2103/cs2103-website-base/book/specifyingRequirements/prose/index.md
2026-04-19T06:06:23.760Z - [36mverbose[39m: Rendering page: /Users/damithch/Repos/nus-cs2103/cs2103-website-base/book/specifyingRequirements/prose/what/index.md
2026-04-19T06:06:23.767Z - [36mverbose[39m: Rendering page: /Users/damithch/Repos/nus-cs2103/cs2103-website-base/book/specifyingRequirements/index.md
2026-04-19T06:06:23.827Z - [36mverbose[39m: Rendering page: /Users/damithch/Repos/nus-cs2103/cs2103-website-base/book/specifyingRequirements/glossary/index.md
2026-04-19T06:06:23.833Z - [36mverbose[39m: Rendering page: /Users/damithch/Repos/nus-cs2103/cs2103-website-base/book/specifyingRequirements/glossary/what/index.md
2026-04-19T06:06:23.839Z - [36mverbose[39m: Rendering page: /Users/damithch/Repos/nus-cs2103/cs2103-website-base/book/specifyingRequirements/featureList/index.md
2026-04-19T06:06:23.869Z - [36mverbose[39m: Rendering page: /Users/damithch/Repos/nus-cs2103/cs2103-website-base/book/specifyingRequirements/featureList/what/index.md
2026-04-19T06:06:23.945Z - [36mverbose[39m: Rendering page: /Users/damithch/Repos/nus-cs2103/cs2103-website-base/book/softwareEngineering/index.md
2026-04-19T06:06:23.952Z - [36mverbose[39m: Rendering page: /Users/damithch/Repos/nus-cs2103/cs2103-website-base/book/softwareEngineering/introduction/index.md
2026-04-19T06:06:23.958Z - [36mverbose[39m: Rendering page: /Users/damithch/Repos/nus-cs2103/cs2103-website-base/book/softwareEngineering/introduction/prosAndCons/index.md
2026-04-19T06:06:23.981Z - [36mverbose[39m: Rendering page: /Users/damithch/Repos/nus-cs2103/cs2103-website-base/book/reuse/platforms/what/index.md
2026-04-19T06:06:24.014Z - [36mverbose[39m: Rendering page: /Users/damithch/Repos/nus-cs2103/cs2103-website-base/book/reuse/platforms/index.md
2026-04-19T06:06:24.031Z - [36mverbose[39m: Rendering page: /Users/damithch/Repos/nus-cs2103/cs2103-website-base/book/reuse/libraries/what/index.md
2026-04-19T06:06:24.037Z - [36mverbose[39m: Rendering page: /Users/damithch/Repos/nus-cs2103/cs2103-website-base/book/reuse/libraries/index.md
2026-04-19T06:06:24.066Z - [36mverbose[39m: Rendering page: /Users/damithch/Repos/nus-cs2103/cs2103-website-base/book/reuse/libraries/how/index.md
2026-04-19T06:06:24.153Z - [36mverbose[39m: Rendering page: /Users/damithch/Repos/nus-cs2103/cs2103-website-base/book/reuse/introduction/what/index.md
2026-04-19T06:06:24.158Z - [36mverbose[39m: Rendering page: /Users/damithch/Repos/nus-cs2103/cs2103-website-base/book/reuse/introduction/when/index.md
2026-04-19T06:06:24.163Z - [36mverbose[39m: Rendering page: /Users/damithch/Repos/nus-cs2103/cs2103-website-base/book/reuse/introduction/index.md
2026-04-19T06:06:24.168Z - [36mverbose[39m: Rendering page: /Users/damithch/Repos/nus-cs2103/cs2103-website-base/book/reuse/index.md
2026-04-19T06:06:24.238Z - [36mverbose[39m: Rendering page: /Users/damithch/Repos/nus-cs2103/cs2103-website-base/book/reuse/frameworks/index.md
2026-04-19T06:06:24.244Z - [36mverbose[39m: Rendering page: /Users/damithch/Repos/nus-cs2103/cs2103-website-base/book/reuse/frameworks/what/index.md
2026-04-19T06:06:24.250Z - [36mverbose[39m: Rendering page: /Users/damithch/Repos/nus-cs2103/cs2103-website-base/book/reuse/frameworks/frameworksVsLibraries/index.md
2026-04-19T06:06:24.267Z - [36mverbose[39m: Rendering page: /Users/damithch/Repos/nus-cs2103/cs2103-website-base/book/reuse/cloudComputing/what/index.md
2026-04-19T06:06:24.323Z - [36mverbose[39m: Rendering page: /Users/damithch/Repos/nus-cs2103/cs2103-website-base/book/reuse/cloudComputing/services/index.md
2026-04-19T06:06:24.329Z - [36mverbose[39m: Rendering page: /Users/damithch/Repos/nus-cs2103/cs2103-website-base/book/reuse/cloudComputing/index.md
2026-04-19T06:06:24.349Z - [36mverbose[39m: Rendering page: /Users/damithch/Repos/nus-cs2103/cs2103-website-base/book/reuse/apis/index.md
2026-04-19T06:06:24.367Z - [36mverbose[39m: Rendering page: /Users/damithch/Repos/nus-cs2103/cs2103-website-base/book/reuse/apis/what/index.md
2026-04-19T06:06:24.402Z - [36mverbose[39m: Rendering page: /Users/damithch/Repos/nus-cs2103/cs2103-website-base/book/reuse/apis/designingAPIs/index.md
2026-04-19T06:06:24.409Z - [36mverbose[39m: Rendering page: /Users/damithch/Repos/nus-cs2103/cs2103-website-base/book/requirements/quality/index.md
2026-04-19T06:06:24.430Z - [36mverbose[39m: Rendering page: /Users/damithch/Repos/nus-cs2103/cs2103-website-base/book/requirements/nonFunctionalRequirements/index.md
2026-04-19T06:06:24.436Z - [36mverbose[39m: Rendering page: /Users/damithch/Repos/nus-cs2103/cs2103-website-base/book/requirements/prioritizing/index.md
2026-04-19T06:06:24.517Z - [36mverbose[39m: Rendering page: /Users/damithch/Repos/nus-cs2103/cs2103-website-base/book/requirements/introduction/index.md
2026-04-19T06:06:24.523Z - [36mverbose[39m: Rendering page: /Users/damithch/Repos/nus-cs2103/cs2103-website-base/book/requirements/index.md
2026-04-19T06:06:24.531Z - [36mverbose[39m: Rendering page: /Users/damithch/Repos/nus-cs2103/cs2103-website-base/book/refactoring/when/index.md
2026-04-19T06:06:24.536Z - [36mverbose[39m: Rendering page: /Users/damithch/Repos/nus-cs2103/cs2103-website-base/book/refactoring/what/index.md
2026-04-19T06:06:24.625Z - [36mverbose[39m: Rendering page: /Users/damithch/Repos/nus-cs2103/cs2103-website-base/book/refactoring/index.md
2026-04-19T06:06:24.634Z - [36mverbose[39m: Rendering page: /Users/damithch/Repos/nus-cs2103/cs2103-website-base/book/refactoring/how/index.md
2026-04-19T06:06:24.640Z - [36mverbose[39m: Rendering page: /Users/damithch/Repos/nus-cs2103/cs2103-website-base/book/qualityAssurance/staticAnalysis/index.md
2026-04-19T06:06:24.676Z - [36mverbose[39m: Rendering page: /Users/damithch/Repos/nus-cs2103/cs2103-website-base/book/qualityAssurance/staticAnalysis/what/index.md
2026-04-19T06:06:24.703Z - [36mverbose[39m: Rendering page: /Users/damithch/Repos/nus-cs2103/cs2103-website-base/book/qualityAssurance/introduction/what/index.md
2026-04-19T06:06:24.751Z - [36mverbose[39m: Rendering page: /Users/damithch/Repos/nus-cs2103/cs2103-website-base/book/qualityAssurance/introduction/validationVsVerification/index.md
2026-04-19T06:06:24.757Z - [36mverbose[39m: Rendering page: /Users/damithch/Repos/nus-cs2103/cs2103-website-base/book/qualityAssurance/introduction/index.md
2026-04-19T06:06:24.777Z - [36mverbose[39m: Rendering page: /Users/damithch/Repos/nus-cs2103/cs2103-website-base/book/qualityAssurance/index.md
2026-04-19T06:06:24.833Z - [36mverbose[39m: Rendering page: /Users/damithch/Repos/nus-cs2103/cs2103-website-base/book/qualityAssurance/formalVerification/index.md
2026-04-19T06:06:24.839Z - [36mverbose[39m: Rendering page: /Users/damithch/Repos/nus-cs2103/cs2103-website-base/book/qualityAssurance/formalVerification/what/index.md
2026-04-19T06:06:24.846Z - [36mverbose[39m: Rendering page: /Users/damithch/Repos/nus-cs2103/cs2103-website-base/book/qualityAssurance/codeReviews/index.md
2026-04-19T06:06:24.852Z - [36mverbose[39m: Rendering page: /Users/damithch/Repos/nus-cs2103/cs2103-website-base/book/qualityAssurance/codeReviews/what/index.md
2026-04-19T06:06:24.911Z - [36mverbose[39m: Rendering page: /Users/damithch/Repos/nus-cs2103/cs2103-website-base/book/projectPlanning/pertCharts/index.md
2026-04-19T06:06:24.916Z - [36mverbose[39m: Rendering page: /Users/damithch/Repos/nus-cs2103/cs2103-website-base/book/projectPlanning/workBreakdownStructure/index.md
2026-04-19T06:06:24.922Z - [36mverbose[39m: Rendering page: /Users/damithch/Repos/nus-cs2103/cs2103-website-base/book/projectPlanning/milestones/index.md
2026-04-19T06:06:24.927Z - [36mverbose[39m: Rendering page: /Users/damithch/Repos/nus-cs2103/cs2103-website-base/book/projectPlanning/issueTrackers/index.md
2026-04-19T06:06:25.135Z - [36mverbose[39m: Rendering page: /Users/damithch/Repos/nus-cs2103/cs2103-website-base/book/projectPlanning/index.md
2026-04-19T06:06:25.151Z - [36mverbose[39m: Rendering page: /Users/damithch/Repos/nus-cs2103/cs2103-website-base/book/projectPlanning/ganttCharts/index.md
2026-04-19T06:06:25.156Z - [36mverbose[39m: Rendering page: /Users/damithch/Repos/nus-cs2103/cs2103-website-base/book/projectPlanning/buffers/index.md
2026-04-19T06:06:25.186Z - [36mverbose[39m: Rendering page: /Users/damithch/Repos/nus-cs2103/cs2103-website-base/book/projectDuke/index.md
2026-04-19T06:06:25.258Z - [36mverbose[39m: Rendering page: /Users/damithch/Repos/nus-cs2103/cs2103-website-base/book/processModels/more/index.md
2026-04-19T06:06:25.264Z - [36mverbose[39m: Rendering page: /Users/damithch/Repos/nus-cs2103/cs2103-website-base/book/processModels/summary/index.md
2026-04-19T06:06:25.270Z - [36mverbose[39m: Rendering page: /Users/damithch/Repos/nus-cs2103/cs2103-website-base/book/processModels/summary/recap/index.md
2026-04-19T06:06:25.294Z - [36mverbose[39m: Rendering page: /Users/damithch/Repos/nus-cs2103/cs2103-website-base/book/processModels/more/cmmi/index.md
2026-04-19T06:06:25.349Z - [36mverbose[39m: Rendering page: /Users/damithch/Repos/nus-cs2103/cs2103-website-base/book/processModels/introduction/what/index.md
2026-04-19T06:06:25.354Z - [36mverbose[39m: Rendering page: /Users/damithch/Repos/nus-cs2103/cs2103-website-base/book/processModels/introduction/sequentialModels/index.md
2026-04-19T06:06:25.361Z - [36mverbose[39m: Rendering page: /Users/damithch/Repos/nus-cs2103/cs2103-website-base/book/processModels/introduction/iterativeModels/index.md
2026-04-19T06:06:25.380Z - [36mverbose[39m: Rendering page: /Users/damithch/Repos/nus-cs2103/cs2103-website-base/book/processModels/introduction/index.md
2026-04-19T06:06:25.479Z - [36mverbose[39m: Rendering page: /Users/damithch/Repos/nus-cs2103/cs2103-website-base/book/processModels/introduction/agileModels/index.md
2026-04-19T06:06:25.485Z - [36mverbose[39m: Rendering page: /Users/damithch/Repos/nus-cs2103/cs2103-website-base/book/processModels/index.md
2026-04-19T06:06:25.497Z - [36mverbose[39m: Rendering page: /Users/damithch/Repos/nus-cs2103/cs2103-website-base/book/processModels/exampleProcessModels/xp/index.md
2026-04-19T06:06:25.502Z - [36mverbose[39m: Rendering page: /Users/damithch/Repos/nus-cs2103/cs2103-website-base/book/processModels/exampleProcessModels/unifiedProcess/index.md
2026-04-19T06:06:25.629Z - [36mverbose[39m: Rendering page: /Users/damithch/Repos/nus-cs2103/cs2103-website-base/book/processModels/exampleProcessModels/scrum/index.md
2026-04-19T06:06:25.634Z - [36mverbose[39m: Rendering page: /Users/damithch/Repos/nus-cs2103/cs2103-website-base/book/processModels/exampleProcessModels/index.md
2026-04-19T06:06:25.642Z - [36mverbose[39m: Rendering page: /Users/damithch/Repos/nus-cs2103/cs2103-website-base/book/principles/yagniPrinciple/index.md
2026-04-19T06:06:25.662Z - [36mverbose[39m: Rendering page: /Users/damithch/Repos/nus-cs2103/cs2103-website-base/book/principles/solidPrinciples/index.md
2026-04-19T06:06:25.770Z - [36mverbose[39m: Rendering page: /Users/damithch/Repos/nus-cs2103/cs2103-website-base/book/principles/singleResponsibilityPrinciple/index.md
2026-04-19T06:06:25.795Z - [36mverbose[39m: Rendering page: /Users/damithch/Repos/nus-cs2103/cs2103-website-base/book/principles/separationOfConcernsPrinciple/index.md
2026-04-19T06:06:25.803Z - [36mverbose[39m: Rendering page: /Users/damithch/Repos/nus-cs2103/cs2103-website-base/book/principles/openClosedPrinciple/index.md
2026-04-19T06:06:25.863Z - [36mverbose[39m: Rendering page: /Users/damithch/Repos/nus-cs2103/cs2103-website-base/book/principles/review/index.md
2026-04-19T06:06:25.886Z - [36mverbose[39m: Rendering page: /Users/damithch/Repos/nus-cs2103/cs2103-website-base/book/principles/liskovSubstitutionPrinciple/index.md
2026-04-19T06:06:26.076Z - [36mverbose[39m: Rendering page: /Users/damithch/Repos/nus-cs2103/cs2103-website-base/book/principles/interfaceSegregationPrinciple/index.md
2026-04-19T06:06:26.081Z - [36mverbose[39m: Rendering page: /Users/damithch/Repos/nus-cs2103/cs2103-website-base/book/principles/lawOfDemeter/index.md
2026-04-19T06:06:26.133Z - [36mverbose[39m: Rendering page: /Users/damithch/Repos/nus-cs2103/cs2103-website-base/book/principles/index.md
2026-04-19T06:06:26.152Z - [36mverbose[39m: Rendering page: /Users/damithch/Repos/nus-cs2103/cs2103-website-base/book/principles/dependencyInversionPrinciple/index.md
2026-04-19T06:06:26.157Z - [36mverbose[39m: Rendering page: /Users/damithch/Repos/nus-cs2103/cs2103-website-base/book/principles/dryPrinciple/index.md
2026-04-19T06:06:26.161Z - [36mverbose[39m: Rendering page: /Users/damithch/Repos/nus-cs2103/cs2103-website-base/book/principles/brooksLaw/index.md
2026-04-19T06:06:26.245Z - [36mverbose[39m: Rendering page: /Users/damithch/Repos/nus-cs2103/cs2103-website-base/book/oop/polymorphism/index.md
2026-04-19T06:06:26.251Z - [36mverbose[39m: Rendering page: /Users/damithch/Repos/nus-cs2103/cs2103-website-base/book/oop/polymorphism/what/index.md
2026-04-19T06:06:26.258Z - [36mverbose[39m: Rendering page: /Users/damithch/Repos/nus-cs2103/cs2103-website-base/book/oop/polymorphism/how/index.md
2026-04-19T06:06:26.315Z - [36mverbose[39m: Rendering page: /Users/damithch/Repos/nus-cs2103/cs2103-website-base/book/oop/objects/what/index.md
2026-04-19T06:06:26.355Z - [36mverbose[39m: Rendering page: /Users/damithch/Repos/nus-cs2103/cs2103-website-base/book/oop/objects/index.md
2026-04-19T06:06:26.363Z - [36mverbose[39m: Rendering page: /Users/damithch/Repos/nus-cs2103/cs2103-website-base/book/oop/objects/encapsulation/index.md
2026-04-19T06:06:26.369Z - [36mverbose[39m: Rendering page: /Users/damithch/Repos/nus-cs2103/cs2103-website-base/book/oop/objects/abstraction/index.md
2026-04-19T06:06:26.388Z - [36mverbose[39m: Rendering page: /Users/damithch/Repos/nus-cs2103/cs2103-website-base/book/oop/more/review/index.md
2026-04-19T06:06:26.448Z - [36mverbose[39m: Rendering page: /Users/damithch/Repos/nus-cs2103/cs2103-website-base/book/oop/more/miscellaneous/index.md
2026-04-19T06:06:26.453Z - [36mverbose[39m: Rendering page: /Users/damithch/Repos/nus-cs2103/cs2103-website-base/book/oop/more/index.md
2026-04-19T06:06:26.491Z - [36mverbose[39m: Rendering page: /Users/damithch/Repos/nus-cs2103/cs2103-website-base/book/oop/introduction/index.md
2026-04-19T06:06:26.497Z - [36mverbose[39m: Rendering page: /Users/damithch/Repos/nus-cs2103/cs2103-website-base/book/oop/introduction/what/index.md
2026-04-19T06:06:26.504Z - [36mverbose[39m: Rendering page: /Users/damithch/Repos/nus-cs2103/cs2103-website-base/book/oop/inheritance/what/index.md
2026-04-19T06:06:26.545Z - [36mverbose[39m: Rendering page: /Users/damithch/Repos/nus-cs2103/cs2103-website-base/book/oop/inheritance/substitutability/index.md
2026-04-19T06:06:26.564Z - [36mverbose[39m: Rendering page: /Users/damithch/Repos/nus-cs2103/cs2103-website-base/book/oop/inheritance/overriding/index.md
2026-04-19T06:06:26.648Z - [36mverbose[39m: Rendering page: /Users/damithch/Repos/nus-cs2103/cs2103-website-base/book/oop/inheritance/overloading/index.md
2026-04-19T06:06:26.653Z - [36mverbose[39m: Rendering page: /Users/damithch/Repos/nus-cs2103/cs2103-website-base/book/oop/inheritance/interfaces/index.md
2026-04-19T06:06:26.695Z - [36mverbose[39m: Rendering page: /Users/damithch/Repos/nus-cs2103/cs2103-website-base/book/oop/inheritance/index.md
2026-04-19T06:06:26.988Z - [36mverbose[39m: Rendering page: /Users/damithch/Repos/nus-cs2103/cs2103-website-base/book/oop/inheritance/abstractClasses/index.md
2026-04-19T06:06:26.993Z - [36mverbose[39m: Rendering page: /Users/damithch/Repos/nus-cs2103/cs2103-website-base/book/oop/inheritance/dynamicAndStaticBinding/index.md
2026-04-19T06:06:27.001Z - [36mverbose[39m: Rendering page: /Users/damithch/Repos/nus-cs2103/cs2103-website-base/book/oop/index.md
2026-04-19T06:06:27.075Z - [36mverbose[39m: Rendering page: /Users/damithch/Repos/nus-cs2103/cs2103-website-base/book/oop/classes/what/index.md
2026-04-19T06:06:27.100Z - [36mverbose[39m: Rendering page: /Users/damithch/Repos/nus-cs2103/cs2103-website-base/book/oop/classes/index.md
2026-04-19T06:06:27.108Z - [36mverbose[39m: Rendering page: /Users/damithch/Repos/nus-cs2103/cs2103-website-base/book/oop/classes/enumerations/index.md
2026-04-19T06:06:27.127Z - [36mverbose[39m: Rendering page: /Users/damithch/Repos/nus-cs2103/cs2103-website-base/book/oop/classes/classLevelMembers/index.md
2026-04-19T06:06:27.173Z - [36mverbose[39m: Rendering page: /Users/damithch/Repos/nus-cs2103/cs2103-website-base/book/oop/associations/what/index.md
2026-04-19T06:06:27.250Z - [36mverbose[39m: Rendering page: /Users/damithch/Repos/nus-cs2103/cs2103-website-base/book/oop/associations/multiplicity/index.md
2026-04-19T06:06:27.257Z - [36mverbose[39m: Rendering page: /Users/damithch/Repos/nus-cs2103/cs2103-website-base/book/oop/associations/navigability/index.md
2026-04-19T06:06:27.300Z - [36mverbose[39m: Rendering page: /Users/damithch/Repos/nus-cs2103/cs2103-website-base/book/oop/associations/index.md
2026-04-19T06:06:27.334Z - [36mverbose[39m: Rendering page: /Users/damithch/Repos/nus-cs2103/cs2103-website-base/book/oop/associations/dependencies/index.md
2026-04-19T06:06:27.363Z - [36mverbose[39m: Rendering page: /Users/damithch/Repos/nus-cs2103/cs2103-website-base/book/oop/associations/composition/index.md
2026-04-19T06:06:27.379Z - [36mverbose[39m: Rendering page: /Users/damithch/Repos/nus-cs2103/cs2103-website-base/book/oop/associations/associationClasses/index.md
2026-04-19T06:06:27.426Z - [36mverbose[39m: Rendering page: /Users/damithch/Repos/nus-cs2103/cs2103-website-base/book/oop/associations/aggregation/index.md
2026-04-19T06:06:27.433Z - [36mverbose[39m: Rendering page: /Users/damithch/Repos/nus-cs2103/cs2103-website-base/book/modeling/modelingStructures/packageDiagrams/index.md
2026-04-19T06:06:27.437Z - [36mverbose[39m: Rendering page: /Users/damithch/Repos/nus-cs2103/cs2103-website-base/book/modeling/modelingStructures/ooStructures/index.md
2026-04-19T06:06:27.465Z - [36mverbose[39m: Rendering page: /Users/damithch/Repos/nus-cs2103/cs2103-website-base/book/modeling/modelingStructures/objectOrientedDomainModels/index.md
2026-04-19T06:06:28.295Z - [34mdebug[39m: 
2026-04-19T06:06:28.357Z - [36mverbose[39m: Rendering page: /Users/damithch/Repos/nus-cs2103/cs2103-website-base/book/modeling/modelingStructures/objectDiagrams/index.md
2026-04-19T06:06:28.364Z - [36mverbose[39m: Rendering page: /Users/damithch/Repos/nus-cs2103/cs2103-website-base/book/modeling/modelingStructures/deploymentDiagrams/index.md
2026-04-19T06:06:28.372Z - [36mverbose[39m: Rendering page: /Users/damithch/Repos/nus-cs2103/cs2103-website-base/book/modeling/modelingStructures/index.md
2026-04-19T06:06:28.392Z - [36mverbose[39m: Rendering page: /Users/damithch/Repos/nus-cs2103/cs2103-website-base/book/modeling/modelingStructures/customisingUml/index.md
2026-04-19T06:06:28.511Z - [36mverbose[39m: Rendering page: /Users/damithch/Repos/nus-cs2103/cs2103-website-base/book/modeling/modelingStructures/componentDiagrams/index.md
2026-04-19T06:06:28.516Z - [36mverbose[39m: Rendering page: /Users/damithch/Repos/nus-cs2103/cs2103-website-base/book/modeling/modelingStructures/compositeStructureDiagrams/index.md
2026-04-19T06:06:28.521Z - [36mverbose[39m: Rendering page: /Users/damithch/Repos/nus-cs2103/cs2103-website-base/book/modeling/modelingStructures/classDiagramsBasic/index.md
2026-04-19T06:06:28.528Z - [36mverbose[39m: Rendering page: /Users/damithch/Repos/nus-cs2103/cs2103-website-base/book/modeling/modelingStructures/classDiagramsIntermediate/index.md
2026-04-19T06:06:28.595Z - [36mverbose[39m: Rendering page: /Users/damithch/Repos/nus-cs2103/cs2103-website-base/book/modeling/modelingBehaviors/useCaseDiagrams/index.md
2026-04-19T06:06:28.599Z - [36mverbose[39m: Rendering page: /Users/damithch/Repos/nus-cs2103/cs2103-website-base/book/modeling/modelingStructures/classDiagramsAdvanced/index.md
2026-04-19T06:06:28.604Z - [36mverbose[39m: Rendering page: /Users/damithch/Repos/nus-cs2103/cs2103-website-base/book/modeling/modelingBehaviors/timingDiagrams/index.md
2026-04-19T06:06:28.609Z - [36mverbose[39m: Rendering page: /Users/damithch/Repos/nus-cs2103/cs2103-website-base/book/modeling/modelingStructures/addingMoreInfo/index.md
2026-04-19T06:06:28.688Z - [36mverbose[39m: Rendering page: /Users/damithch/Repos/nus-cs2103/cs2103-website-base/book/modeling/modelingBehaviors/stateMachineDiagrams/index.md
2026-04-19T06:06:28.695Z - [36mverbose[39m: Rendering page: /Users/damithch/Repos/nus-cs2103/cs2103-website-base/book/modeling/modelingBehaviors/sequenceDiagramsIntermediate/index.md
2026-04-19T06:06:28.701Z - [36mverbose[39m: Rendering page: /Users/damithch/Repos/nus-cs2103/cs2103-website-base/book/modeling/modelingBehaviors/sequenceDiagramsBasic/index.md
2026-04-19T06:06:28.707Z - [36mverbose[39m: Rendering page: /Users/damithch/Repos/nus-cs2103/cs2103-website-base/book/modeling/modelingBehaviors/sequenceDiagramsAdvanced/index.md
2026-04-19T06:06:28.822Z - [36mverbose[39m: Rendering page: /Users/damithch/Repos/nus-cs2103/cs2103-website-base/book/modeling/modelingBehaviors/interactionOverviewDiagrams/index.md
2026-04-19T06:06:28.827Z - [36mverbose[39m: Rendering page: /Users/damithch/Repos/nus-cs2103/cs2103-website-base/book/modeling/modelingBehaviors/index.md
2026-04-19T06:06:28.843Z - [36mverbose[39m: Rendering page: /Users/damithch/Repos/nus-cs2103/cs2103-website-base/book/modeling/modelingBehaviors/communicationDiagrams/index.md
2026-04-19T06:06:28.873Z - [36mverbose[39m: Rendering page: /Users/damithch/Repos/nus-cs2103/cs2103-website-base/book/modeling/modelingBehaviors/activityDiagramsIntermediate/index.md
2026-04-19T06:06:28.912Z - [36mverbose[39m: Rendering page: /Users/damithch/Repos/nus-cs2103/cs2103-website-base/book/modeling/modelingBehaviors/activityDiagrams/index.md
2026-04-19T06:06:28.950Z - [36mverbose[39m: Rendering page: /Users/damithch/Repos/nus-cs2103/cs2103-website-base/book/modeling/modelingASolution/introduction/index.md
2026-04-19T06:06:28.955Z - [36mverbose[39m: Rendering page: /Users/damithch/Repos/nus-cs2103/cs2103-website-base/book/modeling/modelingASolution/intermediate/index.md
2026-04-19T06:06:28.979Z - [36mverbose[39m: Rendering page: /Users/damithch/Repos/nus-cs2103/cs2103-website-base/book/modeling/modelingASolution/index.md
2026-04-19T06:06:29.020Z - [36mverbose[39m: Rendering page: /Users/damithch/Repos/nus-cs2103/cs2103-website-base/book/modeling/modelingASolution/basic/index.md
2026-04-19T06:06:29.059Z - [36mverbose[39m: Rendering page: /Users/damithch/Repos/nus-cs2103/cs2103-website-base/book/modeling/introduction/what/index.md
2026-04-19T06:06:29.065Z - [36mverbose[39m: Rendering page: /Users/damithch/Repos/nus-cs2103/cs2103-website-base/book/modeling/introduction/umlModels/index.md
2026-04-19T06:06:29.089Z - [36mverbose[39m: Rendering page: /Users/damithch/Repos/nus-cs2103/cs2103-website-base/book/modeling/introduction/index.md
2026-04-19T06:06:29.387Z - [36mverbose[39m: Rendering page: /Users/damithch/Repos/nus-cs2103/cs2103-website-base/book/modeling/introduction/how/index.md
2026-04-19T06:06:29.395Z - [36mverbose[39m: Rendering page: /Users/damithch/Repos/nus-cs2103/cs2103-website-base/book/modeling/index.md
2026-04-19T06:06:29.441Z - [36mverbose[39m: Rendering page: /Users/damithch/Repos/nus-cs2103/cs2103-website-base/book/intellij/refactoring/index.md
2026-04-19T06:06:29.446Z - [36mverbose[39m: Rendering page: /Users/damithch/Repos/nus-cs2103/cs2103-website-base/book/intellij/projectSetup/index.md
2026-04-19T06:06:29.493Z - [36mverbose[39m: Rendering page: /Users/damithch/Repos/nus-cs2103/cs2103-website-base/book/intellij/productivityShortcuts/index.md
2026-04-19T06:06:29.499Z - [36mverbose[39m: Rendering page: /Users/damithch/Repos/nus-cs2103/cs2103-website-base/book/intellij/index.md
2026-04-19T06:06:29.523Z - [36mverbose[39m: Rendering page: /Users/damithch/Repos/nus-cs2103/cs2103-website-base/book/intellij/codeNavigation/index.md
2026-04-19T06:06:29.527Z - [36mverbose[39m: Rendering page: /Users/damithch/Repos/nus-cs2103/cs2103-website-base/book/intellij/debuggingBasic/index.md
2026-04-19T06:06:29.583Z - [36mverbose[39m: Rendering page: /Users/damithch/Repos/nus-cs2103/cs2103-website-base/book/integration/introduction/index.md
2026-04-19T06:06:29.590Z - [36mverbose[39m: Rendering page: /Users/damithch/Repos/nus-cs2103/cs2103-website-base/book/integration/more/index.md
2026-04-19T06:06:29.595Z - [36mverbose[39m: Rendering page: /Users/damithch/Repos/nus-cs2103/cs2103-website-base/book/integration/more/review/index.md
2026-04-19T06:06:29.651Z - [36mverbose[39m: Rendering page: /Users/damithch/Repos/nus-cs2103/cs2103-website-base/book/integration/introduction/what/index.md
2026-04-19T06:06:29.695Z - [36mverbose[39m: Rendering page: /Users/damithch/Repos/nus-cs2103/cs2103-website-base/book/integration/index.md
2026-04-19T06:06:29.704Z - [36mverbose[39m: Rendering page: /Users/damithch/Repos/nus-cs2103/cs2103-website-base/book/integration/buildAutomation/index.md
2026-04-19T06:06:29.709Z - [36mverbose[39m: Rendering page: /Users/damithch/Repos/nus-cs2103/cs2103-website-base/book/integration/buildAutomation/what/index.md
2026-04-19T06:06:29.735Z - [36mverbose[39m: Rendering page: /Users/damithch/Repos/nus-cs2103/cs2103-website-base/book/integration/buildAutomation/continuousIntegrationDeployment/index.md
2026-04-19T06:06:29.791Z - [36mverbose[39m: Rendering page: /Users/damithch/Repos/nus-cs2103/cs2103-website-base/book/integration/approaches/topDownVsBottomUp/index.md
2026-04-19T06:06:29.797Z - [36mverbose[39m: Rendering page: /Users/damithch/Repos/nus-cs2103/cs2103-website-base/book/integration/approaches/lateVsEarly/index.md
2026-04-19T06:06:29.804Z - [36mverbose[39m: Rendering page: /Users/damithch/Repos/nus-cs2103/cs2103-website-base/book/integration/approaches/index.md
2026-04-19T06:06:29.825Z - [36mverbose[39m: Rendering page: /Users/damithch/Repos/nus-cs2103/cs2103-website-base/book/integration/approaches/bigBangVsIncremental/index.md
2026-04-19T06:06:29.884Z - [36mverbose[39m: Rendering page: /Users/damithch/Repos/nus-cs2103/cs2103-website-base/book/index.md
2026-04-19T06:06:29.890Z - [36mverbose[39m: Rendering page: /Users/damithch/Repos/nus-cs2103/cs2103-website-base/book/ides/index.md
2026-04-19T06:06:29.898Z - [36mverbose[39m: Rendering page: /Users/damithch/Repos/nus-cs2103/cs2103-website-base/book/ides/introduction/index.md
2026-04-19T06:06:29.916Z - [36mverbose[39m: Rendering page: /Users/damithch/Repos/nus-cs2103/cs2103-website-base/book/ides/introduction/what/index.md
2026-04-19T06:06:29.952Z - [36mverbose[39m: Rendering page: /Users/damithch/Repos/nus-cs2103/cs2103-website-base/book/ides/debugging/what/index.md
2026-04-19T06:06:29.968Z - [36mverbose[39m: Rendering page: /Users/damithch/Repos/nus-cs2103/cs2103-website-base/book/ides/debugging/index.md
2026-04-19T06:06:29.974Z - [36mverbose[39m: Rendering page: /Users/damithch/Repos/nus-cs2103/cs2103-website-base/book/gitAndGithub/trail/workingWithRemotes/index.md
2026-04-19T06:06:30.001Z - [36mverbose[39m: Rendering page: /Users/damithch/Repos/nus-cs2103/cs2103-website-base/book/gitAndGithub/trail/usingRevisionHistory/index.md
2026-04-19T06:06:30.018Z - [36mverbose[39m: Rendering page: /Users/damithch/Repos/nus-cs2103/cs2103-website-base/book/gitAndGithub/trail/syncingBranches/index.md
2026-04-19T06:06:30.177Z - [36mverbose[39m: Rendering page: /Users/damithch/Repos/nus-cs2103/cs2103-website-base/book/gitAndGithub/trail/remoteBranches/index.md
2026-04-19T06:06:30.183Z - [36mverbose[39m: Rendering page: /Users/damithch/Repos/nus-cs2103/cs2103-website-base/book/gitAndGithub/trail/recordingFolderHistory/index.md
2026-04-19T06:06:30.198Z - [36mverbose[39m: Rendering page: /Users/damithch/Repos/nus-cs2103/cs2103-website-base/book/gitAndGithub/trail/index.md
2026-04-19T06:06:30.243Z - [36mverbose[39m: Rendering page: /Users/damithch/Repos/nus-cs2103/cs2103-website-base/book/gitAndGithub/trail/fineTuningHistory/index.md
2026-04-19T06:06:30.248Z - [36mverbose[39m: Rendering page: /Users/damithch/Repos/nus-cs2103/cs2103-website-base/book/gitAndGithub/trail/branchingLocally/index.md
2026-04-19T06:06:30.252Z - [36mverbose[39m: Rendering page: /Users/damithch/Repos/nus-cs2103/cs2103-website-base/book/gitAndGithub/trail/backingUpOnCloud/index.md
2026-04-19T06:06:30.256Z - [36mverbose[39m: Rendering page: /Users/damithch/Repos/nus-cs2103/cs2103-website-base/book/gitAndGithub/template/index.md
2026-04-19T06:06:30.450Z - [36mverbose[39m: Rendering page: /Users/damithch/Repos/nus-cs2103/cs2103-website-base/book/gitAndGithub/tag/index.md
2026-04-19T06:06:30.463Z - [36mverbose[39m: Rendering page: /Users/damithch/Repos/nus-cs2103/cs2103-website-base/book/gitAndGithub/syncByRebase/index.md
2026-04-19T06:06:30.468Z - [36mverbose[39m: Rendering page: /Users/damithch/Repos/nus-cs2103/cs2103-website-base/book/gitAndGithub/syncByMerge/index.md
2026-04-19T06:06:30.473Z - [36mverbose[39m: Rendering page: /Users/damithch/Repos/nus-cs2103/cs2103-website-base/book/gitAndGithub/stage/index.md
2026-04-19T06:06:30.606Z - [36mverbose[39m: Rendering page: /Users/damithch/Repos/nus-cs2103/cs2103-website-base/book/gitAndGithub/show/index.md
2026-04-19T06:06:30.618Z - [36mverbose[39m: Rendering page: /Users/damithch/Repos/nus-cs2103/cs2103-website-base/book/gitAndGithub/setRemote/index.md
2026-04-19T06:06:30.627Z - [36mverbose[39m: Rendering page: /Users/damithch/Repos/nus-cs2103/cs2103-website-base/book/gitAndGithub/selectiveStage/index.md
2026-04-19T06:06:30.655Z - [36mverbose[39m: Rendering page: /Users/damithch/Repos/nus-cs2103/cs2103-website-base/book/gitAndGithub/reviewPRs/index.md
2026-04-19T06:06:30.783Z - [36mverbose[39m: Rendering page: /Users/damithch/Repos/nus-cs2103/cs2103-website-base/book/gitAndGithub/remoteBranches/index.md
2026-04-19T06:06:30.791Z - [36mverbose[39m: Rendering page: /Users/damithch/Repos/nus-cs2103/cs2103-website-base/book/gitAndGithub/remoteRepos/index.md
2026-04-19T06:06:30.795Z - [36mverbose[39m: Rendering page: /Users/damithch/Repos/nus-cs2103/cs2103-website-base/book/gitAndGithub/revert/index.md
2026-04-19T06:06:30.803Z - [36mverbose[39m: Rendering page: /Users/damithch/Repos/nus-cs2103/cs2103-website-base/book/gitAndGithub/reset/index.md
2026-04-19T06:06:30.892Z - [36mverbose[39m: Rendering page: /Users/damithch/Repos/nus-cs2103/cs2103-website-base/book/gitAndGithub/remoteBranchPush/index.md
2026-04-19T06:06:30.899Z - [36mverbose[39m: Rendering page: /Users/damithch/Repos/nus-cs2103/cs2103-website-base/book/gitAndGithub/remoteBranchDelete/index.md
2026-04-19T06:06:30.904Z - [36mverbose[39m: Rendering page: /Users/damithch/Repos/nus-cs2103/cs2103-website-base/book/gitAndGithub/remoteBranchRename/index.md
2026-04-19T06:06:30.910Z - [36mverbose[39m: Rendering page: /Users/damithch/Repos/nus-cs2103/cs2103-website-base/book/gitAndGithub/remoteBranchPull/index.md
2026-04-19T06:06:31.106Z - [36mverbose[39m: Rendering page: /Users/damithch/Repos/nus-cs2103/cs2103-website-base/book/gitAndGithub/push/index.md
2026-04-19T06:06:31.117Z - [36mverbose[39m: Rendering page: /Users/damithch/Repos/nus-cs2103/cs2103-website-base/book/gitAndGithub/pull/index.md
2026-04-19T06:06:31.130Z - [36mverbose[39m: Rendering page: /Users/damithch/Repos/nus-cs2103/cs2103-website-base/book/gitAndGithub/merge/index.md
2026-04-19T06:06:31.140Z - [36mverbose[39m: Rendering page: /Users/damithch/Repos/nus-cs2103/cs2103-website-base/book/gitAndGithub/mergeConflicts/index.md
2026-04-19T06:06:31.328Z - [36mverbose[39m: Rendering page: /Users/damithch/Repos/nus-cs2103/cs2103-website-base/book/gitAndGithub/managePRs/index.md
2026-04-19T06:06:31.399Z - [36mverbose[39m: Rendering page: /Users/damithch/Repos/nus-cs2103/cs2103-website-base/book/gitAndGithub/log/index.md
2026-04-19T06:06:31.430Z - [36mverbose[39m: Rendering page: /Users/damithch/Repos/nus-cs2103/cs2103-website-base/book/gitAndGithub/intro/index.md
2026-04-19T06:06:31.441Z - [36mverbose[39m: Rendering page: /Users/damithch/Repos/nus-cs2103/cs2103-website-base/book/gitAndGithub/interactiveRebase/index.md
2026-04-19T06:06:32.243Z - [36mverbose[39m: Rendering page: /Users/damithch/Repos/nus-cs2103/cs2103-website-base/book/gitAndGithub/init/index.md
2026-04-19T06:06:32.255Z - [36mverbose[39m: Rendering page: /Users/damithch/Repos/nus-cs2103/cs2103-website-base/book/gitAndGithub/index.md
2026-04-19T06:06:32.320Z - [36mverbose[39m: Rendering page: /Users/damithch/Repos/nus-cs2103/cs2103-website-base/book/gitAndGithub/ignore/index.md
2026-04-19T06:06:32.332Z - [36mverbose[39m: Rendering page: /Users/damithch/Repos/nus-cs2103/cs2103-website-base/book/gitAndGithub/githubPrep/index.md
2026-04-19T06:06:32.425Z - [36mverbose[39m: Rendering page: /Users/damithch/Repos/nus-cs2103/cs2103-website-base/book/gitAndGithub/gitPrep/index.md
2026-04-19T06:06:32.437Z - [36mverbose[39m: Rendering page: /Users/damithch/Repos/nus-cs2103/cs2103-website-base/book/gitAndGithub/fork/index.md
2026-04-19T06:06:32.443Z - [36mverbose[39m: Rendering page: /Users/damithch/Repos/nus-cs2103/cs2103-website-base/book/gitAndGithub/forkingWorkflow/index.md
2026-04-19T06:06:32.459Z - [36mverbose[39m: Rendering page: /Users/damithch/Repos/nus-cs2103/cs2103-website-base/book/gitAndGithub/featureBranchFlow/index.md
2026-04-19T06:06:32.513Z - [36mverbose[39m: Rendering page: /Users/damithch/Repos/nus-cs2103/cs2103-website-base/book/gitAndGithub/drcsVsCrcs/index.md
2026-04-19T06:06:32.530Z - [36mverbose[39m: Rendering page: /Users/damithch/Repos/nus-cs2103/cs2103-website-base/book/gitAndGithub/diff/index.md
2026-04-19T06:06:32.538Z - [36mverbose[39m: Rendering page: /Users/damithch/Repos/nus-cs2103/cs2103-website-base/book/gitAndGithub/createRemoteRepo/index.md
2026-04-19T06:06:32.570Z - [36mverbose[39m: Rendering page: /Users/damithch/Repos/nus-cs2103/cs2103-website-base/book/gitAndGithub/createPRs/index.md
2026-04-19T06:06:32.633Z - [36mverbose[39m: Rendering page: /Users/damithch/Repos/nus-cs2103/cs2103-website-base/book/gitAndGithub/commitMessage/index.md
2026-04-19T06:06:32.654Z - [36mverbose[39m: Rendering page: /Users/damithch/Repos/nus-cs2103/cs2103-website-base/book/gitAndGithub/commit/index.md
2026-04-19T06:06:32.664Z - [36mverbose[39m: Rendering page: /Users/damithch/Repos/nus-cs2103/cs2103-website-base/book/gitAndGithub/clone/index.md
2026-04-19T06:06:32.728Z - [36mverbose[39m: Rendering page: /Users/damithch/Repos/nus-cs2103/cs2103-website-base/book/gitAndGithub/cherryPick/index.md
2026-04-19T06:06:32.760Z - [36mverbose[39m: Rendering page: /Users/damithch/Repos/nus-cs2103/cs2103-website-base/book/gitAndGithub/checkout/index.md
2026-04-19T06:06:32.808Z - [36mverbose[39m: Rendering page: /Users/damithch/Repos/nus-cs2103/cs2103-website-base/book/gitAndGithub/centralizedFlow/index.md
2026-04-19T06:06:32.815Z - [36mverbose[39m: Rendering page: /Users/damithch/Repos/nus-cs2103/cs2103-website-base/book/gitAndGithub/branchRename/index.md
2026-04-19T06:06:32.867Z - [36mverbose[39m: Rendering page: /Users/damithch/Repos/nus-cs2103/cs2103-website-base/book/gitAndGithub/branchDelete/index.md
2026-04-19T06:06:32.916Z - [36mverbose[39m: Rendering page: /Users/damithch/Repos/nus-cs2103/cs2103-website-base/book/gitAndGithub/branch/index.md
2026-04-19T06:06:32.928Z - [36mverbose[39m: Rendering page: /Users/damithch/Repos/nus-cs2103/cs2103-website-base/book/gatheringRequirements/prototyping/index.md
2026-04-19T06:06:32.945Z - [36mverbose[39m: Rendering page: /Users/damithch/Repos/nus-cs2103/cs2103-website-base/book/gatheringRequirements/userSurveys/index.md
2026-04-19T06:06:32.953Z - [36mverbose[39m: Rendering page: /Users/damithch/Repos/nus-cs2103/cs2103-website-base/book/gatheringRequirements/productSurveys/index.md
2026-04-19T06:06:33.009Z - [36mverbose[39m: Rendering page: /Users/damithch/Repos/nus-cs2103/cs2103-website-base/book/gatheringRequirements/observation/index.md
2026-04-19T06:06:33.027Z - [36mverbose[39m: Rendering page: /Users/damithch/Repos/nus-cs2103/cs2103-website-base/book/gatheringRequirements/interviews/index.md
2026-04-19T06:06:33.032Z - [36mverbose[39m: Rendering page: /Users/damithch/Repos/nus-cs2103/cs2103-website-base/book/gatheringRequirements/index.md
2026-04-19T06:06:33.057Z - [36mverbose[39m: Rendering page: /Users/damithch/Repos/nus-cs2103/cs2103-website-base/book/gatheringRequirements/focusGroups/index.md
2026-04-19T06:06:33.103Z - [36mverbose[39m: Rendering page: /Users/damithch/Repos/nus-cs2103/cs2103-website-base/book/gatheringRequirements/brainstorming/index.md
2026-04-19T06:06:33.129Z - [36mverbose[39m: Rendering page: /Users/damithch/Repos/nus-cs2103/cs2103-website-base/book/errorHandling/logging/what/index.md
2026-04-19T06:06:33.134Z - [36mverbose[39m: Rendering page: /Users/damithch/Repos/nus-cs2103/cs2103-website-base/book/errorHandling/logging/index.md
2026-04-19T06:06:33.167Z - [36mverbose[39m: Rendering page: /Users/damithch/Repos/nus-cs2103/cs2103-website-base/book/errorHandling/logging/how/index.md
2026-04-19T06:06:33.381Z - [36mverbose[39m: Rendering page: /Users/damithch/Repos/nus-cs2103/cs2103-website-base/book/errorHandling/introduction/index.md
2026-04-19T06:06:33.387Z - [36mverbose[39m: Rendering page: /Users/damithch/Repos/nus-cs2103/cs2103-website-base/book/errorHandling/introduction/what/index.md
2026-04-19T06:06:33.403Z - [36mverbose[39m: Rendering page: /Users/damithch/Repos/nus-cs2103/cs2103-website-base/book/errorHandling/index.md
2026-04-19T06:06:33.464Z - [36mverbose[39m: Rendering page: /Users/damithch/Repos/nus-cs2103/cs2103-website-base/book/errorHandling/exceptions/when/index.md
2026-04-19T06:06:33.487Z - [36mverbose[39m: Rendering page: /Users/damithch/Repos/nus-cs2103/cs2103-website-base/book/errorHandling/exceptions/index.md
2026-04-19T06:06:33.508Z - [36mverbose[39m: Rendering page: /Users/damithch/Repos/nus-cs2103/cs2103-website-base/book/errorHandling/exceptions/what/index.md
2026-04-19T06:06:33.515Z - [36mverbose[39m: Rendering page: /Users/damithch/Repos/nus-cs2103/cs2103-website-base/book/errorHandling/exceptions/how/index.md
2026-04-19T06:06:33.565Z - [36mverbose[39m: Rendering page: /Users/damithch/Repos/nus-cs2103/cs2103-website-base/book/errorHandling/designByContract/index.md
2026-04-19T06:06:33.571Z - [36mverbose[39m: Rendering page: /Users/damithch/Repos/nus-cs2103/cs2103-website-base/book/errorHandling/designByContract/what/index.md
2026-04-19T06:06:33.579Z - [36mverbose[39m: Rendering page: /Users/damithch/Repos/nus-cs2103/cs2103-website-base/book/errorHandling/defensiveProgramming/when/index.md
2026-04-19T06:06:33.584Z - [36mverbose[39m: Rendering page: /Users/damithch/Repos/nus-cs2103/cs2103-website-base/book/errorHandling/defensiveProgramming/what/index.md
2026-04-19T06:06:33.807Z - [36mverbose[39m: Rendering page: /Users/damithch/Repos/nus-cs2103/cs2103-website-base/book/errorHandling/defensiveProgramming/referentialIntegrity/index.md
2026-04-19T06:06:33.819Z - [36mverbose[39m: Rendering page: /Users/damithch/Repos/nus-cs2103/cs2103-website-base/book/errorHandling/defensiveProgramming/index.md
2026-04-19T06:06:33.837Z - [36mverbose[39m: Rendering page: /Users/damithch/Repos/nus-cs2103/cs2103-website-base/book/errorHandling/defensiveProgramming/compulsoryAssociations/index.md
2026-04-19T06:06:33.845Z - [36mverbose[39m: Rendering page: /Users/damithch/Repos/nus-cs2103/cs2103-website-base/book/errorHandling/defensiveProgramming/1to1Associations/index.md
2026-04-19T06:06:33.927Z - [36mverbose[39m: Rendering page: /Users/damithch/Repos/nus-cs2103/cs2103-website-base/book/errorHandling/assertions/when/index.md
2026-04-19T06:06:33.934Z - [36mverbose[39m: Rendering page: /Users/damithch/Repos/nus-cs2103/cs2103-website-base/book/errorHandling/assertions/what/index.md
2026-04-19T06:06:33.940Z - [36mverbose[39m: Rendering page: /Users/damithch/Repos/nus-cs2103/cs2103-website-base/book/errorHandling/assertions/index.md
2026-04-19T06:06:33.947Z - [36mverbose[39m: Rendering page: /Users/damithch/Repos/nus-cs2103/cs2103-website-base/book/errorHandling/assertions/how/index.md
2026-04-19T06:06:34.005Z - [36mverbose[39m: Rendering page: /Users/damithch/Repos/nus-cs2103/cs2103-website-base/book/documentation/tools/markdown/index.md
2026-04-19T06:06:34.010Z - [36mverbose[39m: Rendering page: /Users/damithch/Repos/nus-cs2103/cs2103-website-base/book/documentation/tools/markdown/how/index.md
2026-04-19T06:06:34.016Z - [36mverbose[39m: Rendering page: /Users/damithch/Repos/nus-cs2103/cs2103-website-base/book/documentation/tools/markdown/what/index.md
2026-04-19T06:06:34.021Z - [36mverbose[39m: Rendering page: /Users/damithch/Repos/nus-cs2103/cs2103-website-base/book/documentation/tools/javaDoc/what/index.md
2026-04-19T06:06:34.109Z - [36mverbose[39m: Rendering page: /Users/damithch/Repos/nus-cs2103/cs2103-website-base/book/documentation/tools/javaDoc/index.md
2026-04-19T06:06:34.115Z - [36mverbose[39m: Rendering page: /Users/damithch/Repos/nus-cs2103/cs2103-website-base/book/documentation/tools/javaDoc/how/index.md
2026-04-19T06:06:34.121Z - [36mverbose[39m: Rendering page: /Users/damithch/Repos/nus-cs2103/cs2103-website-base/book/documentation/tools/index.md
2026-04-19T06:06:34.142Z - [36mverbose[39m: Rendering page: /Users/damithch/Repos/nus-cs2103/cs2103-website-base/book/documentation/tools/asciiDoc/what/index.md
2026-04-19T06:06:34.184Z - [36mverbose[39m: Rendering page: /Users/damithch/Repos/nus-cs2103/cs2103-website-base/book/documentation/tools/asciiDoc/index.md
2026-04-19T06:06:34.298Z - [36mverbose[39m: Rendering page: /Users/damithch/Repos/nus-cs2103/cs2103-website-base/book/documentation/introduction/index.md
2026-04-19T06:06:34.305Z - [36mverbose[39m: Rendering page: /Users/damithch/Repos/nus-cs2103/cs2103-website-base/book/documentation/introduction/what/index.md
2026-04-19T06:06:34.310Z - [36mverbose[39m: Rendering page: /Users/damithch/Repos/nus-cs2103/cs2103-website-base/book/documentation/index.md
2026-04-19T06:06:34.322Z - [36mverbose[39m: Rendering page: /Users/damithch/Repos/nus-cs2103/cs2103-website-base/book/documentation/guidelines/index.md
2026-04-19T06:06:34.382Z - [36mverbose[39m: Rendering page: /Users/damithch/Repos/nus-cs2103/cs2103-website-base/book/documentation/guidelines/goTopDown/index.md
2026-04-19T06:06:34.390Z - [36mverbose[39m: Rendering page: /Users/damithch/Repos/nus-cs2103/cs2103-website-base/book/documentation/guidelines/goTopDown/why/index.md
2026-04-19T06:06:34.394Z - [36mverbose[39m: Rendering page: /Users/damithch/Repos/nus-cs2103/cs2103-website-base/book/documentation/guidelines/goTopDown/what/index.md
2026-04-19T06:06:34.410Z - [36mverbose[39m: Rendering page: /Users/damithch/Repos/nus-cs2103/cs2103-website-base/book/documentation/guidelines/goTopDown/how/index.md
2026-04-19T06:06:34.452Z - [36mverbose[39m: Rendering page: /Users/damithch/Repos/nus-cs2103/cs2103-website-base/book/documentation/guidelines/documentMinimally/index.md
2026-04-19T06:06:34.457Z - [36mverbose[39m: Rendering page: /Users/damithch/Repos/nus-cs2103/cs2103-website-base/book/documentation/guidelines/documentMinimally/what/index.md
2026-04-19T06:06:34.464Z - [36mverbose[39m: Rendering page: /Users/damithch/Repos/nus-cs2103/cs2103-website-base/book/documentation/guidelines/documentMinimally/how/index.md
2026-04-19T06:06:34.504Z - [36mverbose[39m: Rendering page: /Users/damithch/Repos/nus-cs2103/cs2103-website-base/book/documentation/guidelines/aimForComprehensibility/what/index.md
2026-04-19T06:06:34.528Z - [36mverbose[39m: Rendering page: /Users/damithch/Repos/nus-cs2103/cs2103-website-base/book/documentation/guidelines/aimForComprehensibility/index.md
2026-04-19T06:06:34.559Z - [36mverbose[39m: Rendering page: /Users/damithch/Repos/nus-cs2103/cs2103-website-base/book/documentation/guidelines/aimForComprehensibility/how/index.md
2026-04-19T06:06:34.565Z - [36mverbose[39m: Rendering page: /Users/damithch/Repos/nus-cs2103/cs2103-website-base/book/designPatterns/singleton/what/index.md
2026-04-19T06:06:34.588Z - [36mverbose[39m: Rendering page: /Users/damithch/Repos/nus-cs2103/cs2103-website-base/book/designPatterns/singleton/index.md
2026-04-19T06:06:34.634Z - [36mverbose[39m: Rendering page: /Users/damithch/Repos/nus-cs2103/cs2103-website-base/book/designPatterns/singleton/implementation/index.md
2026-04-19T06:06:34.667Z - [36mverbose[39m: Rendering page: /Users/damithch/Repos/nus-cs2103/cs2103-website-base/book/designPatterns/singleton/evaluation/index.md
2026-04-19T06:06:34.684Z - [36mverbose[39m: Rendering page: /Users/damithch/Repos/nus-cs2103/cs2103-website-base/book/designPatterns/observer/what/index.md
2026-04-19T06:06:34.708Z - [36mverbose[39m: Rendering page: /Users/damithch/Repos/nus-cs2103/cs2103-website-base/book/designPatterns/observer/index.md
2026-04-19T06:06:34.731Z - [36mverbose[39m: Rendering page: /Users/damithch/Repos/nus-cs2103/cs2103-website-base/book/designPatterns/more/vsPrinciples/index.md
2026-04-19T06:06:34.748Z - [36mverbose[39m: Rendering page: /Users/damithch/Repos/nus-cs2103/cs2103-website-base/book/designPatterns/more/usingDesignPatterns/index.md
2026-04-19T06:06:34.784Z - [36mverbose[39m: Rendering page: /Users/damithch/Repos/nus-cs2103/cs2103-website-base/book/designPatterns/more/otherTypesOfPatterns/index.md
2026-04-19T06:06:34.790Z - [36mverbose[39m: Rendering page: /Users/damithch/Repos/nus-cs2103/cs2103-website-base/book/designPatterns/more/otherDesignPatterns/index.md
2026-04-19T06:06:34.808Z - [36mverbose[39m: Rendering page: /Users/damithch/Repos/nus-cs2103/cs2103-website-base/book/designPatterns/more/index.md
2026-04-19T06:06:34.861Z - [36mverbose[39m: Rendering page: /Users/damithch/Repos/nus-cs2103/cs2103-website-base/book/designPatterns/more/combiningDesignPatterns/index.md
2026-04-19T06:06:34.867Z - [36mverbose[39m: Rendering page: /Users/damithch/Repos/nus-cs2103/cs2103-website-base/book/designPatterns/modelViewController/what/index.md
2026-04-19T06:06:34.874Z - [36mverbose[39m: Rendering page: /Users/damithch/Repos/nus-cs2103/cs2103-website-base/book/designPatterns/modelViewController/index.md
2026-04-19T06:06:34.905Z - [36mverbose[39m: Rendering page: /Users/damithch/Repos/nus-cs2103/cs2103-website-base/book/designPatterns/introduction/what/index.md
2026-04-19T06:06:35.045Z - [36mverbose[39m: Rendering page: /Users/damithch/Repos/nus-cs2103/cs2103-website-base/book/designPatterns/introduction/index.md
2026-04-19T06:06:35.066Z - [36mverbose[39m: Rendering page: /Users/damithch/Repos/nus-cs2103/cs2103-website-base/book/designPatterns/index.md
2026-04-19T06:06:35.084Z - [36mverbose[39m: Rendering page: /Users/damithch/Repos/nus-cs2103/cs2103-website-base/book/designPatterns/introduction/format/index.md
2026-04-19T06:06:35.107Z - [36mverbose[39m: Rendering page: /Users/damithch/Repos/nus-cs2103/cs2103-website-base/book/designPatterns/facade/what/index.md
2026-04-19T06:06:35.159Z - [36mverbose[39m: Rendering page: /Users/damithch/Repos/nus-cs2103/cs2103-website-base/book/designPatterns/facade/index.md
2026-04-19T06:06:35.167Z - [36mverbose[39m: Rendering page: /Users/damithch/Repos/nus-cs2103/cs2103-website-base/book/designPatterns/command/what/index.md
2026-04-19T06:06:35.172Z - [36mverbose[39m: Rendering page: /Users/damithch/Repos/nus-cs2103/cs2103-website-base/book/designPatterns/command/index.md
2026-04-19T06:06:35.178Z - [36mverbose[39m: Rendering page: /Users/damithch/Repos/nus-cs2103/cs2103-website-base/book/designPatterns/abstractionOccurrence/what/index.md
2026-04-19T06:06:35.297Z - [36mverbose[39m: Rendering page: /Users/damithch/Repos/nus-cs2103/cs2103-website-base/book/designPatterns/abstractionOccurrence/index.md
2026-04-19T06:06:35.306Z - [36mverbose[39m: Rendering page: /Users/damithch/Repos/nus-cs2103/cs2103-website-base/book/designFundamentals/coupling/what/index.md
2026-04-19T06:06:35.312Z - [36mverbose[39m: Rendering page: /Users/damithch/Repos/nus-cs2103/cs2103-website-base/book/designFundamentals/index.md
2026-04-19T06:06:35.376Z - [36mverbose[39m: Rendering page: /Users/damithch/Repos/nus-cs2103/cs2103-website-base/book/designFundamentals/coupling/types/index.md
2026-04-19T06:06:35.422Z - [36mverbose[39m: Rendering page: /Users/damithch/Repos/nus-cs2103/cs2103-website-base/book/designFundamentals/coupling/index.md
2026-04-19T06:06:35.454Z - [36mverbose[39m: Rendering page: /Users/damithch/Repos/nus-cs2103/cs2103-website-base/book/designFundamentals/coupling/how/index.md
2026-04-19T06:06:35.461Z - [36mverbose[39m: Rendering page: /Users/damithch/Repos/nus-cs2103/cs2103-website-base/book/designFundamentals/cohesion/what/index.md
2026-04-19T06:06:35.486Z - [36mverbose[39m: Rendering page: /Users/damithch/Repos/nus-cs2103/cs2103-website-base/book/designFundamentals/cohesion/index.md
2026-04-19T06:06:35.537Z - [36mverbose[39m: Rendering page: /Users/damithch/Repos/nus-cs2103/cs2103-website-base/book/designFundamentals/cohesion/how/index.md
2026-04-19T06:06:35.559Z - [36mverbose[39m: Rendering page: /Users/damithch/Repos/nus-cs2103/cs2103-website-base/book/designFundamentals/abstraction/what/index.md
2026-04-19T06:06:35.580Z - [36mverbose[39m: Rendering page: /Users/damithch/Repos/nus-cs2103/cs2103-website-base/book/designFundamentals/abstraction/index.md
2026-04-19T06:06:35.616Z - [36mverbose[39m: Rendering page: /Users/damithch/Repos/nus-cs2103/cs2103-website-base/book/designApproaches/topDownBottomUp/index.md
2026-04-19T06:06:35.621Z - [36mverbose[39m: Rendering page: /Users/damithch/Repos/nus-cs2103/cs2103-website-base/book/designApproaches/topDownBottomUp/what/index.md
2026-04-19T06:06:35.689Z - [36mverbose[39m: Rendering page: /Users/damithch/Repos/nus-cs2103/cs2103-website-base/book/designApproaches/multilevelDesign/index.md
2026-04-19T06:06:35.698Z - [36mverbose[39m: Rendering page: /Users/damithch/Repos/nus-cs2103/cs2103-website-base/book/designApproaches/multilevelDesign/what/index.md
2026-04-19T06:06:35.705Z - [36mverbose[39m: Rendering page: /Users/damithch/Repos/nus-cs2103/cs2103-website-base/book/designApproaches/index.md
2026-04-19T06:06:35.741Z - [36mverbose[39m: Rendering page: /Users/damithch/Repos/nus-cs2103/cs2103-website-base/book/designApproaches/agileDesign/what/index.md
2026-04-19T06:06:35.786Z - [36mverbose[39m: Rendering page: /Users/damithch/Repos/nus-cs2103/cs2103-website-base/book/designApproaches/agileDesign/index.md
2026-04-19T06:06:35.846Z - [36mverbose[39m: Rendering page: /Users/damithch/Repos/nus-cs2103/cs2103-website-base/book/design/introduction/index.md
2026-04-19T06:06:35.852Z - [36mverbose[39m: Rendering page: /Users/damithch/Repos/nus-cs2103/cs2103-website-base/book/design/index.md
2026-04-19T06:06:35.858Z - [36mverbose[39m: Rendering page: /Users/damithch/Repos/nus-cs2103/cs2103-website-base/book/design/introduction/what/index.md
2026-04-19T06:06:35.924Z - [36mverbose[39m: Rendering page: /Users/damithch/Repos/nus-cs2103/cs2103-website-base/book/cppToJava/usefulClasses/wrapperClasses/index.md
2026-04-19T06:06:36.134Z - [36mverbose[39m: Rendering page: /Users/damithch/Repos/nus-cs2103/cs2103-website-base/book/cppToJava/usefulClasses/stringClass/index.md
2026-04-19T06:06:36.145Z - [36mverbose[39m: Rendering page: /Users/damithch/Repos/nus-cs2103/cs2103-website-base/book/cppToJava/usefulClasses/scannerClass/index.md
2026-04-19T06:06:36.153Z - [36mverbose[39m: Rendering page: /Users/damithch/Repos/nus-cs2103/cs2103-website-base/book/cppToJava/usefulClasses/index.md
2026-04-19T06:06:36.191Z - [36mverbose[39m: Rendering page: /Users/damithch/Repos/nus-cs2103/cs2103-website-base/book/cppToJava/usefulClasses/arraysClass/index.md
2026-04-19T06:06:36.320Z - [36mverbose[39m: Rendering page: /Users/damithch/Repos/nus-cs2103/cs2103-website-base/book/cppToJava/usefulClasses/api/index.md
2026-04-19T06:06:36.327Z - [36mverbose[39m: Rendering page: /Users/damithch/Repos/nus-cs2103/cs2103-website-base/book/cppToJava/objects/passingObjects/index.md
2026-04-19T06:06:36.336Z - [36mverbose[39m: Rendering page: /Users/damithch/Repos/nus-cs2103/cs2103-website-base/book/cppToJava/objects/usingObjects/index.md
2026-04-19T06:06:36.428Z - [36mverbose[39m: Rendering page: /Users/damithch/Repos/nus-cs2103/cs2103-website-base/book/cppToJava/objects/instanceMembers/index.md
2026-04-19T06:06:36.465Z - [36mverbose[39m: Rendering page: /Users/damithch/Repos/nus-cs2103/cs2103-website-base/book/cppToJava/objects/index.md
2026-04-19T06:06:36.494Z - [36mverbose[39m: Rendering page: /Users/damithch/Repos/nus-cs2103/cs2103-website-base/book/cppToJava/objects/garbageCollection/index.md
2026-04-19T06:06:36.499Z - [36mverbose[39m: Rendering page: /Users/damithch/Repos/nus-cs2103/cs2103-website-base/book/cppToJava/misc/varargs/index.md
2026-04-19T06:06:36.534Z - [36mverbose[39m: Rendering page: /Users/damithch/Repos/nus-cs2103/cs2103-website-base/book/cppToJava/misc/streams/index.md
2026-04-19T06:06:36.625Z - [36mverbose[39m: Rendering page: /Users/damithch/Repos/nus-cs2103/cs2103-website-base/book/cppToJava/misc/packages/index.md
2026-04-19T06:06:36.632Z - [36mverbose[39m: Rendering page: /Users/damithch/Repos/nus-cs2103/cs2103-website-base/book/cppToJava/misc/javaFX/part01/index.md
2026-04-19T06:06:36.642Z - [36mverbose[39m: Rendering page: /Users/damithch/Repos/nus-cs2103/cs2103-website-base/book/cppToJava/misc/javaFX/part02/index.md
2026-04-19T06:06:36.652Z - [36mverbose[39m: Rendering page: /Users/damithch/Repos/nus-cs2103/cs2103-website-base/book/cppToJava/misc/javaFX/index.md
2026-04-19T06:06:36.860Z - [36mverbose[39m: Rendering page: /Users/damithch/Repos/nus-cs2103/cs2103-website-base/book/cppToJava/misc/index.md
2026-04-19T06:06:36.880Z - [36mverbose[39m: Rendering page: /Users/damithch/Repos/nus-cs2103/cs2103-website-base/book/cppToJava/misc/jar/index.md
2026-04-19T06:06:36.884Z - [36mverbose[39m: Rendering page: /Users/damithch/Repos/nus-cs2103/cs2103-website-base/book/cppToJava/misc/fileAccess/index.md
2026-04-19T06:06:36.937Z - [36mverbose[39m: Rendering page: /Users/damithch/Repos/nus-cs2103/cs2103-website-base/book/cppToJava/misc/enums/index.md
2026-04-19T06:06:36.976Z - [36mverbose[39m: Rendering page: /Users/damithch/Repos/nus-cs2103/cs2103-website-base/book/cppToJava/misc/casting/index.md
2026-04-19T06:06:36.986Z - [36mverbose[39m: Rendering page: /Users/damithch/Repos/nus-cs2103/cs2103-website-base/book/cppToJava/misc/constants/index.md
2026-04-19T06:06:36.991Z - [36mverbose[39m: Rendering page: /Users/damithch/Repos/nus-cs2103/cs2103-website-base/book/cppToJava/misc/accessModifiers/index.md
2026-04-19T06:06:37.051Z - [36mverbose[39m: Rendering page: /Users/damithch/Repos/nus-cs2103/cs2103-website-base/book/cppToJava/junit/intermediate/index.md
2026-04-19T06:06:37.072Z - [36mverbose[39m: Rendering page: /Users/damithch/Repos/nus-cs2103/cs2103-website-base/book/cppToJava/junit/index.md
2026-04-19T06:06:37.100Z - [36mverbose[39m: Rendering page: /Users/damithch/Repos/nus-cs2103/cs2103-website-base/book/cppToJava/junit/basic/index.md
2026-04-19T06:06:37.122Z - [36mverbose[39m: Rendering page: /Users/damithch/Repos/nus-cs2103/cs2103-website-base/book/cppToJava/javaWorld/what/index.md
2026-04-19T06:06:37.127Z - [36mverbose[39m: Rendering page: /Users/damithch/Repos/nus-cs2103/cs2103-website-base/book/cppToJava/javaWorld/index.md
2026-04-19T06:06:37.197Z - [36mverbose[39m: Rendering page: /Users/damithch/Repos/nus-cs2103/cs2103-website-base/book/cppToJava/javaWorld/how/index.md
2026-04-19T06:06:37.245Z - [36mverbose[39m: Rendering page: /Users/damithch/Repos/nus-cs2103/cs2103-website-base/book/cppToJava/javaWorld/editions/index.md
2026-04-19T06:06:37.251Z - [36mverbose[39m: Rendering page: /Users/damithch/Repos/nus-cs2103/cs2103-website-base/book/cppToJava/inheritance/polymorphism/index.md
2026-04-19T06:06:37.308Z - [36mverbose[39m: Rendering page: /Users/damithch/Repos/nus-cs2103/cs2103-website-base/book/cppToJava/inheritance/objectClass/index.md
2026-04-19T06:06:37.586Z - [36mverbose[39m: Rendering page: /Users/damithch/Repos/nus-cs2103/cs2103-website-base/book/cppToJava/inheritance/interfaces/index.md
2026-04-19T06:06:37.635Z - [36mverbose[39m: Rendering page: /Users/damithch/Repos/nus-cs2103/cs2103-website-base/book/cppToJava/inheritance/index.md
2026-04-19T06:06:39.175Z - [36mverbose[39m: Rendering page: /Users/damithch/Repos/nus-cs2103/cs2103-website-base/book/cppToJava/inheritance/basic/index.md
2026-04-19T06:06:39.193Z - [36mverbose[39m: Rendering page: /Users/damithch/Repos/nus-cs2103/cs2103-website-base/book/cppToJava/inheritance/abstractClassesAndMethods/index.md
2026-04-19T06:06:39.284Z - [36mverbose[39m: Rendering page: /Users/damithch/Repos/nus-cs2103/cs2103-website-base/book/cppToJava/index.md
2026-04-19T06:06:39.426Z - [36mverbose[39m: Rendering page: /Users/damithch/Repos/nus-cs2103/cs2103-website-base/book/cppToJava/gettingStarted/running/index.md
2026-04-19T06:06:39.433Z - [36mverbose[39m: Rendering page: /Users/damithch/Repos/nus-cs2103/cs2103-website-base/book/cppToJava/gettingStarted/index.md
2026-04-19T06:06:39.466Z - [36mverbose[39m: Rendering page: /Users/damithch/Repos/nus-cs2103/cs2103-website-base/book/cppToJava/gettingStarted/installation/index.md
2026-04-19T06:06:39.513Z - [36mverbose[39m: Rendering page: /Users/damithch/Repos/nus-cs2103/cs2103-website-base/book/cppToJava/gettingStarted/helloWorld/index.md
2026-04-19T06:06:39.577Z - [36mverbose[39m: Rendering page: /Users/damithch/Repos/nus-cs2103/cs2103-website-base/book/cppToJava/gettingStarted/compiling/index.md
2026-04-19T06:06:39.619Z - [36mverbose[39m: Rendering page: /Users/damithch/Repos/nus-cs2103/cs2103-website-base/book/cppToJava/generics/index.md
2026-04-19T06:06:39.630Z - [36mverbose[39m: Rendering page: /Users/damithch/Repos/nus-cs2103/cs2103-website-base/book/cppToJava/generics/what/index.md
2026-04-19T06:06:39.767Z - [36mverbose[39m: Rendering page: /Users/damithch/Repos/nus-cs2103/cs2103-website-base/book/cppToJava/generics/how/index.md
2026-04-19T06:06:39.778Z - [36mverbose[39m: Rendering page: /Users/damithch/Repos/nus-cs2103/cs2103-website-base/book/cppToJava/exceptions/index.md
2026-04-19T06:06:39.791Z - [36mverbose[39m: Rendering page: /Users/damithch/Repos/nus-cs2103/cs2103-website-base/book/cppToJava/exceptions/what/index.md
2026-04-19T06:06:39.800Z - [36mverbose[39m: Rendering page: /Users/damithch/Repos/nus-cs2103/cs2103-website-base/book/cppToJava/exceptions/how/index.md
2026-04-19T06:06:39.976Z - [36mverbose[39m: Rendering page: /Users/damithch/Repos/nus-cs2103/cs2103-website-base/book/cppToJava/dataTypes/variables/index.md
2026-04-19T06:06:39.982Z - [36mverbose[39m: Rendering page: /Users/damithch/Repos/nus-cs2103/cs2103-website-base/book/cppToJava/dataTypes/index.md
2026-04-19T06:06:39.997Z - [36mverbose[39m: Rendering page: /Users/damithch/Repos/nus-cs2103/cs2103-website-base/book/cppToJava/dataTypes/operators/index.md
2026-04-19T06:06:40.003Z - [36mverbose[39m: Rendering page: /Users/damithch/Repos/nus-cs2103/cs2103-website-base/book/cppToJava/dataTypes/primitiveTypes/index.md
2026-04-19T06:06:40.280Z - [36mverbose[39m: Rendering page: /Users/damithch/Repos/nus-cs2103/cs2103-website-base/book/cppToJava/dataTypes/arrays/index.md
2026-04-19T06:06:40.290Z - [36mverbose[39m: Rendering page: /Users/damithch/Repos/nus-cs2103/cs2103-website-base/book/cppToJava/controlFlow/index.md
2026-04-19T06:06:40.307Z - [36mverbose[39m: Rendering page: /Users/damithch/Repos/nus-cs2103/cs2103-website-base/book/cppToJava/controlFlow/methods/index.md
2026-04-19T06:06:40.317Z - [36mverbose[39m: Rendering page: /Users/damithch/Repos/nus-cs2103/cs2103-website-base/book/cppToJava/controlFlow/loops/index.md
2026-04-19T06:06:40.473Z - [36mverbose[39m: Rendering page: /Users/damithch/Repos/nus-cs2103/cs2103-website-base/book/cppToJava/controlFlow/branching/index.md
2026-04-19T06:06:40.481Z - [36mverbose[39m: Rendering page: /Users/damithch/Repos/nus-cs2103/cs2103-website-base/book/cppToJava/collections/what/index.md
2026-04-19T06:06:40.486Z - [36mverbose[39m: Rendering page: /Users/damithch/Repos/nus-cs2103/cs2103-website-base/book/cppToJava/collections/index.md
2026-04-19T06:06:40.499Z - [36mverbose[39m: Rendering page: /Users/damithch/Repos/nus-cs2103/cs2103-website-base/book/cppToJava/collections/hashMapClass/index.md
2026-04-19T06:06:40.690Z - [36mverbose[39m: Rendering page: /Users/damithch/Repos/nus-cs2103/cs2103-website-base/book/cppToJava/classes/index.md
2026-04-19T06:06:40.705Z - [36mverbose[39m: Rendering page: /Users/damithch/Repos/nus-cs2103/cs2103-website-base/book/cppToJava/collections/arrayListClass/index.md
2026-04-19T06:06:40.716Z - [36mverbose[39m: Rendering page: /Users/damithch/Repos/nus-cs2103/cs2103-website-base/book/cppToJava/classes/gettersAndSetters/index.md
2026-04-19T06:06:40.724Z - [36mverbose[39m: Rendering page: /Users/damithch/Repos/nus-cs2103/cs2103-website-base/book/cppToJava/classes/definingClasses/index.md
2026-04-19T06:06:40.808Z - [36mverbose[39m: Rendering page: /Users/damithch/Repos/nus-cs2103/cs2103-website-base/book/cppToJava/classes/classLevelMembers/index.md
2026-04-19T06:06:40.816Z - [36mverbose[39m: Rendering page: /Users/damithch/Repos/nus-cs2103/cs2103-website-base/book/cppToJava/about/index.md
2026-04-19T06:06:40.824Z - [36mverbose[39m: Rendering page: /Users/damithch/Repos/nus-cs2103/cs2103-website-base/book/codeQuality/nameWell/introduction/index.md
2026-04-19T06:06:40.885Z - [36mverbose[39m: Rendering page: /Users/damithch/Repos/nus-cs2103/cs2103-website-base/book/codeQuality/nameWell/intermediate/useNameExplain/index.md
2026-04-19T06:06:40.891Z - [36mverbose[39m: Rendering page: /Users/damithch/Repos/nus-cs2103/cs2103-website-base/book/codeQuality/nameWell/intermediate/index.md
2026-04-19T06:06:40.897Z - [36mverbose[39m: Rendering page: /Users/damithch/Repos/nus-cs2103/cs2103-website-base/book/codeQuality/nameWell/intermediate/notTooLongNorShort/index.md
2026-04-19T06:06:40.945Z - [36mverbose[39m: Rendering page: /Users/damithch/Repos/nus-cs2103/cs2103-website-base/book/codeQuality/nameWell/intermediate/avoidMisleadingNames/index.md
2026-04-19T06:06:40.980Z - [36mverbose[39m: Rendering page: /Users/damithch/Repos/nus-cs2103/cs2103-website-base/book/codeQuality/nameWell/index.md
2026-04-19T06:06:41.009Z - [36mverbose[39m: Rendering page: /Users/damithch/Repos/nus-cs2103/cs2103-website-base/book/codeQuality/nameWell/basic/nounsAndVerbsAsNames/index.md
2026-04-19T06:06:41.014Z - [36mverbose[39m: Rendering page: /Users/damithch/Repos/nus-cs2103/cs2103-website-base/book/codeQuality/nameWell/basic/useStandardWords/index.md
2026-04-19T06:06:41.031Z - [36mverbose[39m: Rendering page: /Users/damithch/Repos/nus-cs2103/cs2103-website-base/book/codeQuality/nameWell/basic/index.md
2026-04-19T06:06:41.097Z - [36mverbose[39m: Rendering page: /Users/damithch/Repos/nus-cs2103/cs2103-website-base/book/codeQuality/maximizeReadability/introduction/index.md
2026-04-19T06:06:41.103Z - [36mverbose[39m: Rendering page: /Users/damithch/Repos/nus-cs2103/cs2103-website-base/book/codeQuality/maximizeReadability/intermediate/structureCodeLogically/index.md
2026-04-19T06:06:41.152Z - [36mverbose[39m: Rendering page: /Users/damithch/Repos/nus-cs2103/cs2103-website-base/book/codeQuality/maximizeReadability/intermediate/slapHard/index.md
2026-04-19T06:06:41.159Z - [36mverbose[39m: Rendering page: /Users/damithch/Repos/nus-cs2103/cs2103-website-base/book/codeQuality/maximizeReadability/intermediate/practiceKISSing/index.md
2026-04-19T06:06:41.180Z - [36mverbose[39m: Rendering page: /Users/damithch/Repos/nus-cs2103/cs2103-website-base/book/codeQuality/maximizeReadability/intermediate/index.md
2026-04-19T06:06:41.327Z - [36mverbose[39m: Rendering page: /Users/damithch/Repos/nus-cs2103/cs2103-website-base/book/codeQuality/maximizeReadability/intermediate/dontTripReader/index.md
2026-04-19T06:06:41.333Z - [36mverbose[39m: Rendering page: /Users/damithch/Repos/nus-cs2103/cs2103-website-base/book/codeQuality/maximizeReadability/intermediate/avoidPrematureOptimizations/index.md
2026-04-19T06:06:41.338Z - [36mverbose[39m: Rendering page: /Users/damithch/Repos/nus-cs2103/cs2103-website-base/book/codeQuality/maximizeReadability/index.md
2026-04-19T06:06:41.357Z - [36mverbose[39m: Rendering page: /Users/damithch/Repos/nus-cs2103/cs2103-website-base/book/codeQuality/maximizeReadability/basic/makeCodeObvious/index.md
2026-04-19T06:06:41.472Z - [36mverbose[39m: Rendering page: /Users/damithch/Repos/nus-cs2103/cs2103-website-base/book/codeQuality/maximizeReadability/basic/index.md
2026-04-19T06:06:41.483Z - [36mverbose[39m: Rendering page: /Users/damithch/Repos/nus-cs2103/cs2103-website-base/book/codeQuality/maximizeReadability/basic/avoidLongMethods/index.md
2026-04-19T06:06:41.488Z - [36mverbose[39m: Rendering page: /Users/damithch/Repos/nus-cs2103/cs2103-website-base/book/codeQuality/maximizeReadability/basic/avoidMagicNumbers/index.md
2026-04-19T06:06:41.514Z - [36mverbose[39m: Rendering page: /Users/damithch/Repos/nus-cs2103/cs2103-website-base/book/codeQuality/maximizeReadability/basic/avoidDeepNesting/index.md
2026-04-19T06:06:41.577Z - [36mverbose[39m: Rendering page: /Users/damithch/Repos/nus-cs2103/cs2103-website-base/book/codeQuality/maximizeReadability/basic/avoidComplicatedExpressions/index.md
2026-04-19T06:06:41.586Z - [36mverbose[39m: Rendering page: /Users/damithch/Repos/nus-cs2103/cs2103-website-base/book/codeQuality/maximizeReadability/advanced/index.md
2026-04-19T06:06:41.592Z - [36mverbose[39m: Rendering page: /Users/damithch/Repos/nus-cs2103/cs2103-website-base/book/codeQuality/introduction/index.md
2026-04-19T06:06:41.614Z - [36mverbose[39m: Rendering page: /Users/damithch/Repos/nus-cs2103/cs2103-website-base/book/codeQuality/maximizeReadability/advanced/makeHappyPathProminent/index.md
2026-04-19T06:06:41.928Z - [36mverbose[39m: Rendering page: /Users/damithch/Repos/nus-cs2103/cs2103-website-base/book/codeQuality/introduction/basic/index.md
2026-04-19T06:06:41.933Z - [36mverbose[39m: Rendering page: /Users/damithch/Repos/nus-cs2103/cs2103-website-base/book/codeQuality/index.md
2026-04-19T06:06:41.967Z - [36mverbose[39m: Rendering page: /Users/damithch/Repos/nus-cs2103/cs2103-website-base/book/codeQuality/followStandard/introduction/index.md
2026-04-19T06:06:41.972Z - [36mverbose[39m: Rendering page: /Users/damithch/Repos/nus-cs2103/cs2103-website-base/book/codeQuality/followStandard/intermediate/index.md
2026-04-19T06:06:42.063Z - [36mverbose[39m: Rendering page: /Users/damithch/Repos/nus-cs2103/cs2103-website-base/book/codeQuality/followStandard/index.md
2026-04-19T06:06:42.071Z - [36mverbose[39m: Rendering page: /Users/damithch/Repos/nus-cs2103/cs2103-website-base/book/codeQuality/commentMinimally/introduction/index.md
2026-04-19T06:06:42.077Z - [36mverbose[39m: Rendering page: /Users/damithch/Repos/nus-cs2103/cs2103-website-base/book/codeQuality/followStandard/basic/index.md
2026-04-19T06:06:42.101Z - [36mverbose[39m: Rendering page: /Users/damithch/Repos/nus-cs2103/cs2103-website-base/book/codeQuality/commentMinimally/intermediate/index.md
2026-04-19T06:06:42.169Z - [36mverbose[39m: Rendering page: /Users/damithch/Repos/nus-cs2103/cs2103-website-base/book/codeQuality/commentMinimally/intermediate/explainWhatWhyNotHow/index.md
2026-04-19T06:06:42.201Z - [36mverbose[39m: Rendering page: /Users/damithch/Repos/nus-cs2103/cs2103-website-base/book/codeQuality/commentMinimally/index.md
2026-04-19T06:06:42.225Z - [36mverbose[39m: Rendering page: /Users/damithch/Repos/nus-cs2103/cs2103-website-base/book/codeQuality/commentMinimally/basic/index.md
2026-04-19T06:06:42.234Z - [36mverbose[39m: Rendering page: /Users/damithch/Repos/nus-cs2103/cs2103-website-base/book/codeQuality/commentMinimally/basic/writeToReader/index.md
2026-04-19T06:06:42.266Z - [36mverbose[39m: Rendering page: /Users/damithch/Repos/nus-cs2103/cs2103-website-base/book/codeQuality/commentMinimally/basic/dontRepeatObvious/index.md
2026-04-19T06:06:42.288Z - [36mverbose[39m: Rendering page: /Users/damithch/Repos/nus-cs2103/cs2103-website-base/book/codeQuality/avoidShortcuts/introduction/index.md
2026-04-19T06:06:42.369Z - [36mverbose[39m: Rendering page: /Users/damithch/Repos/nus-cs2103/cs2103-website-base/book/codeQuality/avoidShortcuts/intermediate/minimiseVariableScope/index.md
2026-04-19T06:06:42.374Z - [36mverbose[39m: Rendering page: /Users/damithch/Repos/nus-cs2103/cs2103-website-base/book/codeQuality/avoidShortcuts/intermediate/minimiseCodeDuplication/index.md
2026-04-19T06:06:42.379Z - [36mverbose[39m: Rendering page: /Users/damithch/Repos/nus-cs2103/cs2103-website-base/book/codeQuality/avoidShortcuts/intermediate/index.md
2026-04-19T06:06:42.431Z - [36mverbose[39m: Rendering page: /Users/damithch/Repos/nus-cs2103/cs2103-website-base/book/codeQuality/avoidShortcuts/index.md
2026-04-19T06:06:42.474Z - [36mverbose[39m: Rendering page: /Users/damithch/Repos/nus-cs2103/cs2103-website-base/book/codeQuality/avoidShortcuts/basic/index.md
2026-04-19T06:06:42.482Z - [36mverbose[39m: Rendering page: /Users/damithch/Repos/nus-cs2103/cs2103-website-base/book/codeQuality/avoidShortcuts/basic/dontRecycleVarsOrParams/index.md
2026-04-19T06:06:42.487Z - [36mverbose[39m: Rendering page: /Users/damithch/Repos/nus-cs2103/cs2103-website-base/book/codeQuality/avoidShortcuts/basic/deleteDeadCode/index.md
2026-04-19T06:06:42.491Z - [36mverbose[39m: Rendering page: /Users/damithch/Repos/nus-cs2103/cs2103-website-base/book/codeQuality/avoidShortcuts/basic/useDefaultBranch/index.md
2026-04-19T06:06:42.615Z - [36mverbose[39m: Rendering page: /Users/damithch/Repos/nus-cs2103/cs2103-website-base/book/codeQuality/avoidShortcuts/basic/avoidEmptyCatchBlocks/index.md
2026-04-19T06:06:42.620Z - [36mverbose[39m: Rendering page: /Users/damithch/Repos/nus-cs2103/cs2103-website-base/book/architecture/introduction/what/index.md
2026-04-19T06:06:42.626Z - [36mverbose[39m: Rendering page: /Users/damithch/Repos/nus-cs2103/cs2103-website-base/book/architecture/introduction/index.md
2026-04-19T06:06:42.633Z - [36mverbose[39m: Rendering page: /Users/damithch/Repos/nus-cs2103/cs2103-website-base/book/architecture/index.md
2026-04-19T06:06:42.702Z - [36mverbose[39m: Rendering page: /Users/damithch/Repos/nus-cs2103/cs2103-website-base/book/architecture/architectureDiagrams/index.md
2026-04-19T06:06:42.708Z - [36mverbose[39m: Rendering page: /Users/damithch/Repos/nus-cs2103/cs2103-website-base/book/architecture/architectureDiagrams/reading/index.md
2026-04-19T06:06:42.713Z - [36mverbose[39m: Rendering page: /Users/damithch/Repos/nus-cs2103/cs2103-website-base/book/architecture/architectureDiagrams/drawing/index.md
2026-04-19T06:06:42.721Z - [36mverbose[39m: Rendering page: /Users/damithch/Repos/nus-cs2103/cs2103-website-base/book/architecture/architecturalStyles/transactionProcessing/what/index.md
2026-04-19T06:06:42.779Z - [36mverbose[39m: Rendering page: /Users/damithch/Repos/nus-cs2103/cs2103-website-base/book/architecture/architecturalStyles/serviceOriented/what/index.md
2026-04-19T06:06:42.784Z - [36mverbose[39m: Rendering page: /Users/damithch/Repos/nus-cs2103/cs2103-website-base/book/architecture/architecturalStyles/transactionProcessing/index.md
2026-04-19T06:06:42.789Z - [36mverbose[39m: Rendering page: /Users/damithch/Repos/nus-cs2103/cs2103-website-base/book/architecture/architecturalStyles/serviceOriented/index.md
2026-04-19T06:06:42.796Z - [36mverbose[39m: Rendering page: /Users/damithch/Repos/nus-cs2103/cs2103-website-base/book/architecture/architecturalStyles/nTier/what/index.md
2026-04-19T06:06:42.869Z - [36mverbose[39m: Rendering page: /Users/damithch/Repos/nus-cs2103/cs2103-website-base/book/architecture/architecturalStyles/nTier/index.md
2026-04-19T06:06:42.877Z - [36mverbose[39m: Rendering page: /Users/damithch/Repos/nus-cs2103/cs2103-website-base/book/architecture/architecturalStyles/more/usingStyles/index.md
2026-04-19T06:06:42.882Z - [36mverbose[39m: Rendering page: /Users/damithch/Repos/nus-cs2103/cs2103-website-base/book/architecture/architecturalStyles/more/moreStyles/index.md
2026-04-19T06:06:42.887Z - [36mverbose[39m: Rendering page: /Users/damithch/Repos/nus-cs2103/cs2103-website-base/book/architecture/architecturalStyles/more/index.md
2026-04-19T06:06:42.992Z - [36mverbose[39m: Rendering page: /Users/damithch/Repos/nus-cs2103/cs2103-website-base/book/architecture/architecturalStyles/introduction/index.md
2026-04-19T06:06:42.997Z - [36mverbose[39m: Rendering page: /Users/damithch/Repos/nus-cs2103/cs2103-website-base/book/architecture/architecturalStyles/index.md
2026-04-19T06:06:43.008Z - [36mverbose[39m: Rendering page: /Users/damithch/Repos/nus-cs2103/cs2103-website-base/book/architecture/architecturalStyles/eventDriven/what/index.md
2026-04-19T06:06:43.013Z - [36mverbose[39m: Rendering page: /Users/damithch/Repos/nus-cs2103/cs2103-website-base/book/architecture/architecturalStyles/introduction/what/index.md
2026-04-19T06:06:43.155Z - [36mverbose[39m: Rendering page: /Users/damithch/Repos/nus-cs2103/cs2103-website-base/book/architecture/architecturalStyles/eventDriven/index.md
2026-04-19T06:06:43.160Z - [36mverbose[39m: Rendering page: /Users/damithch/Repos/nus-cs2103/cs2103-website-base/book/architecture/architecturalStyles/clientServer/what/index.md
2026-04-19T06:06:43.167Z - [36mverbose[39m: Rendering page: /Users/damithch/Repos/nus-cs2103/cs2103-website-base/book/architecture/architecturalStyles/clientServer/index.md
2026-04-19T06:06:43.710Z - [36mverbose[39m: Rendering page: /Users/damithch/Repos/nus-cs2103/cs2103-website-base/book/combined/exercises.md
2026-04-19T06:06:43.718Z - [36mverbose[39m: Rendering page: /Users/damithch/Repos/nus-cs2103/cs2103-website-base/se-book-adapted/git-trail/index.md
2026-04-19T06:06:43.728Z - [36mverbose[39m: Rendering page: /Users/damithch/Repos/nus-cs2103/cs2103-website-base/se-book-adapted/projectDuke/index.md
2026-04-19T06:06:43.753Z - [36mverbose[39m: Rendering page: /Users/damithch/Repos/nus-cs2103/cs2103-website-base/se-book-adapted/common/exercises.md
2026-04-19T06:06:44.349Z - [36mverbose[39m: Rendering page: /Users/damithch/Repos/nus-cs2103/cs2103-website-base/se-book-adapted/common/definitions.md
2026-04-19T06:06:44.357Z - [36mverbose[39m: Rendering page: /Users/damithch/Repos/nus-cs2103/cs2103-website-base/se-book-adapted/chapters-printable/uml-printable.md
2026-04-19T06:06:44.384Z - [36mverbose[39m: Rendering page: /Users/damithch/Repos/nus-cs2103/cs2103-website-base/se-book-adapted/chapters-printable/testCaseDesign-printable.md
2026-04-19T06:06:44.402Z - [36mverbose[39m: Rendering page: /Users/damithch/Repos/nus-cs2103/cs2103-website-base/se-book-adapted/chapters-printable/testing-printable.md
2026-04-19T06:06:44.623Z - [36mverbose[39m: Rendering page: /Users/damithch/Repos/nus-cs2103/cs2103-website-base/se-book-adapted/chapters-printable/teamwork-printable.md
2026-04-19T06:06:44.629Z - [36mverbose[39m: Rendering page: /Users/damithch/Repos/nus-cs2103/cs2103-website-base/se-book-adapted/chapters-printable/specifyingRequirements-printable.md
2026-04-19T06:06:44.645Z - [36mverbose[39m: Rendering page: /Users/damithch/Repos/nus-cs2103/cs2103-website-base/se-book-adapted/chapters-printable/softwareEngineering-printable.md
2026-04-19T06:06:44.650Z - [36mverbose[39m: Rendering page: /Users/damithch/Repos/nus-cs2103/cs2103-website-base/se-book-adapted/chapters-printable/reuse-printable.md
2026-04-19T06:06:44.805Z - [36mverbose[39m: Rendering page: /Users/damithch/Repos/nus-cs2103/cs2103-website-base/se-book-adapted/chapters-printable/requirements-printable.md
2026-04-19T06:06:44.812Z - [36mverbose[39m: Rendering page: /Users/damithch/Repos/nus-cs2103/cs2103-website-base/se-book-adapted/chapters-printable/refactoring-printable.md
2026-04-19T06:06:44.824Z - [36mverbose[39m: Rendering page: /Users/damithch/Repos/nus-cs2103/cs2103-website-base/se-book-adapted/chapters-printable/projectPlanning-printable.md
2026-04-19T06:06:44.831Z - [36mverbose[39m: Rendering page: /Users/damithch/Repos/nus-cs2103/cs2103-website-base/se-book-adapted/chapters-printable/qualityAssurance-printable.md
2026-04-19T06:06:45.340Z - [36mverbose[39m: Rendering page: /Users/damithch/Repos/nus-cs2103/cs2103-website-base/se-book-adapted/chapters-printable/processModels-printable.md
2026-04-19T06:06:45.348Z - [36mverbose[39m: Rendering page: /Users/damithch/Repos/nus-cs2103/cs2103-website-base/se-book-adapted/chapters-printable/principles-printable.md
2026-04-19T06:06:45.359Z - [36mverbose[39m: Rendering page: /Users/damithch/Repos/nus-cs2103/cs2103-website-base/se-book-adapted/chapters-printable/modeling-printable.md
2026-04-19T06:06:45.381Z - [36mverbose[39m: Rendering page: /Users/damithch/Repos/nus-cs2103/cs2103-website-base/se-book-adapted/chapters-printable/oop-printable.md
2026-04-19T06:06:45.527Z - [36mverbose[39m: Rendering page: /Users/damithch/Repos/nus-cs2103/cs2103-website-base/se-book-adapted/chapters-printable/intellij-printable.md
2026-04-19T06:06:45.533Z - [36mverbose[39m: Rendering page: /Users/damithch/Repos/nus-cs2103/cs2103-website-base/se-book-adapted/chapters-printable/integration-printable.md
2026-04-19T06:06:45.539Z - [36mverbose[39m: Rendering page: /Users/damithch/Repos/nus-cs2103/cs2103-website-base/se-book-adapted/chapters-printable/ides-printable.md
2026-04-19T06:06:45.545Z - [36mverbose[39m: Rendering page: /Users/damithch/Repos/nus-cs2103/cs2103-website-base/se-book-adapted/chapters-printable/gatheringRequirements-printable.md
2026-04-19T06:06:45.758Z - [36mverbose[39m: Rendering page: /Users/damithch/Repos/nus-cs2103/cs2103-website-base/se-book-adapted/chapters-printable/errorHandling-printable.md
2026-04-19T06:06:45.770Z - [36mverbose[39m: Rendering page: /Users/damithch/Repos/nus-cs2103/cs2103-website-base/se-book-adapted/chapters-printable/designPatterns-printable.md
2026-04-19T06:06:45.779Z - [36mverbose[39m: Rendering page: /Users/damithch/Repos/nus-cs2103/cs2103-website-base/se-book-adapted/chapters-printable/documentation-printable.md
2026-04-19T06:06:45.815Z - [36mverbose[39m: Rendering page: /Users/damithch/Repos/nus-cs2103/cs2103-website-base/se-book-adapted/chapters-printable/designFundamentals-printable.md
2026-04-19T06:06:46.484Z - [36mverbose[39m: Rendering page: /Users/damithch/Repos/nus-cs2103/cs2103-website-base/se-book-adapted/chapters-printable/designApproaches-printable.md
2026-04-19T06:06:46.652Z - [36mverbose[39m: Rendering page: /Users/damithch/Repos/nus-cs2103/cs2103-website-base/se-book-adapted/chapters-printable/design-printable.md
2026-04-19T06:06:46.701Z - [36mverbose[39m: Rendering page: /Users/damithch/Repos/nus-cs2103/cs2103-website-base/se-book-adapted/chapters-printable/codeQuality-printable.md
2026-04-19T06:06:46.722Z - [36mverbose[39m: Rendering page: /Users/damithch/Repos/nus-cs2103/cs2103-website-base/se-book-adapted/chapters-printable/cppToJava-printable.md
2026-04-19T06:06:47.427Z - [36mverbose[39m: Rendering page: /Users/damithch/Repos/nus-cs2103/cs2103-website-base/se-book-adapted/chapters-printable/architecture-printable.md
2026-04-19T06:06:47.652Z - [36mverbose[39m: Rendering page: /Users/damithch/Repos/nus-cs2103/cs2103-website-base/se-book-adapted/chapters/uml.md
2026-04-19T06:06:47.699Z - [36mverbose[39m: Rendering page: /Users/damithch/Repos/nus-cs2103/cs2103-website-base/se-book-adapted/chapters/testing.md
2026-04-19T06:06:47.737Z - [36mverbose[39m: Rendering page: /Users/damithch/Repos/nus-cs2103/cs2103-website-base/se-book-adapted/chapters/testCaseDesign.md
2026-04-19T06:06:47.995Z - [36mverbose[39m: Rendering page: /Users/damithch/Repos/nus-cs2103/cs2103-website-base/se-book-adapted/chapters/test.md
2026-04-19T06:06:48.001Z - [36mverbose[39m: Rendering page: /Users/damithch/Repos/nus-cs2103/cs2103-website-base/se-book-adapted/chapters/specifyingRequirements.md
2026-04-19T06:06:48.024Z - [36mverbose[39m: Rendering page: /Users/damithch/Repos/nus-cs2103/cs2103-website-base/se-book-adapted/chapters/teamwork.md
2026-04-19T06:06:48.108Z - [36mverbose[39m: Rendering page: /Users/damithch/Repos/nus-cs2103/cs2103-website-base/se-book-adapted/chapters/softwareEngineering.md
2026-04-19T06:06:48.260Z - [36mverbose[39m: Rendering page: /Users/damithch/Repos/nus-cs2103/cs2103-website-base/se-book-adapted/chapters/reuse.md
2026-04-19T06:06:48.314Z - [36mverbose[39m: Rendering page: /Users/damithch/Repos/nus-cs2103/cs2103-website-base/se-book-adapted/chapters/qualityAssurance.md
2026-04-19T06:06:48.323Z - [36mverbose[39m: Rendering page: /Users/damithch/Repos/nus-cs2103/cs2103-website-base/se-book-adapted/chapters/requirements.md
2026-04-19T06:06:48.333Z - [36mverbose[39m: Rendering page: /Users/damithch/Repos/nus-cs2103/cs2103-website-base/se-book-adapted/chapters/refactoring.md
2026-04-19T06:06:48.425Z - [36mverbose[39m: Rendering page: /Users/damithch/Repos/nus-cs2103/cs2103-website-base/se-book-adapted/chapters/projectPlanning.md
2026-04-19T06:06:48.912Z - [36mverbose[39m: Rendering page: /Users/damithch/Repos/nus-cs2103/cs2103-website-base/se-book-adapted/chapters/processModels.md
2026-04-19T06:06:49.270Z - [36mverbose[39m: Rendering page: /Users/damithch/Repos/nus-cs2103/cs2103-website-base/se-book-adapted/chapters/principles.md
2026-04-19T06:06:49.293Z - [36mverbose[39m: Rendering page: /Users/damithch/Repos/nus-cs2103/cs2103-website-base/se-book-adapted/chapters/oop.md
2026-04-19T06:06:49.416Z - [36mverbose[39m: Rendering page: /Users/damithch/Repos/nus-cs2103/cs2103-website-base/se-book-adapted/chapters/modeling.md
2026-04-19T06:06:49.494Z - [36mverbose[39m: Rendering page: /Users/damithch/Repos/nus-cs2103/cs2103-website-base/se-book-adapted/chapters/intellij.md
2026-04-19T06:06:49.584Z - [36mverbose[39m: Rendering page: /Users/damithch/Repos/nus-cs2103/cs2103-website-base/se-book-adapted/chapters/integration.md
2026-04-19T06:06:49.803Z - [36mverbose[39m: Rendering page: /Users/damithch/Repos/nus-cs2103/cs2103-website-base/se-book-adapted/chapters/ides.md
2026-04-19T06:06:49.882Z - [36mverbose[39m: Rendering page: /Users/damithch/Repos/nus-cs2103/cs2103-website-base/se-book-adapted/chapters/gatheringRequirements.md
2026-04-19T06:06:50.024Z - [36mverbose[39m: Rendering page: /Users/damithch/Repos/nus-cs2103/cs2103-website-base/se-book-adapted/chapters/errorHandling.md
2026-04-19T06:06:50.117Z - [36mverbose[39m: Rendering page: /Users/damithch/Repos/nus-cs2103/cs2103-website-base/se-book-adapted/chapters/documentation.md
2026-04-19T06:06:50.133Z - [36mverbose[39m: Rendering page: /Users/damithch/Repos/nus-cs2103/cs2103-website-base/se-book-adapted/chapters/designPatterns.md
2026-04-19T06:06:50.207Z - [36mverbose[39m: Rendering page: /Users/damithch/Repos/nus-cs2103/cs2103-website-base/se-book-adapted/chapters/designFundamentals.md
2026-04-19T06:06:51.779Z - [36mverbose[39m: Rendering page: /Users/damithch/Repos/nus-cs2103/cs2103-website-base/se-book-adapted/chapters/design.md
2026-04-19T06:06:51.786Z - [36mverbose[39m: Rendering page: /Users/damithch/Repos/nus-cs2103/cs2103-website-base/se-book-adapted/chapters/designApproaches.md
2026-04-19T06:06:52.166Z - [36mverbose[39m: Rendering page: /Users/damithch/Repos/nus-cs2103/cs2103-website-base/se-book-adapted/chapters/cppToJava.md
2026-04-19T06:06:52.310Z - [36mverbose[39m: Rendering page: /Users/damithch/Repos/nus-cs2103/cs2103-website-base/se-book-adapted/chapters/codeQuality.md
2026-04-19T06:06:52.345Z - [36mverbose[39m: Rendering page: /Users/damithch/Repos/nus-cs2103/cs2103-website-base/se-book-adapted/index.md
2026-04-19T06:06:52.354Z - [36mverbose[39m: Rendering page: /Users/damithch/Repos/nus-cs2103/cs2103-website-base/se-book-adapted/chapters/architecture.md
2026-04-19T06:06:52.579Z - [36mverbose[39m: Rendering page: /Users/damithch/Repos/nus-cs2103/cs2103-website-base/book/about/acknowledgements.md
2026-04-19T06:06:52.587Z - [36mverbose[39m: Rendering page: /Users/damithch/Repos/nus-cs2103/cs2103-website-base/schedule/week9/tutorial.md
2026-04-19T06:06:52.594Z - [36mverbose[39m: Rendering page: /Users/damithch/Repos/nus-cs2103/cs2103-website-base/schedule/week8/tutorial.md
2026-04-19T06:06:52.625Z - [36mverbose[39m: Rendering page: /Users/damithch/Repos/nus-cs2103/cs2103-website-base/schedule/week7/tutorial.md
2026-04-19T06:06:53.161Z - [36mverbose[39m: Rendering page: /Users/damithch/Repos/nus-cs2103/cs2103-website-base/schedule/week6/tutorial.md
2026-04-19T06:06:53.788Z - [36mverbose[39m: Rendering page: /Users/damithch/Repos/nus-cs2103/cs2103-website-base/schedule/week4/tutorial.md
2026-04-19T06:06:53.797Z - [36mverbose[39m: Rendering page: /Users/damithch/Repos/nus-cs2103/cs2103-website-base/schedule/week5/tutorial.md
2026-04-19T06:06:53.838Z - [36mverbose[39m: Rendering page: /Users/damithch/Repos/nus-cs2103/cs2103-website-base/schedule/week3/tutorial.md
2026-04-19T06:06:53.906Z - [36mverbose[39m: Rendering page: /Users/damithch/Repos/nus-cs2103/cs2103-website-base/schedule/week2/tutorial.md
2026-04-19T06:06:53.937Z - [36mverbose[39m: Rendering page: /Users/damithch/Repos/nus-cs2103/cs2103-website-base/schedule/week13/tutorial.md
2026-04-19T06:06:53.943Z - [36mverbose[39m: Rendering page: /Users/damithch/Repos/nus-cs2103/cs2103-website-base/schedule/week12/tutorial.md
2026-04-19T06:06:54.079Z - [36mverbose[39m: Rendering page: /Users/damithch/Repos/nus-cs2103/cs2103-website-base/schedule/week11/tutorial.md
2026-04-19T06:06:55.280Z - [36mverbose[39m: Rendering page: /Users/damithch/Repos/nus-cs2103/cs2103-website-base/schedule/week10/tutorial.md
2026-04-19T06:06:55.291Z - [36mverbose[39m: Rendering page: /Users/damithch/Repos/nus-cs2103/cs2103-website-base/schedule/week1/tutorial.md
2026-04-19T06:06:55.299Z - [36mverbose[39m: Rendering page: /Users/damithch/Repos/nus-cs2103/cs2103-website-base/schedule/week9/topics.md
2026-04-19T06:06:55.729Z - [36mverbose[39m: Rendering page: /Users/damithch/Repos/nus-cs2103/cs2103-website-base/schedule/week8/topics.md
2026-04-19T06:06:56.655Z - [36mverbose[39m: Rendering page: /Users/damithch/Repos/nus-cs2103/cs2103-website-base/schedule/week7/topics.md
2026-04-19T06:06:57.107Z - [36mverbose[39m: Rendering page: /Users/damithch/Repos/nus-cs2103/cs2103-website-base/schedule/week6/topics.md
2026-04-19T06:06:57.129Z - [36mverbose[39m: Rendering page: /Users/damithch/Repos/nus-cs2103/cs2103-website-base/schedule/week5/topics.md
2026-04-19T06:06:57.584Z - [36mverbose[39m: Rendering page: /Users/damithch/Repos/nus-cs2103/cs2103-website-base/schedule/week4/topics.md
2026-04-19T06:06:57.891Z - [36mverbose[39m: Rendering page: /Users/damithch/Repos/nus-cs2103/cs2103-website-base/schedule/week3/topics.md
2026-04-19T06:06:57.947Z - [36mverbose[39m: Rendering page: /Users/damithch/Repos/nus-cs2103/cs2103-website-base/schedule/week13/topics.md
2026-04-19T06:06:57.953Z - [36mverbose[39m: Rendering page: /Users/damithch/Repos/nus-cs2103/cs2103-website-base/schedule/week2/topics.md
2026-04-19T06:06:57.977Z - [36mverbose[39m: Rendering page: /Users/damithch/Repos/nus-cs2103/cs2103-website-base/schedule/week12/topics.md
2026-04-19T06:07:00.796Z - [36mverbose[39m: Rendering page: /Users/damithch/Repos/nus-cs2103/cs2103-website-base/schedule/week11/topics.md
2026-04-19T06:07:00.839Z - [36mverbose[39m: Rendering page: /Users/damithch/Repos/nus-cs2103/cs2103-website-base/schedule/week10/topics.md
2026-04-19T06:07:00.877Z - [36mverbose[39m: Rendering page: /Users/damithch/Repos/nus-cs2103/cs2103-website-base/schedule/week1/topics.md
2026-04-19T06:07:00.961Z - [36mverbose[39m: Rendering page: /Users/damithch/Repos/nus-cs2103/cs2103-website-base/schedule/week9/project.md
2026-04-19T06:07:05.202Z - [36mverbose[39m: Rendering page: /Users/damithch/Repos/nus-cs2103/cs2103-website-base/schedule/week8/project.md
2026-04-19T06:07:05.227Z - [36mverbose[39m: Rendering page: /Users/damithch/Repos/nus-cs2103/cs2103-website-base/schedule/week7/project.md
2026-04-19T06:07:05.255Z - [36mverbose[39m: Rendering page: /Users/damithch/Repos/nus-cs2103/cs2103-website-base/schedule/week6/project.md
2026-04-19T06:07:05.306Z - [36mverbose[39m: Rendering page: /Users/damithch/Repos/nus-cs2103/cs2103-website-base/schedule/week5/project.md
2026-04-19T06:07:11.851Z - [34mdebug[39m: 
2026-04-19T06:07:11.852Z - [34mdebug[39m: 
2026-04-19T06:07:11.922Z - [36mverbose[39m: Rendering page: /Users/damithch/Repos/nus-cs2103/cs2103-website-base/schedule/week4/project.md
2026-04-19T06:07:11.999Z - [36mverbose[39m: Rendering page: /Users/damithch/Repos/nus-cs2103/cs2103-website-base/schedule/week3/project.md
2026-04-19T06:07:12.026Z - [36mverbose[39m: Rendering page: /Users/damithch/Repos/nus-cs2103/cs2103-website-base/schedule/week2/project.md
2026-04-19T06:07:12.053Z - [36mverbose[39m: Rendering page: /Users/damithch/Repos/nus-cs2103/cs2103-website-base/schedule/week13/project.md
2026-04-19T06:07:15.894Z - [36mverbose[39m: Rendering page: /Users/damithch/Repos/nus-cs2103/cs2103-website-base/schedule/week1/project.md
2026-04-19T06:07:15.902Z - [36mverbose[39m: Rendering page: /Users/damithch/Repos/nus-cs2103/cs2103-website-base/schedule/week10/project.md
2026-04-19T06:07:15.925Z - [36mverbose[39m: Rendering page: /Users/damithch/Repos/nus-cs2103/cs2103-website-base/schedule/week11/project.md
2026-04-19T06:07:16.007Z - [36mverbose[39m: Rendering page: /Users/damithch/Repos/nus-cs2103/cs2103-website-base/schedule/week12/project.md
2026-04-19T06:07:16.892Z - [36mverbose[39m: Rendering page: /Users/damithch/Repos/nus-cs2103/cs2103-website-base/schedule/week9/index.md
2026-04-19T06:07:16.902Z - [36mverbose[39m: Rendering page: /Users/damithch/Repos/nus-cs2103/cs2103-website-base/schedule/week8/index.md
2026-04-19T06:07:16.908Z - [36mverbose[39m: Rendering page: /Users/damithch/Repos/nus-cs2103/cs2103-website-base/schedule/week6/index.md
2026-04-19T06:07:16.914Z - [36mverbose[39m: Rendering page: /Users/damithch/Repos/nus-cs2103/cs2103-website-base/schedule/week7/index.md
2026-04-19T06:07:17.754Z - [36mverbose[39m: Rendering page: /Users/damithch/Repos/nus-cs2103/cs2103-website-base/schedule/week5/index.md
2026-04-19T06:07:17.761Z - [36mverbose[39m: Rendering page: /Users/damithch/Repos/nus-cs2103/cs2103-website-base/schedule/week4/index.md
2026-04-19T06:07:17.771Z - [36mverbose[39m: Rendering page: /Users/damithch/Repos/nus-cs2103/cs2103-website-base/schedule/week2/index.md
2026-04-19T06:07:17.778Z - [36mverbose[39m: Rendering page: /Users/damithch/Repos/nus-cs2103/cs2103-website-base/schedule/week3/index.md
2026-04-19T06:07:18.625Z - [36mverbose[39m: Rendering page: /Users/damithch/Repos/nus-cs2103/cs2103-website-base/schedule/week13/index.md
2026-04-19T06:07:18.632Z - [36mverbose[39m: Rendering page: /Users/damithch/Repos/nus-cs2103/cs2103-website-base/schedule/week10/index.md
2026-04-19T06:07:18.637Z - [36mverbose[39m: Rendering page: /Users/damithch/Repos/nus-cs2103/cs2103-website-base/schedule/week12/index.md
2026-04-19T06:07:18.642Z - [36mverbose[39m: Rendering page: /Users/damithch/Repos/nus-cs2103/cs2103-website-base/schedule/week11/index.md
2026-04-19T06:07:18.941Z - [36mverbose[39m: Rendering page: /Users/damithch/Repos/nus-cs2103/cs2103-website-base/schedule/week8/admin.md
2026-04-19T06:07:18.948Z - [36mverbose[39m: Rendering page: /Users/damithch/Repos/nus-cs2103/cs2103-website-base/schedule/week1/index.md
2026-04-19T06:07:18.960Z - [36mverbose[39m: Rendering page: /Users/damithch/Repos/nus-cs2103/cs2103-website-base/schedule/week7/admin.md
2026-04-19T06:07:18.965Z - [36mverbose[39m: Rendering page: /Users/damithch/Repos/nus-cs2103/cs2103-website-base/schedule/week9/admin.md
2026-04-19T06:07:20.463Z - [36mverbose[39m: Rendering page: /Users/damithch/Repos/nus-cs2103/cs2103-website-base/schedule/week5/admin.md
2026-04-19T06:07:20.485Z - [36mverbose[39m: Rendering page: /Users/damithch/Repos/nus-cs2103/cs2103-website-base/schedule/week6/admin.md
2026-04-19T06:07:20.497Z - [36mverbose[39m: Rendering page: /Users/damithch/Repos/nus-cs2103/cs2103-website-base/schedule/week4/admin.md
2026-04-19T06:07:20.504Z - [36mverbose[39m: Rendering page: /Users/damithch/Repos/nus-cs2103/cs2103-website-base/schedule/week3/admin.md
2026-04-19T06:07:21.174Z - [36mverbose[39m: Rendering page: /Users/damithch/Repos/nus-cs2103/cs2103-website-base/schedule/week13/admin.md
2026-04-19T06:07:21.184Z - [36mverbose[39m: Rendering page: /Users/damithch/Repos/nus-cs2103/cs2103-website-base/schedule/week2/admin.md
2026-04-19T06:07:21.195Z - [36mverbose[39m: Rendering page: /Users/damithch/Repos/nus-cs2103/cs2103-website-base/schedule/week12/admin.md
2026-04-19T06:07:21.207Z - [36mverbose[39m: Rendering page: /Users/damithch/Repos/nus-cs2103/cs2103-website-base/schedule/week11/admin.md
2026-04-19T06:07:24.910Z - [34mdebug[39m: 
2026-04-19T06:07:25.151Z - [36mverbose[39m: Rendering page: /Users/damithch/Repos/nus-cs2103/cs2103-website-base/schedule/week10/admin.md
2026-04-19T06:07:25.157Z - [36mverbose[39m: Rendering page: /Users/damithch/Repos/nus-cs2103/cs2103-website-base/schedule/week1/admin.md
2026-04-19T06:07:25.189Z - [36mverbose[39m: Rendering page: /Users/damithch/Repos/nus-cs2103/cs2103-website-base/schedule/timeline.md
2026-04-19T06:07:25.217Z - [36mverbose[39m: Rendering page: /Users/damithch/Repos/nus-cs2103/cs2103-website-base/schedule/index.md
2026-04-19T06:07:25.371Z - [36mverbose[39m: Rendering page: /Users/damithch/Repos/nus-cs2103/cs2103-website-base/admin/usingThisWebsite.md
2026-04-19T06:07:25.382Z - [36mverbose[39m: Rendering page: /Users/damithch/Repos/nus-cs2103/cs2103-website-base/admin/weeklySchedule.md
2026-04-19T06:07:25.389Z - [36mverbose[39m: Rendering page: /Users/damithch/Repos/nus-cs2103/cs2103-website-base/admin/uml-reference-sheet.md
2026-04-19T06:07:25.397Z - [36mverbose[39m: Rendering page: /Users/damithch/Repos/nus-cs2103/cs2103-website-base/admin/tutors-info.md
2026-04-19T06:07:28.641Z - [36mverbose[39m: Rendering page: /Users/damithch/Repos/nus-cs2103/cs2103-website-base/admin/tutorials.md
2026-04-19T06:07:28.664Z - [36mverbose[39m: Rendering page: /Users/damithch/Repos/nus-cs2103/cs2103-website-base/admin/tp-w9.md
2026-04-19T06:07:28.683Z - [36mverbose[39m: Rendering page: /Users/damithch/Repos/nus-cs2103/cs2103-website-base/admin/tp-w8.md
2026-04-19T06:07:28.700Z - [36mverbose[39m: Rendering page: /Users/damithch/Repos/nus-cs2103/cs2103-website-base/admin/tp-w7.md
2026-04-19T06:07:31.088Z - [36mverbose[39m: Rendering page: /Users/damithch/Repos/nus-cs2103/cs2103-website-base/admin/tp-w6.md
2026-04-19T06:07:31.106Z - [36mverbose[39m: Rendering page: /Users/damithch/Repos/nus-cs2103/cs2103-website-base/admin/tp-w5.md
2026-04-19T06:07:31.119Z - [36mverbose[39m: Rendering page: /Users/damithch/Repos/nus-cs2103/cs2103-website-base/admin/tp-w4.md
2026-04-19T06:07:31.207Z - [36mverbose[39m: Rendering page: /Users/damithch/Repos/nus-cs2103/cs2103-website-base/admin/tp-w3.md
2026-04-19T06:07:35.875Z - [36mverbose[39m: Rendering page: /Users/damithch/Repos/nus-cs2103/cs2103-website-base/admin/tp-w2.md
2026-04-19T06:07:35.884Z - [36mverbose[39m: Rendering page: /Users/damithch/Repos/nus-cs2103/cs2103-website-base/admin/tp-w13.md
2026-04-19T06:07:35.923Z - [36mverbose[39m: Rendering page: /Users/damithch/Repos/nus-cs2103/cs2103-website-base/admin/tp-w12.md
2026-04-19T06:07:36.849Z - [36mverbose[39m: Rendering page: /Users/damithch/Repos/nus-cs2103/cs2103-website-base/admin/tp-w11.md
2026-04-19T06:07:38.013Z - [34mdebug[39m: 
2026-04-19T06:07:38.283Z - [34mdebug[39m: 
2026-04-19T06:07:38.373Z - [36mverbose[39m: Rendering page: /Users/damithch/Repos/nus-cs2103/cs2103-website-base/admin/tp-w10.md
2026-04-19T06:07:38.424Z - [36mverbose[39m: Rendering page: /Users/damithch/Repos/nus-cs2103/cs2103-website-base/admin/tp-timeline.md
2026-04-19T06:07:38.437Z - [36mverbose[39m: Rendering page: /Users/damithch/Repos/nus-cs2103/cs2103-website-base/admin/tp-supervision.md
2026-04-19T06:07:38.449Z - [36mverbose[39m: Rendering page: /Users/damithch/Repos/nus-cs2103/cs2103-website-base/admin/tp-teams.md
2026-04-19T06:07:40.473Z - [36mverbose[39m: Rendering page: /Users/damithch/Repos/nus-cs2103/cs2103-website-base/admin/tp-ped.md
2026-04-19T06:07:40.502Z - [36mverbose[39m: Rendering page: /Users/damithch/Repos/nus-cs2103/cs2103-website-base/admin/tp-pe.md
2026-04-19T06:07:40.541Z - [36mverbose[39m: Rendering page: /Users/damithch/Repos/nus-cs2103/cs2103-website-base/admin/tp-overview.md
2026-04-19T06:07:40.550Z - [36mverbose[39m: Rendering page: /Users/damithch/Repos/nus-cs2103/cs2103-website-base/admin/tp-grading.md
2026-04-19T06:07:41.028Z - [36mverbose[39m: Rendering page: /Users/damithch/Repos/nus-cs2103/cs2103-website-base/admin/tp-deliverables.md
2026-04-19T06:07:41.042Z - [36mverbose[39m: Rendering page: /Users/damithch/Repos/nus-cs2103/cs2103-website-base/admin/tp-constraints.md
2026-04-19T06:07:41.055Z - [36mverbose[39m: Rendering page: /Users/damithch/Repos/nus-cs2103/cs2103-website-base/admin/tp-expectations.md
2026-04-19T06:07:41.065Z - [36mverbose[39m: Rendering page: /Users/damithch/Repos/nus-cs2103/cs2103-website-base/admin/tp-common-fragments.md
2026-04-19T06:07:41.702Z - [36mverbose[39m: Rendering page: /Users/damithch/Repos/nus-cs2103/cs2103-website-base/admin/tools.md
2026-04-19T06:07:41.713Z - [36mverbose[39m: Rendering page: /Users/damithch/Repos/nus-cs2103/cs2103-website-base/admin/textbooks.md
2026-04-19T06:07:41.720Z - [36mverbose[39m: Rendering page: /Users/damithch/Repos/nus-cs2103/cs2103-website-base/admin/syllabus.md
2026-04-19T06:07:41.729Z - [36mverbose[39m: Rendering page: /Users/damithch/Repos/nus-cs2103/cs2103-website-base/admin/teamList.md
2026-04-19T06:07:41.950Z - [36mverbose[39m: Rendering page: /Users/damithch/Repos/nus-cs2103/cs2103-website-base/admin/standardsAndConventions.md
2026-04-19T06:07:41.957Z - [36mverbose[39m: Rendering page: /Users/damithch/Repos/nus-cs2103/cs2103-website-base/admin/reposenseAuthorAnnotation.md
2026-04-19T06:07:41.966Z - [36mverbose[39m: Rendering page: /Users/damithch/Repos/nus-cs2103/cs2103-website-base/admin/programmingLanguages.md
2026-04-19T06:07:41.974Z - [36mverbose[39m: Rendering page: /Users/damithch/Repos/nus-cs2103/cs2103-website-base/admin/peerEvaluations.md
2026-04-19T06:07:42.288Z - [36mverbose[39m: Rendering page: /Users/damithch/Repos/nus-cs2103/cs2103-website-base/admin/participation.md
2026-04-19T06:07:42.298Z - [36mverbose[39m: Rendering page: /Users/damithch/Repos/nus-cs2103/cs2103-website-base/admin/overview-for-teachers.md
2026-04-19T06:07:42.310Z - [36mverbose[39m: Rendering page: /Users/damithch/Repos/nus-cs2103/cs2103-website-base/admin/mid-semester-survey-results.md
2026-04-19T06:07:42.522Z - [36mverbose[39m: Rendering page: /Users/damithch/Repos/nus-cs2103/cs2103-website-base/admin/lectures.md
2026-04-19T06:07:43.298Z - [36mverbose[39m: Rendering page: /Users/damithch/Repos/nus-cs2103/cs2103-website-base/admin/ip-w7.md
2026-04-19T06:07:43.305Z - [36mverbose[39m: Rendering page: /Users/damithch/Repos/nus-cs2103/cs2103-website-base/admin/ip-w8.md
2026-04-19T06:07:43.316Z - [36mverbose[39m: Rendering page: /Users/damithch/Repos/nus-cs2103/cs2103-website-base/admin/ip-w6.md
2026-04-19T06:07:43.927Z - [36mverbose[39m: Rendering page: /Users/damithch/Repos/nus-cs2103/cs2103-website-base/admin/ip-w5.md
2026-04-19T06:07:46.046Z - [36mverbose[39m: Rendering page: /Users/damithch/Repos/nus-cs2103/cs2103-website-base/admin/ip-w4.md
2026-04-19T06:07:46.095Z - [36mverbose[39m: Rendering page: /Users/damithch/Repos/nus-cs2103/cs2103-website-base/admin/ip-w3.md
2026-04-19T06:07:46.141Z - [36mverbose[39m: Rendering page: /Users/damithch/Repos/nus-cs2103/cs2103-website-base/admin/ip-w2.md
2026-04-19T06:07:46.163Z - [36mverbose[39m: Rendering page: /Users/damithch/Repos/nus-cs2103/cs2103-website-base/admin/ip-showcase.md
2026-04-19T06:07:46.233Z - [36mverbose[39m: Rendering page: /Users/damithch/Repos/nus-cs2103/cs2103-website-base/admin/ip-overview.md
2026-04-19T06:07:46.339Z - [36mverbose[39m: Rendering page: /Users/damithch/Repos/nus-cs2103/cs2103-website-base/admin/ip-grading.md
2026-04-19T06:07:46.776Z - [36mverbose[39m: Rendering page: /Users/damithch/Repos/nus-cs2103/cs2103-website-base/admin/instructors.md
2026-04-19T06:07:46.787Z - [36mverbose[39m: Rendering page: /Users/damithch/Repos/nus-cs2103/cs2103-website-base/admin/index.md
2026-04-19T06:07:47.028Z - [36mverbose[39m: Rendering page: /Users/damithch/Repos/nus-cs2103/cs2103-website-base/admin/gradeBreakdown.md
2026-04-19T06:07:47.100Z - [36mverbose[39m: Rendering page: /Users/damithch/Repos/nus-cs2103/cs2103-website-base/admin/exams.md
2026-04-19T06:07:47.130Z - [36mverbose[39m: Rendering page: /Users/damithch/Repos/nus-cs2103/cs2103-website-base/admin/exams-f2f.md
2026-04-19T06:07:47.137Z - [36mverbose[39m: Rendering page: /Users/damithch/Repos/nus-cs2103/cs2103-website-base/admin/exam-reference-sheet.md
2026-04-19T06:07:47.207Z - [36mverbose[39m: Rendering page: /Users/damithch/Repos/nus-cs2103/cs2103-website-base/admin/exam-pen-and-paper.md
2026-04-19T06:07:47.250Z - [36mverbose[39m: Rendering page: /Users/damithch/Repos/nus-cs2103/cs2103-website-base/admin/courseOverview.md
2026-04-19T06:07:47.286Z - [36mverbose[39m: Rendering page: /Users/damithch/Repos/nus-cs2103/cs2103-website-base/admin/courseExpectations.md
2026-04-19T06:07:47.298Z - [36mverbose[39m: Rendering page: /Users/damithch/Repos/nus-cs2103/cs2103-website-base/admin/courseBriefings.md
2026-04-19T06:07:47.338Z - [36mverbose[39m: Rendering page: /Users/damithch/Repos/nus-cs2103/cs2103-website-base/admin/appendixH-tipsFromStudents.md
2026-04-19T06:07:47.398Z - [36mverbose[39m: Rendering page: /Users/damithch/Repos/nus-cs2103/cs2103-website-base/admin/appendixG-troubleshooting.md
2026-04-19T06:07:47.568Z - [36mverbose[39m: Rendering page: /Users/damithch/Repos/nus-cs2103/cs2103-website-base/admin/appendixG-CS2103R.md
2026-04-19T06:07:47.574Z - [36mverbose[39m: Rendering page: /Users/damithch/Repos/nus-cs2103/cs2103-website-base/admin/appendixF-teamworkIssues.md
2026-04-19T06:07:47.650Z - [36mverbose[39m: Rendering page: /Users/damithch/Repos/nus-cs2103/cs2103-website-base/admin/appendixE-gitHub.md
2026-04-19T06:07:47.666Z - [36mverbose[39m: Rendering page: /Users/damithch/Repos/nus-cs2103/cs2103-website-base/admin/appendixD-help.md
2026-04-19T06:07:47.676Z - [32minfo[39m: Pages built
2026-04-19T06:07:47.749Z - [32minfo[39m: Site data built
2026-04-19T06:07:47.749Z - [32minfo[39m: Website generation complete! Total build time: 101.786s
2026-04-19T06:07:47.749Z - [32minfo[39m: Build success!
2026-04-19T06:08:15.789Z - [32minfo[39m: GitHub Actions deployment initiated. Check status at: https://github.com/NUS-CS2103-AY2526-S2/website/actions
2026-04-19T06:08:15.789Z - [32minfo[39m: The website will be deployed at: https://NUS-CS2103-AY2526-S2.github.io/website
