2026-05-19T19:06:22.063Z - [32minfo[39m: Website generation started at 03:06:21
2026-05-19T19:06:22.619Z - [32minfo[39m: Building assets...
2026-05-19T19:06:24.136Z - [32minfo[39m: Assets built
2026-05-19T19:06:24.138Z - [32minfo[39m: Generating pages...
2026-05-19T19:06:26.805Z - [36mverbose[39m: Rendering page: /Users/damithch/Repos/nus-cs2103/cs2103-website-base/admin/acknowledgements.md
2026-05-19T19:06:26.819Z - [36mverbose[39m: Rendering page: /Users/damithch/Repos/nus-cs2103/cs2103-website-base/admin/appendixA-principles.md
2026-05-19T19:06:26.828Z - [36mverbose[39m: Rendering page: /Users/damithch/Repos/nus-cs2103/cs2103-website-base/admin/appendixB-policies.md
2026-05-19T19:06:26.850Z - [36mverbose[39m: Rendering page: /Users/damithch/Repos/nus-cs2103/cs2103-website-base/admin/appendixC-faq.md
2026-05-19T19:06:32.315Z - [34mdebug[39m: 
2026-05-19T19:06:32.315Z - [34mdebug[39m: 
2026-05-19T19:06:32.315Z - [34mdebug[39m: 
2026-05-19T19:06:32.315Z - [34mdebug[39m: 
2026-05-19T19:06:32.316Z - [34mdebug[39m: 
2026-05-19T19:06:32.316Z - [34mdebug[39m: 
2026-05-19T19:06:32.316Z - [34mdebug[39m: 
2026-05-19T19:06:32.316Z - [34mdebug[39m: 
2026-05-19T19:06:32.316Z - [34mdebug[39m: 
2026-05-19T19:06:32.316Z - [34mdebug[39m: 
2026-05-19T19:06:32.316Z - [34mdebug[39m: 
2026-05-19T19:06:32.316Z - [34mdebug[39m: 
2026-05-19T19:06:32.316Z - [34mdebug[39m: 
2026-05-19T19:06:32.316Z - [34mdebug[39m: 
2026-05-19T19:06:32.316Z - [34mdebug[39m: 
2026-05-19T19:06:32.316Z - [34mdebug[39m: 
2026-05-19T19:06:32.316Z - [34mdebug[39m: 
2026-05-19T19:06:32.316Z - [34mdebug[39m: 
2026-05-19T19:06:32.318Z - [36mverbose[39m: Rendering page: /Users/damithch/Repos/nus-cs2103/cs2103-website-base/se-book-adapted/print.md
2026-05-19T19:06:32.473Z - [36mverbose[39m: Rendering page: /Users/damithch/Repos/nus-cs2103/cs2103-website-base/index.md
2026-05-19T19:06:32.486Z - [36mverbose[39m: Rendering page: /Users/damithch/Repos/nus-cs2103/cs2103-website-base/book/uml/stereotypes/what/index.md
2026-05-19T19:06:32.497Z - [36mverbose[39m: Rendering page: /Users/damithch/Repos/nus-cs2103/cs2103-website-base/book/uml/stereotypes/index.md
2026-05-19T19:06:32.558Z - [36mverbose[39m: Rendering page: /Users/damithch/Repos/nus-cs2103/cs2103-website-base/book/uml/sequenceDiagrams/staticMethods/index.md
2026-05-19T19:06:32.564Z - [36mverbose[39m: Rendering page: /Users/damithch/Repos/nus-cs2103/cs2103-website-base/book/uml/sequenceDiagrams/referenceFrames/index.md
2026-05-19T19:06:32.569Z - [36mverbose[39m: Rendering page: /Users/damithch/Repos/nus-cs2103/cs2103-website-base/book/uml/sequenceDiagrams/selfInvocation/index.md
2026-05-19T19:06:32.575Z - [36mverbose[39m: Rendering page: /Users/damithch/Repos/nus-cs2103/cs2103-website-base/book/uml/sequenceDiagrams/parallelPaths/index.md
2026-05-19T19:06:32.626Z - [36mverbose[39m: Rendering page: /Users/damithch/Repos/nus-cs2103/cs2103-website-base/book/uml/sequenceDiagrams/optionalPaths/index.md
2026-05-19T19:06:32.631Z - [36mverbose[39m: Rendering page: /Users/damithch/Repos/nus-cs2103/cs2103-website-base/book/uml/sequenceDiagrams/objectCreation/index.md
2026-05-19T19:06:32.636Z - [36mverbose[39m: Rendering page: /Users/damithch/Repos/nus-cs2103/cs2103-website-base/book/uml/sequenceDiagrams/objectDeletion/index.md
2026-05-19T19:06:32.641Z - [36mverbose[39m: Rendering page: /Users/damithch/Repos/nus-cs2103/cs2103-website-base/book/uml/sequenceDiagrams/minimalNotation/index.md
2026-05-19T19:06:32.729Z - [36mverbose[39m: Rendering page: /Users/damithch/Repos/nus-cs2103/cs2103-website-base/book/uml/sequenceDiagrams/introduction/index.md
2026-05-19T19:06:32.734Z - [36mverbose[39m: Rendering page: /Users/damithch/Repos/nus-cs2103/cs2103-website-base/book/uml/sequenceDiagrams/loops/index.md
2026-05-19T19:06:32.740Z - [36mverbose[39m: Rendering page: /Users/damithch/Repos/nus-cs2103/cs2103-website-base/book/uml/sequenceDiagrams/index.md
2026-05-19T19:06:32.752Z - [36mverbose[39m: Rendering page: /Users/damithch/Repos/nus-cs2103/cs2103-website-base/book/uml/sequenceDiagrams/basic/index.md
2026-05-19T19:06:32.816Z - [36mverbose[39m: Rendering page: /Users/damithch/Repos/nus-cs2103/cs2103-website-base/book/uml/objectDiagrams/objects/index.md
2026-05-19T19:06:32.823Z - [36mverbose[39m: Rendering page: /Users/damithch/Repos/nus-cs2103/cs2103-website-base/book/uml/sequenceDiagrams/alternativePaths/index.md
2026-05-19T19:06:32.829Z - [36mverbose[39m: Rendering page: /Users/damithch/Repos/nus-cs2103/cs2103-website-base/book/uml/objectDiagrams/introduction/index.md
2026-05-19T19:06:32.834Z - [36mverbose[39m: Rendering page: /Users/damithch/Repos/nus-cs2103/cs2103-website-base/book/uml/objectDiagrams/index.md
2026-05-19T19:06:32.885Z - [36mverbose[39m: Rendering page: /Users/damithch/Repos/nus-cs2103/cs2103-website-base/book/uml/objectDiagrams/associations/index.md
2026-05-19T19:06:32.891Z - [36mverbose[39m: Rendering page: /Users/damithch/Repos/nus-cs2103/cs2103-website-base/book/uml/notes/notes/index.md
2026-05-19T19:06:32.895Z - [36mverbose[39m: Rendering page: /Users/damithch/Repos/nus-cs2103/cs2103-website-base/book/uml/notes/index.md
2026-05-19T19:06:32.902Z - [36mverbose[39m: Rendering page: /Users/damithch/Repos/nus-cs2103/cs2103-website-base/book/uml/notes/constraints/index.md
2026-05-19T19:06:34.522Z - [34mdebug[39m: 
2026-05-19T19:06:34.541Z - [34mdebug[39m: 
2026-05-19T19:06:34.541Z - [34mdebug[39m: 
2026-05-19T19:06:34.554Z - [34mdebug[39m: 
2026-05-19T19:06:34.567Z - [34mdebug[39m: 
2026-05-19T19:06:34.594Z - [34mdebug[39m: 
2026-05-19T19:06:34.648Z - [36mverbose[39m: Rendering page: /Users/damithch/Repos/nus-cs2103/cs2103-website-base/book/uml/miscellaneous/objectVsClassDiagrams/index.md
2026-05-19T19:06:34.655Z - [36mverbose[39m: Rendering page: /Users/damithch/Repos/nus-cs2103/cs2103-website-base/book/uml/miscellaneous/index.md
2026-05-19T19:06:34.661Z - [36mverbose[39m: Rendering page: /Users/damithch/Repos/nus-cs2103/cs2103-website-base/book/uml/classDiagrams/introduction/what/index.md
2026-05-19T19:06:34.669Z - [36mverbose[39m: Rendering page: /Users/damithch/Repos/nus-cs2103/cs2103-website-base/book/uml/index.md
2026-05-19T19:06:34.880Z - [36mverbose[39m: Rendering page: /Users/damithch/Repos/nus-cs2103/cs2103-website-base/book/uml/classDiagrams/introduction/index.md
2026-05-19T19:06:34.886Z - [36mverbose[39m: Rendering page: /Users/damithch/Repos/nus-cs2103/cs2103-website-base/book/uml/classDiagrams/interfaces/index.md
2026-05-19T19:06:34.891Z - [36mverbose[39m: Rendering page: /Users/damithch/Repos/nus-cs2103/cs2103-website-base/book/uml/classDiagrams/interfaces/what/index.md
2026-05-19T19:06:34.896Z - [36mverbose[39m: Rendering page: /Users/damithch/Repos/nus-cs2103/cs2103-website-base/book/uml/classDiagrams/index.md
2026-05-19T19:06:34.967Z - [36mverbose[39m: Rendering page: /Users/damithch/Repos/nus-cs2103/cs2103-website-base/book/uml/classDiagrams/dependencies/what/index.md
2026-05-19T19:06:34.972Z - [36mverbose[39m: Rendering page: /Users/damithch/Repos/nus-cs2103/cs2103-website-base/book/uml/classDiagrams/enumerations/what/index.md
2026-05-19T19:06:34.978Z - [36mverbose[39m: Rendering page: /Users/damithch/Repos/nus-cs2103/cs2103-website-base/book/uml/classDiagrams/enumerations/index.md
2026-05-19T19:06:34.984Z - [36mverbose[39m: Rendering page: /Users/damithch/Repos/nus-cs2103/cs2103-website-base/book/uml/classDiagrams/dependencies/index.md
2026-05-19T19:06:35.057Z - [36mverbose[39m: Rendering page: /Users/damithch/Repos/nus-cs2103/cs2103-website-base/book/uml/classDiagrams/composition/what/index.md
2026-05-19T19:06:35.064Z - [36mverbose[39m: Rendering page: /Users/damithch/Repos/nus-cs2103/cs2103-website-base/book/uml/classDiagrams/composition/index.md
2026-05-19T19:06:35.077Z - [36mverbose[39m: Rendering page: /Users/damithch/Repos/nus-cs2103/cs2103-website-base/book/uml/classDiagrams/combine/index.md
2026-05-19T19:06:35.153Z - [36mverbose[39m: Rendering page: /Users/damithch/Repos/nus-cs2103/cs2103-website-base/book/uml/classDiagrams/combine/basic/index.md
2026-05-19T19:06:35.181Z - [36mverbose[39m: Rendering page: /Users/damithch/Repos/nus-cs2103/cs2103-website-base/book/uml/classDiagrams/classes/what/index.md
2026-05-19T19:06:35.188Z - [36mverbose[39m: Rendering page: /Users/damithch/Repos/nus-cs2103/cs2103-website-base/book/uml/classDiagrams/classes/index.md
2026-05-19T19:06:35.197Z - [36mverbose[39m: Rendering page: /Users/damithch/Repos/nus-cs2103/cs2103-website-base/book/uml/classDiagrams/classLevelMembers/what/index.md
2026-05-19T19:06:35.214Z - [36mverbose[39m: Rendering page: /Users/damithch/Repos/nus-cs2103/cs2103-website-base/book/uml/classDiagrams/classLevelMembers/index.md
2026-05-19T19:06:35.247Z - [36mverbose[39m: Rendering page: /Users/damithch/Repos/nus-cs2103/cs2103-website-base/book/uml/classDiagrams/classInheritance/what/index.md
2026-05-19T19:06:35.267Z - [36mverbose[39m: Rendering page: /Users/damithch/Repos/nus-cs2103/cs2103-website-base/book/uml/classDiagrams/classInheritance/index.md
2026-05-19T19:06:35.273Z - [36mverbose[39m: Rendering page: /Users/damithch/Repos/nus-cs2103/cs2103-website-base/book/uml/classDiagrams/associationsAsAttributes/what/index.md
2026-05-19T19:06:35.289Z - [36mverbose[39m: Rendering page: /Users/damithch/Repos/nus-cs2103/cs2103-website-base/book/uml/classDiagrams/associationsAsAttributes/index.md
2026-05-19T19:06:35.352Z - [36mverbose[39m: Rendering page: /Users/damithch/Repos/nus-cs2103/cs2103-website-base/book/uml/classDiagrams/associations/what/index.md
2026-05-19T19:06:35.359Z - [36mverbose[39m: Rendering page: /Users/damithch/Repos/nus-cs2103/cs2103-website-base/book/uml/classDiagrams/associations/roles/index.md
2026-05-19T19:06:35.365Z - [36mverbose[39m: Rendering page: /Users/damithch/Repos/nus-cs2103/cs2103-website-base/book/uml/classDiagrams/associations/navigability/index.md
2026-05-19T19:06:35.371Z - [36mverbose[39m: Rendering page: /Users/damithch/Repos/nus-cs2103/cs2103-website-base/book/uml/classDiagrams/associations/multiplicity/index.md
2026-05-19T19:06:35.448Z - [36mverbose[39m: Rendering page: /Users/damithch/Repos/nus-cs2103/cs2103-website-base/book/uml/classDiagrams/associations/labels/index.md
2026-05-19T19:06:35.454Z - [36mverbose[39m: Rendering page: /Users/damithch/Repos/nus-cs2103/cs2103-website-base/book/uml/classDiagrams/associations/index.md
2026-05-19T19:06:35.463Z - [36mverbose[39m: Rendering page: /Users/damithch/Repos/nus-cs2103/cs2103-website-base/book/uml/classDiagrams/associationClasses/what/index.md
2026-05-19T19:06:35.470Z - [36mverbose[39m: Rendering page: /Users/damithch/Repos/nus-cs2103/cs2103-website-base/book/uml/classDiagrams/associationClasses/index.md
2026-05-19T19:06:35.522Z - [36mverbose[39m: Rendering page: /Users/damithch/Repos/nus-cs2103/cs2103-website-base/book/uml/classDiagrams/aggregation/what/index.md
2026-05-19T19:06:35.527Z - [36mverbose[39m: Rendering page: /Users/damithch/Repos/nus-cs2103/cs2103-website-base/book/uml/classDiagrams/abstractClasses/what/index.md
2026-05-19T19:06:35.531Z - [36mverbose[39m: Rendering page: /Users/damithch/Repos/nus-cs2103/cs2103-website-base/book/uml/classDiagrams/aggregation/index.md
2026-05-19T19:06:35.538Z - [36mverbose[39m: Rendering page: /Users/damithch/Repos/nus-cs2103/cs2103-website-base/book/uml/classDiagrams/abstractClasses/index.md
2026-05-19T19:06:35.620Z - [36mverbose[39m: Rendering page: /Users/damithch/Repos/nus-cs2103/cs2103-website-base/book/uml/activityDiagrams/introduction/what/index.md
2026-05-19T19:06:35.626Z - [36mverbose[39m: Rendering page: /Users/damithch/Repos/nus-cs2103/cs2103-website-base/book/uml/activityDiagrams/introduction/index.md
2026-05-19T19:06:35.630Z - [36mverbose[39m: Rendering page: /Users/damithch/Repos/nus-cs2103/cs2103-website-base/book/uml/activityDiagrams/index.md
2026-05-19T19:06:35.650Z - [36mverbose[39m: Rendering page: /Users/damithch/Repos/nus-cs2103/cs2103-website-base/book/uml/activityDiagrams/basicNotations/swimlanes/index.md
2026-05-19T19:06:35.715Z - [36mverbose[39m: Rendering page: /Users/damithch/Repos/nus-cs2103/cs2103-website-base/book/uml/activityDiagrams/basicNotations/rakes/index.md
2026-05-19T19:06:35.721Z - [36mverbose[39m: Rendering page: /Users/damithch/Repos/nus-cs2103/cs2103-website-base/book/uml/activityDiagrams/basicNotations/parallelPaths/index.md
2026-05-19T19:06:35.727Z - [36mverbose[39m: Rendering page: /Users/damithch/Repos/nus-cs2103/cs2103-website-base/book/uml/activityDiagrams/basicNotations/linearPaths/index.md
2026-05-19T19:06:35.747Z - [36mverbose[39m: Rendering page: /Users/damithch/Repos/nus-cs2103/cs2103-website-base/book/uml/activityDiagrams/basicNotations/index.md
2026-05-19T19:06:35.843Z - [36mverbose[39m: Rendering page: /Users/damithch/Repos/nus-cs2103/cs2103-website-base/book/uml/activityDiagrams/basicNotations/alternatePaths/index.md
2026-05-19T19:06:35.863Z - [36mverbose[39m: Rendering page: /Users/damithch/Repos/nus-cs2103/cs2103-website-base/book/testing/testingTypes/unitTesting/what/index.md
2026-05-19T19:06:35.869Z - [36mverbose[39m: Rendering page: /Users/damithch/Repos/nus-cs2103/cs2103-website-base/book/testing/testingTypes/unitTesting/stubs/index.md
2026-05-19T19:06:35.877Z - [36mverbose[39m: Rendering page: /Users/damithch/Repos/nus-cs2103/cs2103-website-base/book/testing/testingTypes/unitTesting/index.md
2026-05-19T19:06:35.930Z - [36mverbose[39m: Rendering page: /Users/damithch/Repos/nus-cs2103/cs2103-website-base/book/testing/testingTypes/systemTesting/what/index.md
2026-05-19T19:06:35.935Z - [36mverbose[39m: Rendering page: /Users/damithch/Repos/nus-cs2103/cs2103-website-base/book/testing/testingTypes/systemTesting/index.md
2026-05-19T19:06:35.940Z - [36mverbose[39m: Rendering page: /Users/damithch/Repos/nus-cs2103/cs2103-website-base/book/testing/testingTypes/regressionTesting/index.md
2026-05-19T19:06:35.945Z - [36mverbose[39m: Rendering page: /Users/damithch/Repos/nus-cs2103/cs2103-website-base/book/testing/testingTypes/regressionTesting/what/index.md
2026-05-19T19:06:36.102Z - [36mverbose[39m: Rendering page: /Users/damithch/Repos/nus-cs2103/cs2103-website-base/book/testing/testingTypes/integrationTesting/index.md
2026-05-19T19:06:36.109Z - [36mverbose[39m: Rendering page: /Users/damithch/Repos/nus-cs2103/cs2103-website-base/book/testing/testingTypes/integrationTesting/what/index.md
2026-05-19T19:06:36.113Z - [36mverbose[39m: Rendering page: /Users/damithch/Repos/nus-cs2103/cs2103-website-base/book/testing/testingTypes/integrationTesting/how/index.md
2026-05-19T19:06:36.118Z - [36mverbose[39m: Rendering page: /Users/damithch/Repos/nus-cs2103/cs2103-website-base/book/testing/testingTypes/index.md
2026-05-19T19:06:36.204Z - [36mverbose[39m: Rendering page: /Users/damithch/Repos/nus-cs2103/cs2103-website-base/book/testing/testingTypes/exploratoryVsScriptedTesting/index.md
2026-05-19T19:06:36.212Z - [36mverbose[39m: Rendering page: /Users/damithch/Repos/nus-cs2103/cs2103-website-base/book/testing/testingTypes/exploratoryVsScriptedTesting/what/index.md
2026-05-19T19:06:36.218Z - [36mverbose[39m: Rendering page: /Users/damithch/Repos/nus-cs2103/cs2103-website-base/book/testing/testingTypes/exploratoryVsScriptedTesting/when/index.md
2026-05-19T19:06:36.238Z - [36mverbose[39m: Rendering page: /Users/damithch/Repos/nus-cs2103/cs2103-website-base/book/testing/testingTypes/dogfooding/what/index.md
2026-05-19T19:06:36.299Z - [36mverbose[39m: Rendering page: /Users/damithch/Repos/nus-cs2103/cs2103-website-base/book/testing/testingTypes/dogfooding/index.md
2026-05-19T19:06:36.312Z - [36mverbose[39m: Rendering page: /Users/damithch/Repos/nus-cs2103/cs2103-website-base/book/testing/testingTypes/developerTesting/why/index.md
2026-05-19T19:06:36.328Z - [36mverbose[39m: Rendering page: /Users/damithch/Repos/nus-cs2103/cs2103-website-base/book/testing/testingTypes/developerTesting/what/index.md
2026-05-19T19:06:36.334Z - [36mverbose[39m: Rendering page: /Users/damithch/Repos/nus-cs2103/cs2103-website-base/book/testing/testingTypes/developerTesting/index.md
2026-05-19T19:06:36.385Z - [36mverbose[39m: Rendering page: /Users/damithch/Repos/nus-cs2103/cs2103-website-base/book/testing/testingTypes/alphaBetaTesting/index.md
2026-05-19T19:06:36.391Z - [36mverbose[39m: Rendering page: /Users/damithch/Repos/nus-cs2103/cs2103-website-base/book/testing/testingTypes/alphaBetaTesting/what/index.md
2026-05-19T19:06:36.412Z - [36mverbose[39m: Rendering page: /Users/damithch/Repos/nus-cs2103/cs2103-website-base/book/testing/testingTypes/acceptanceTesting/index.md
2026-05-19T19:06:36.439Z - [36mverbose[39m: Rendering page: /Users/damithch/Repos/nus-cs2103/cs2103-website-base/book/testing/testingTypes/acceptanceTesting/what/index.md
2026-05-19T19:06:36.470Z - [36mverbose[39m: Rendering page: /Users/damithch/Repos/nus-cs2103/cs2103-website-base/book/testing/testingTypes/acceptanceTesting/acceptanceVsSystemTesting/index.md
2026-05-19T19:06:36.486Z - [36mverbose[39m: Rendering page: /Users/damithch/Repos/nus-cs2103/cs2103-website-base/book/testing/testCoverage/what/index.md
2026-05-19T19:06:36.504Z - [36mverbose[39m: Rendering page: /Users/damithch/Repos/nus-cs2103/cs2103-website-base/book/testing/testCoverage/index.md
2026-05-19T19:06:36.526Z - [36mverbose[39m: Rendering page: /Users/damithch/Repos/nus-cs2103/cs2103-website-base/book/testing/testCoverage/how/index.md
2026-05-19T19:06:36.544Z - [36mverbose[39m: Rendering page: /Users/damithch/Repos/nus-cs2103/cs2103-website-base/book/testing/testAutomation/what/index.md
2026-05-19T19:06:36.572Z - [36mverbose[39m: Rendering page: /Users/damithch/Repos/nus-cs2103/cs2103-website-base/book/testing/testAutomation/tools/index.md
2026-05-19T19:06:36.578Z - [36mverbose[39m: Rendering page: /Users/damithch/Repos/nus-cs2103/cs2103-website-base/book/testing/testAutomation/usingTestDrivers/index.md
2026-05-19T19:06:36.653Z - [36mverbose[39m: Rendering page: /Users/damithch/Repos/nus-cs2103/cs2103-website-base/book/testing/testAutomation/testingTextUis/index.md
2026-05-19T19:06:36.660Z - [36mverbose[39m: Rendering page: /Users/damithch/Repos/nus-cs2103/cs2103-website-base/book/testing/testAutomation/testingGuis/index.md
2026-05-19T19:06:36.666Z - [36mverbose[39m: Rendering page: /Users/damithch/Repos/nus-cs2103/cs2103-website-base/book/testing/testAutomation/index.md
2026-05-19T19:06:36.676Z - [36mverbose[39m: Rendering page: /Users/damithch/Repos/nus-cs2103/cs2103-website-base/book/testing/tdd/what/index.md
2026-05-19T19:06:36.737Z - [36mverbose[39m: Rendering page: /Users/damithch/Repos/nus-cs2103/cs2103-website-base/book/testing/tdd/index.md
2026-05-19T19:06:36.743Z - [36mverbose[39m: Rendering page: /Users/damithch/Repos/nus-cs2103/cs2103-website-base/book/testing/tdd/how/index.md
2026-05-19T19:06:36.769Z - [36mverbose[39m: Rendering page: /Users/damithch/Repos/nus-cs2103/cs2103-website-base/book/testing/introduction/what/index.md
2026-05-19T19:06:36.775Z - [36mverbose[39m: Rendering page: /Users/damithch/Repos/nus-cs2103/cs2103-website-base/book/testing/introduction/testability/index.md
2026-05-19T19:06:37.046Z - [36mverbose[39m: Rendering page: /Users/damithch/Repos/nus-cs2103/cs2103-website-base/book/testing/introduction/index.md
2026-05-19T19:06:37.139Z - [36mverbose[39m: Rendering page: /Users/damithch/Repos/nus-cs2103/cs2103-website-base/book/testing/index.md
2026-05-19T19:06:37.211Z - [36mverbose[39m: Rendering page: /Users/damithch/Repos/nus-cs2103/cs2103-website-base/book/testing/dependencyInjection/what/index.md
2026-05-19T19:06:37.217Z - [36mverbose[39m: Rendering page: /Users/damithch/Repos/nus-cs2103/cs2103-website-base/book/testing/dependencyInjection/index.md
2026-05-19T19:06:37.313Z - [36mverbose[39m: Rendering page: /Users/damithch/Repos/nus-cs2103/cs2103-website-base/book/testing/dependencyInjection/how/index.md
2026-05-19T19:06:37.322Z - [36mverbose[39m: Rendering page: /Users/damithch/Repos/nus-cs2103/cs2103-website-base/book/testCaseDesign/summary/recap/index.md
2026-05-19T19:06:37.326Z - [36mverbose[39m: Rendering page: /Users/damithch/Repos/nus-cs2103/cs2103-website-base/book/testCaseDesign/summary/exercises/index.md
2026-05-19T19:06:37.332Z - [36mverbose[39m: Rendering page: /Users/damithch/Repos/nus-cs2103/cs2103-website-base/book/testCaseDesign/summary/index.md
2026-05-19T19:06:37.410Z - [36mverbose[39m: Rendering page: /Users/damithch/Repos/nus-cs2103/cs2103-website-base/book/testCaseDesign/introduction/what/index.md
2026-05-19T19:06:37.416Z - [36mverbose[39m: Rendering page: /Users/damithch/Repos/nus-cs2103/cs2103-website-base/book/testCaseDesign/more/index.md
2026-05-19T19:06:37.422Z - [36mverbose[39m: Rendering page: /Users/damithch/Repos/nus-cs2103/cs2103-website-base/book/testCaseDesign/more/testingUseCases/index.md
2026-05-19T19:06:37.427Z - [36mverbose[39m: Rendering page: /Users/damithch/Repos/nus-cs2103/cs2103-website-base/book/testCaseDesign/introduction/positiveVsNegative/index.md
2026-05-19T19:06:37.654Z - [36mverbose[39m: Rendering page: /Users/damithch/Repos/nus-cs2103/cs2103-website-base/book/testCaseDesign/index.md
2026-05-19T19:06:37.678Z - [36mverbose[39m: Rendering page: /Users/damithch/Repos/nus-cs2103/cs2103-website-base/book/testCaseDesign/introduction/index.md
2026-05-19T19:06:37.685Z - [36mverbose[39m: Rendering page: /Users/damithch/Repos/nus-cs2103/cs2103-website-base/book/testCaseDesign/introduction/blackVsGlass/index.md
2026-05-19T19:06:37.706Z - [36mverbose[39m: Rendering page: /Users/damithch/Repos/nus-cs2103/cs2103-website-base/book/testCaseDesign/equivalencePartitions/what/index.md
2026-05-19T19:06:37.775Z - [36mverbose[39m: Rendering page: /Users/damithch/Repos/nus-cs2103/cs2103-website-base/book/testCaseDesign/equivalencePartitions/index.md
2026-05-19T19:06:37.784Z - [36mverbose[39m: Rendering page: /Users/damithch/Repos/nus-cs2103/cs2103-website-base/book/testCaseDesign/equivalencePartitions/intermediate/index.md
2026-05-19T19:06:37.791Z - [36mverbose[39m: Rendering page: /Users/damithch/Repos/nus-cs2103/cs2103-website-base/book/testCaseDesign/equivalencePartitions/basic/index.md
2026-05-19T19:06:37.899Z - [36mverbose[39m: Rendering page: /Users/damithch/Repos/nus-cs2103/cs2103-website-base/book/testCaseDesign/combiningTestInputs/why/index.md
2026-05-19T19:06:37.922Z - [36mverbose[39m: Rendering page: /Users/damithch/Repos/nus-cs2103/cs2103-website-base/book/testCaseDesign/combiningTestInputs/index.md
2026-05-19T19:06:37.978Z - [36mverbose[39m: Rendering page: /Users/damithch/Repos/nus-cs2103/cs2103-website-base/book/testCaseDesign/combiningTestInputs/mix/index.md
2026-05-19T19:06:37.989Z - [36mverbose[39m: Rendering page: /Users/damithch/Repos/nus-cs2103/cs2103-website-base/book/testCaseDesign/combiningTestInputs/heuristicValid/index.md
2026-05-19T19:06:38.073Z - [36mverbose[39m: Rendering page: /Users/damithch/Repos/nus-cs2103/cs2103-website-base/book/testCaseDesign/combiningTestInputs/heuristicInvalid/index.md
2026-05-19T19:06:38.083Z - [36mverbose[39m: Rendering page: /Users/damithch/Repos/nus-cs2103/cs2103-website-base/book/testCaseDesign/boundaryValueAnalysis/what/index.md
2026-05-19T19:06:38.091Z - [36mverbose[39m: Rendering page: /Users/damithch/Repos/nus-cs2103/cs2103-website-base/book/testCaseDesign/combiningTestInputs/combinationStrategies/index.md
2026-05-19T19:06:38.122Z - [36mverbose[39m: Rendering page: /Users/damithch/Repos/nus-cs2103/cs2103-website-base/book/testCaseDesign/boundaryValueAnalysis/index.md
2026-05-19T19:06:38.186Z - [36mverbose[39m: Rendering page: /Users/damithch/Repos/nus-cs2103/cs2103-website-base/book/testCaseDesign/boundaryValueAnalysis/how/index.md
2026-05-19T19:06:38.193Z - [36mverbose[39m: Rendering page: /Users/damithch/Repos/nus-cs2103/cs2103-website-base/book/teamwork/teamStructures/index.md
2026-05-19T19:06:38.198Z - [36mverbose[39m: Rendering page: /Users/damithch/Repos/nus-cs2103/cs2103-website-base/book/teamwork/index.md
2026-05-19T19:06:38.203Z - [36mverbose[39m: Rendering page: /Users/damithch/Repos/nus-cs2103/cs2103-website-base/book/specifyingRequirements/userStories/usage/index.md
2026-05-19T19:06:38.332Z - [36mverbose[39m: Rendering page: /Users/damithch/Repos/nus-cs2103/cs2103-website-base/book/specifyingRequirements/userStories/introduction/index.md
2026-05-19T19:06:38.341Z - [36mverbose[39m: Rendering page: /Users/damithch/Repos/nus-cs2103/cs2103-website-base/book/specifyingRequirements/userStories/index.md
2026-05-19T19:06:38.351Z - [36mverbose[39m: Rendering page: /Users/damithch/Repos/nus-cs2103/cs2103-website-base/book/specifyingRequirements/userStories/details/index.md
2026-05-19T19:06:38.380Z - [36mverbose[39m: Rendering page: /Users/damithch/Repos/nus-cs2103/cs2103-website-base/book/specifyingRequirements/useCases/usage/index.md
2026-05-19T19:06:38.491Z - [36mverbose[39m: Rendering page: /Users/damithch/Repos/nus-cs2103/cs2103-website-base/book/specifyingRequirements/useCases/introduction/index.md
2026-05-19T19:06:38.528Z - [36mverbose[39m: Rendering page: /Users/damithch/Repos/nus-cs2103/cs2103-website-base/book/specifyingRequirements/useCases/index.md
2026-05-19T19:06:38.542Z - [36mverbose[39m: Rendering page: /Users/damithch/Repos/nus-cs2103/cs2103-website-base/book/specifyingRequirements/useCases/identifying/index.md
2026-05-19T19:06:38.564Z - [36mverbose[39m: Rendering page: /Users/damithch/Repos/nus-cs2103/cs2103-website-base/book/specifyingRequirements/useCases/details/index.md
2026-05-19T19:06:38.616Z - [36mverbose[39m: Rendering page: /Users/damithch/Repos/nus-cs2103/cs2103-website-base/book/specifyingRequirements/supplementaryRequirements/index.md
2026-05-19T19:06:38.621Z - [36mverbose[39m: Rendering page: /Users/damithch/Repos/nus-cs2103/cs2103-website-base/book/specifyingRequirements/supplementaryRequirements/what/index.md
2026-05-19T19:06:38.627Z - [36mverbose[39m: Rendering page: /Users/damithch/Repos/nus-cs2103/cs2103-website-base/book/specifyingRequirements/prose/index.md
2026-05-19T19:06:38.778Z - [36mverbose[39m: Rendering page: /Users/damithch/Repos/nus-cs2103/cs2103-website-base/book/specifyingRequirements/prose/what/index.md
2026-05-19T19:06:38.825Z - [36mverbose[39m: Rendering page: /Users/damithch/Repos/nus-cs2103/cs2103-website-base/book/specifyingRequirements/index.md
2026-05-19T19:06:38.846Z - [36mverbose[39m: Rendering page: /Users/damithch/Repos/nus-cs2103/cs2103-website-base/book/specifyingRequirements/glossary/index.md
2026-05-19T19:06:38.866Z - [36mverbose[39m: Rendering page: /Users/damithch/Repos/nus-cs2103/cs2103-website-base/book/specifyingRequirements/glossary/what/index.md
2026-05-19T19:06:38.872Z - [36mverbose[39m: Rendering page: /Users/damithch/Repos/nus-cs2103/cs2103-website-base/book/specifyingRequirements/featureList/what/index.md
2026-05-19T19:06:38.926Z - [36mverbose[39m: Rendering page: /Users/damithch/Repos/nus-cs2103/cs2103-website-base/book/specifyingRequirements/featureList/index.md
2026-05-19T19:06:38.975Z - [36mverbose[39m: Rendering page: /Users/damithch/Repos/nus-cs2103/cs2103-website-base/book/softwareEngineering/index.md
2026-05-19T19:06:38.982Z - [36mverbose[39m: Rendering page: /Users/damithch/Repos/nus-cs2103/cs2103-website-base/book/softwareEngineering/introduction/index.md
2026-05-19T19:06:38.988Z - [36mverbose[39m: Rendering page: /Users/damithch/Repos/nus-cs2103/cs2103-website-base/book/softwareEngineering/introduction/prosAndCons/index.md
2026-05-19T19:06:39.021Z - [36mverbose[39m: Rendering page: /Users/damithch/Repos/nus-cs2103/cs2103-website-base/book/reuse/platforms/what/index.md
2026-05-19T19:06:39.050Z - [36mverbose[39m: Rendering page: /Users/damithch/Repos/nus-cs2103/cs2103-website-base/book/reuse/platforms/index.md
2026-05-19T19:06:39.056Z - [36mverbose[39m: Rendering page: /Users/damithch/Repos/nus-cs2103/cs2103-website-base/book/reuse/libraries/what/index.md
2026-05-19T19:06:39.062Z - [36mverbose[39m: Rendering page: /Users/damithch/Repos/nus-cs2103/cs2103-website-base/book/reuse/libraries/index.md
2026-05-19T19:06:39.090Z - [36mverbose[39m: Rendering page: /Users/damithch/Repos/nus-cs2103/cs2103-website-base/book/reuse/libraries/how/index.md
2026-05-19T19:06:39.111Z - [36mverbose[39m: Rendering page: /Users/damithch/Repos/nus-cs2103/cs2103-website-base/book/reuse/introduction/when/index.md
2026-05-19T19:06:39.180Z - [36mverbose[39m: Rendering page: /Users/damithch/Repos/nus-cs2103/cs2103-website-base/book/reuse/introduction/what/index.md
2026-05-19T19:06:39.186Z - [36mverbose[39m: Rendering page: /Users/damithch/Repos/nus-cs2103/cs2103-website-base/book/reuse/introduction/index.md
2026-05-19T19:06:39.222Z - [36mverbose[39m: Rendering page: /Users/damithch/Repos/nus-cs2103/cs2103-website-base/book/reuse/index.md
2026-05-19T19:06:39.251Z - [36mverbose[39m: Rendering page: /Users/damithch/Repos/nus-cs2103/cs2103-website-base/book/reuse/frameworks/index.md
2026-05-19T19:06:39.267Z - [36mverbose[39m: Rendering page: /Users/damithch/Repos/nus-cs2103/cs2103-website-base/book/reuse/frameworks/what/index.md
2026-05-19T19:06:39.289Z - [36mverbose[39m: Rendering page: /Users/damithch/Repos/nus-cs2103/cs2103-website-base/book/reuse/frameworks/frameworksVsLibraries/index.md
2026-05-19T19:06:39.295Z - [36mverbose[39m: Rendering page: /Users/damithch/Repos/nus-cs2103/cs2103-website-base/book/reuse/cloudComputing/what/index.md
2026-05-19T19:06:39.331Z - [36mverbose[39m: Rendering page: /Users/damithch/Repos/nus-cs2103/cs2103-website-base/book/reuse/cloudComputing/services/index.md
2026-05-19T19:06:39.360Z - [36mverbose[39m: Rendering page: /Users/damithch/Repos/nus-cs2103/cs2103-website-base/book/reuse/cloudComputing/index.md
2026-05-19T19:06:39.378Z - [36mverbose[39m: Rendering page: /Users/damithch/Repos/nus-cs2103/cs2103-website-base/book/reuse/apis/what/index.md
2026-05-19T19:06:39.384Z - [36mverbose[39m: Rendering page: /Users/damithch/Repos/nus-cs2103/cs2103-website-base/book/reuse/apis/index.md
2026-05-19T19:06:39.405Z - [36mverbose[39m: Rendering page: /Users/damithch/Repos/nus-cs2103/cs2103-website-base/book/reuse/apis/designingAPIs/index.md
2026-05-19T19:06:39.455Z - [36mverbose[39m: Rendering page: /Users/damithch/Repos/nus-cs2103/cs2103-website-base/book/requirements/quality/index.md
2026-05-19T19:06:39.463Z - [36mverbose[39m: Rendering page: /Users/damithch/Repos/nus-cs2103/cs2103-website-base/book/requirements/prioritizing/index.md
2026-05-19T19:06:39.469Z - [36mverbose[39m: Rendering page: /Users/damithch/Repos/nus-cs2103/cs2103-website-base/book/requirements/nonFunctionalRequirements/index.md
2026-05-19T19:06:39.517Z - [36mverbose[39m: Rendering page: /Users/damithch/Repos/nus-cs2103/cs2103-website-base/book/requirements/introduction/index.md
2026-05-19T19:06:39.612Z - [36mverbose[39m: Rendering page: /Users/damithch/Repos/nus-cs2103/cs2103-website-base/book/requirements/index.md
2026-05-19T19:06:39.620Z - [36mverbose[39m: Rendering page: /Users/damithch/Repos/nus-cs2103/cs2103-website-base/book/refactoring/when/index.md
2026-05-19T19:06:39.627Z - [36mverbose[39m: Rendering page: /Users/damithch/Repos/nus-cs2103/cs2103-website-base/book/refactoring/what/index.md
2026-05-19T19:06:39.635Z - [36mverbose[39m: Rendering page: /Users/damithch/Repos/nus-cs2103/cs2103-website-base/book/refactoring/index.md
2026-05-19T19:06:39.697Z - [36mverbose[39m: Rendering page: /Users/damithch/Repos/nus-cs2103/cs2103-website-base/book/refactoring/how/index.md
2026-05-19T19:06:39.702Z - [36mverbose[39m: Rendering page: /Users/damithch/Repos/nus-cs2103/cs2103-website-base/book/qualityAssurance/staticAnalysis/index.md
2026-05-19T19:06:39.707Z - [36mverbose[39m: Rendering page: /Users/damithch/Repos/nus-cs2103/cs2103-website-base/book/qualityAssurance/introduction/what/index.md
2026-05-19T19:06:39.713Z - [36mverbose[39m: Rendering page: /Users/damithch/Repos/nus-cs2103/cs2103-website-base/book/qualityAssurance/staticAnalysis/what/index.md
2026-05-19T19:06:39.801Z - [36mverbose[39m: Rendering page: /Users/damithch/Repos/nus-cs2103/cs2103-website-base/book/qualityAssurance/introduction/index.md
2026-05-19T19:06:39.806Z - [36mverbose[39m: Rendering page: /Users/damithch/Repos/nus-cs2103/cs2103-website-base/book/qualityAssurance/introduction/validationVsVerification/index.md
2026-05-19T19:06:39.812Z - [36mverbose[39m: Rendering page: /Users/damithch/Repos/nus-cs2103/cs2103-website-base/book/qualityAssurance/index.md
2026-05-19T19:06:39.870Z - [36mverbose[39m: Rendering page: /Users/damithch/Repos/nus-cs2103/cs2103-website-base/book/qualityAssurance/formalVerification/what/index.md
2026-05-19T19:06:39.876Z - [36mverbose[39m: Rendering page: /Users/damithch/Repos/nus-cs2103/cs2103-website-base/book/qualityAssurance/formalVerification/index.md
2026-05-19T19:06:39.881Z - [36mverbose[39m: Rendering page: /Users/damithch/Repos/nus-cs2103/cs2103-website-base/book/qualityAssurance/codeReviews/index.md
2026-05-19T19:06:39.917Z - [36mverbose[39m: Rendering page: /Users/damithch/Repos/nus-cs2103/cs2103-website-base/book/qualityAssurance/codeReviews/what/index.md
2026-05-19T19:06:39.945Z - [36mverbose[39m: Rendering page: /Users/damithch/Repos/nus-cs2103/cs2103-website-base/book/projectPlanning/pertCharts/index.md
2026-05-19T19:06:39.950Z - [36mverbose[39m: Rendering page: /Users/damithch/Repos/nus-cs2103/cs2103-website-base/book/projectPlanning/workBreakdownStructure/index.md
2026-05-19T19:06:39.956Z - [36mverbose[39m: Rendering page: /Users/damithch/Repos/nus-cs2103/cs2103-website-base/book/projectPlanning/milestones/index.md
2026-05-19T19:06:40.003Z - [36mverbose[39m: Rendering page: /Users/damithch/Repos/nus-cs2103/cs2103-website-base/book/projectPlanning/issueTrackers/index.md
2026-05-19T19:06:40.020Z - [36mverbose[39m: Rendering page: /Users/damithch/Repos/nus-cs2103/cs2103-website-base/book/projectPlanning/ganttCharts/index.md
2026-05-19T19:06:40.172Z - [36mverbose[39m: Rendering page: /Users/damithch/Repos/nus-cs2103/cs2103-website-base/book/projectPlanning/index.md
2026-05-19T19:06:40.182Z - [36mverbose[39m: Rendering page: /Users/damithch/Repos/nus-cs2103/cs2103-website-base/book/projectPlanning/buffers/index.md
2026-05-19T19:06:40.232Z - [36mverbose[39m: Rendering page: /Users/damithch/Repos/nus-cs2103/cs2103-website-base/book/projectDuke/index.md
2026-05-19T19:06:40.265Z - [36mverbose[39m: Rendering page: /Users/damithch/Repos/nus-cs2103/cs2103-website-base/book/processModels/summary/index.md
2026-05-19T19:06:40.281Z - [36mverbose[39m: Rendering page: /Users/damithch/Repos/nus-cs2103/cs2103-website-base/book/processModels/more/index.md
2026-05-19T19:06:40.287Z - [36mverbose[39m: Rendering page: /Users/damithch/Repos/nus-cs2103/cs2103-website-base/book/processModels/summary/recap/index.md
2026-05-19T19:06:40.292Z - [36mverbose[39m: Rendering page: /Users/damithch/Repos/nus-cs2103/cs2103-website-base/book/processModels/more/cmmi/index.md
2026-05-19T19:06:40.354Z - [36mverbose[39m: Rendering page: /Users/damithch/Repos/nus-cs2103/cs2103-website-base/book/processModels/introduction/what/index.md
2026-05-19T19:06:40.360Z - [36mverbose[39m: Rendering page: /Users/damithch/Repos/nus-cs2103/cs2103-website-base/book/processModels/introduction/sequentialModels/index.md
2026-05-19T19:06:40.364Z - [36mverbose[39m: Rendering page: /Users/damithch/Repos/nus-cs2103/cs2103-website-base/book/processModels/introduction/iterativeModels/index.md
2026-05-19T19:06:40.369Z - [36mverbose[39m: Rendering page: /Users/damithch/Repos/nus-cs2103/cs2103-website-base/book/processModels/introduction/index.md
2026-05-19T19:06:40.473Z - [36mverbose[39m: Rendering page: /Users/damithch/Repos/nus-cs2103/cs2103-website-base/book/processModels/index.md
2026-05-19T19:06:40.485Z - [36mverbose[39m: Rendering page: /Users/damithch/Repos/nus-cs2103/cs2103-website-base/book/processModels/exampleProcessModels/xp/index.md
2026-05-19T19:06:40.490Z - [36mverbose[39m: Rendering page: /Users/damithch/Repos/nus-cs2103/cs2103-website-base/book/processModels/introduction/agileModels/index.md
2026-05-19T19:06:40.495Z - [36mverbose[39m: Rendering page: /Users/damithch/Repos/nus-cs2103/cs2103-website-base/book/processModels/exampleProcessModels/unifiedProcess/index.md
2026-05-19T19:06:40.612Z - [36mverbose[39m: Rendering page: /Users/damithch/Repos/nus-cs2103/cs2103-website-base/book/processModels/exampleProcessModels/scrum/index.md
2026-05-19T19:06:40.619Z - [36mverbose[39m: Rendering page: /Users/damithch/Repos/nus-cs2103/cs2103-website-base/book/processModels/exampleProcessModels/index.md
2026-05-19T19:06:40.626Z - [36mverbose[39m: Rendering page: /Users/damithch/Repos/nus-cs2103/cs2103-website-base/book/principles/yagniPrinciple/index.md
2026-05-19T19:06:40.630Z - [36mverbose[39m: Rendering page: /Users/damithch/Repos/nus-cs2103/cs2103-website-base/book/principles/solidPrinciples/index.md
2026-05-19T19:06:40.750Z - [36mverbose[39m: Rendering page: /Users/damithch/Repos/nus-cs2103/cs2103-website-base/book/principles/singleResponsibilityPrinciple/index.md
2026-05-19T19:06:40.755Z - [36mverbose[39m: Rendering page: /Users/damithch/Repos/nus-cs2103/cs2103-website-base/book/principles/separationOfConcernsPrinciple/index.md
2026-05-19T19:06:40.780Z - [36mverbose[39m: Rendering page: /Users/damithch/Repos/nus-cs2103/cs2103-website-base/book/principles/openClosedPrinciple/index.md
2026-05-19T19:06:40.835Z - [36mverbose[39m: Rendering page: /Users/damithch/Repos/nus-cs2103/cs2103-website-base/book/principles/review/index.md
2026-05-19T19:06:40.856Z - [36mverbose[39m: Rendering page: /Users/damithch/Repos/nus-cs2103/cs2103-website-base/book/principles/liskovSubstitutionPrinciple/index.md
2026-05-19T19:06:40.864Z - [36mverbose[39m: Rendering page: /Users/damithch/Repos/nus-cs2103/cs2103-website-base/book/principles/interfaceSegregationPrinciple/index.md
2026-05-19T19:06:41.043Z - [36mverbose[39m: Rendering page: /Users/damithch/Repos/nus-cs2103/cs2103-website-base/book/principles/lawOfDemeter/index.md
2026-05-19T19:06:41.079Z - [36mverbose[39m: Rendering page: /Users/damithch/Repos/nus-cs2103/cs2103-website-base/book/principles/index.md
2026-05-19T19:06:41.115Z - [36mverbose[39m: Rendering page: /Users/damithch/Repos/nus-cs2103/cs2103-website-base/book/principles/dryPrinciple/index.md
2026-05-19T19:06:41.120Z - [36mverbose[39m: Rendering page: /Users/damithch/Repos/nus-cs2103/cs2103-website-base/book/principles/dependencyInversionPrinciple/index.md
2026-05-19T19:06:41.142Z - [36mverbose[39m: Rendering page: /Users/damithch/Repos/nus-cs2103/cs2103-website-base/book/principles/brooksLaw/index.md
2026-05-19T19:06:41.181Z - [36mverbose[39m: Rendering page: /Users/damithch/Repos/nus-cs2103/cs2103-website-base/book/oop/polymorphism/what/index.md
2026-05-19T19:06:41.211Z - [36mverbose[39m: Rendering page: /Users/damithch/Repos/nus-cs2103/cs2103-website-base/book/oop/polymorphism/index.md
2026-05-19T19:06:41.254Z - [36mverbose[39m: Rendering page: /Users/damithch/Repos/nus-cs2103/cs2103-website-base/book/oop/polymorphism/how/index.md
2026-05-19T19:06:41.263Z - [36mverbose[39m: Rendering page: /Users/damithch/Repos/nus-cs2103/cs2103-website-base/book/oop/objects/what/index.md
2026-05-19T19:06:41.292Z - [36mverbose[39m: Rendering page: /Users/damithch/Repos/nus-cs2103/cs2103-website-base/book/oop/objects/index.md
2026-05-19T19:06:41.329Z - [36mverbose[39m: Rendering page: /Users/damithch/Repos/nus-cs2103/cs2103-website-base/book/oop/objects/encapsulation/index.md
2026-05-19T19:06:41.345Z - [36mverbose[39m: Rendering page: /Users/damithch/Repos/nus-cs2103/cs2103-website-base/book/oop/objects/abstraction/index.md
2026-05-19T19:06:41.352Z - [36mverbose[39m: Rendering page: /Users/damithch/Repos/nus-cs2103/cs2103-website-base/book/oop/more/review/index.md
2026-05-19T19:06:41.374Z - [36mverbose[39m: Rendering page: /Users/damithch/Repos/nus-cs2103/cs2103-website-base/book/oop/more/miscellaneous/index.md
2026-05-19T19:06:41.416Z - [36mverbose[39m: Rendering page: /Users/damithch/Repos/nus-cs2103/cs2103-website-base/book/oop/more/index.md
2026-05-19T19:06:41.451Z - [36mverbose[39m: Rendering page: /Users/damithch/Repos/nus-cs2103/cs2103-website-base/book/oop/introduction/index.md
2026-05-19T19:06:41.457Z - [36mverbose[39m: Rendering page: /Users/damithch/Repos/nus-cs2103/cs2103-website-base/book/oop/inheritance/what/index.md
2026-05-19T19:06:41.464Z - [36mverbose[39m: Rendering page: /Users/damithch/Repos/nus-cs2103/cs2103-website-base/book/oop/introduction/what/index.md
2026-05-19T19:06:41.489Z - [36mverbose[39m: Rendering page: /Users/damithch/Repos/nus-cs2103/cs2103-website-base/book/oop/inheritance/substitutability/index.md
2026-05-19T19:06:41.520Z - [36mverbose[39m: Rendering page: /Users/damithch/Repos/nus-cs2103/cs2103-website-base/book/oop/inheritance/overriding/index.md
2026-05-19T19:06:41.602Z - [36mverbose[39m: Rendering page: /Users/damithch/Repos/nus-cs2103/cs2103-website-base/book/oop/inheritance/overloading/index.md
2026-05-19T19:06:41.607Z - [36mverbose[39m: Rendering page: /Users/damithch/Repos/nus-cs2103/cs2103-website-base/book/oop/inheritance/interfaces/index.md
2026-05-19T19:06:41.649Z - [36mverbose[39m: Rendering page: /Users/damithch/Repos/nus-cs2103/cs2103-website-base/book/oop/inheritance/index.md
2026-05-19T19:06:41.940Z - [36mverbose[39m: Rendering page: /Users/damithch/Repos/nus-cs2103/cs2103-website-base/book/oop/inheritance/dynamicAndStaticBinding/index.md
2026-05-19T19:06:41.947Z - [36mverbose[39m: Rendering page: /Users/damithch/Repos/nus-cs2103/cs2103-website-base/book/oop/inheritance/abstractClasses/index.md
2026-05-19T19:06:41.952Z - [36mverbose[39m: Rendering page: /Users/damithch/Repos/nus-cs2103/cs2103-website-base/book/oop/index.md
2026-05-19T19:06:42.013Z - [36mverbose[39m: Rendering page: /Users/damithch/Repos/nus-cs2103/cs2103-website-base/book/oop/classes/what/index.md
2026-05-19T19:06:42.047Z - [36mverbose[39m: Rendering page: /Users/damithch/Repos/nus-cs2103/cs2103-website-base/book/oop/classes/index.md
2026-05-19T19:06:42.066Z - [36mverbose[39m: Rendering page: /Users/damithch/Repos/nus-cs2103/cs2103-website-base/book/oop/classes/enumerations/index.md
2026-05-19T19:06:42.071Z - [36mverbose[39m: Rendering page: /Users/damithch/Repos/nus-cs2103/cs2103-website-base/book/oop/classes/classLevelMembers/index.md
2026-05-19T19:06:42.095Z - [36mverbose[39m: Rendering page: /Users/damithch/Repos/nus-cs2103/cs2103-website-base/book/oop/associations/what/index.md
2026-05-19T19:06:42.201Z - [36mverbose[39m: Rendering page: /Users/damithch/Repos/nus-cs2103/cs2103-website-base/book/oop/associations/navigability/index.md
2026-05-19T19:06:42.208Z - [36mverbose[39m: Rendering page: /Users/damithch/Repos/nus-cs2103/cs2103-website-base/book/oop/associations/multiplicity/index.md
2026-05-19T19:06:42.213Z - [36mverbose[39m: Rendering page: /Users/damithch/Repos/nus-cs2103/cs2103-website-base/book/oop/associations/index.md
2026-05-19T19:06:42.228Z - [36mverbose[39m: Rendering page: /Users/damithch/Repos/nus-cs2103/cs2103-website-base/book/oop/associations/dependencies/index.md
2026-05-19T19:06:42.290Z - [36mverbose[39m: Rendering page: /Users/damithch/Repos/nus-cs2103/cs2103-website-base/book/oop/associations/composition/index.md
2026-05-19T19:06:42.296Z - [36mverbose[39m: Rendering page: /Users/damithch/Repos/nus-cs2103/cs2103-website-base/book/oop/associations/aggregation/index.md
2026-05-19T19:06:42.301Z - [36mverbose[39m: Rendering page: /Users/damithch/Repos/nus-cs2103/cs2103-website-base/book/oop/associations/associationClasses/index.md
2026-05-19T19:06:42.320Z - [36mverbose[39m: Rendering page: /Users/damithch/Repos/nus-cs2103/cs2103-website-base/book/modeling/modelingStructures/packageDiagrams/index.md
2026-05-19T19:06:42.363Z - [36mverbose[39m: Rendering page: /Users/damithch/Repos/nus-cs2103/cs2103-website-base/book/modeling/modelingStructures/ooStructures/index.md
2026-05-19T19:06:43.394Z - [34mdebug[39m: 
2026-05-19T19:06:43.425Z - [36mverbose[39m: Rendering page: /Users/damithch/Repos/nus-cs2103/cs2103-website-base/book/modeling/modelingStructures/objectOrientedDomainModels/index.md
2026-05-19T19:06:43.433Z - [36mverbose[39m: Rendering page: /Users/damithch/Repos/nus-cs2103/cs2103-website-base/book/modeling/modelingStructures/objectDiagrams/index.md
2026-05-19T19:06:43.440Z - [36mverbose[39m: Rendering page: /Users/damithch/Repos/nus-cs2103/cs2103-website-base/book/modeling/modelingStructures/index.md
2026-05-19T19:06:43.462Z - [36mverbose[39m: Rendering page: /Users/damithch/Repos/nus-cs2103/cs2103-website-base/book/modeling/modelingStructures/deploymentDiagrams/index.md
2026-05-19T19:06:43.549Z - [36mverbose[39m: Rendering page: /Users/damithch/Repos/nus-cs2103/cs2103-website-base/book/modeling/modelingStructures/compositeStructureDiagrams/index.md
2026-05-19T19:06:43.554Z - [36mverbose[39m: Rendering page: /Users/damithch/Repos/nus-cs2103/cs2103-website-base/book/modeling/modelingStructures/customisingUml/index.md
2026-05-19T19:06:43.558Z - [36mverbose[39m: Rendering page: /Users/damithch/Repos/nus-cs2103/cs2103-website-base/book/modeling/modelingStructures/componentDiagrams/index.md
2026-05-19T19:06:43.564Z - [36mverbose[39m: Rendering page: /Users/damithch/Repos/nus-cs2103/cs2103-website-base/book/modeling/modelingStructures/classDiagramsIntermediate/index.md
2026-05-19T19:06:43.665Z - [36mverbose[39m: Rendering page: /Users/damithch/Repos/nus-cs2103/cs2103-website-base/book/modeling/modelingStructures/classDiagramsBasic/index.md
2026-05-19T19:06:43.675Z - [36mverbose[39m: Rendering page: /Users/damithch/Repos/nus-cs2103/cs2103-website-base/book/modeling/modelingStructures/classDiagramsAdvanced/index.md
2026-05-19T19:06:43.681Z - [36mverbose[39m: Rendering page: /Users/damithch/Repos/nus-cs2103/cs2103-website-base/book/modeling/modelingStructures/addingMoreInfo/index.md
2026-05-19T19:06:43.685Z - [36mverbose[39m: Rendering page: /Users/damithch/Repos/nus-cs2103/cs2103-website-base/book/modeling/modelingBehaviors/useCaseDiagrams/index.md
2026-05-19T19:06:43.741Z - [36mverbose[39m: Rendering page: /Users/damithch/Repos/nus-cs2103/cs2103-website-base/book/modeling/modelingBehaviors/timingDiagrams/index.md
2026-05-19T19:06:43.771Z - [36mverbose[39m: Rendering page: /Users/damithch/Repos/nus-cs2103/cs2103-website-base/book/modeling/modelingBehaviors/stateMachineDiagrams/index.md
2026-05-19T19:06:43.776Z - [36mverbose[39m: Rendering page: /Users/damithch/Repos/nus-cs2103/cs2103-website-base/book/modeling/modelingBehaviors/sequenceDiagramsIntermediate/index.md
2026-05-19T19:06:43.794Z - [36mverbose[39m: Rendering page: /Users/damithch/Repos/nus-cs2103/cs2103-website-base/book/modeling/modelingBehaviors/sequenceDiagramsBasic/index.md
2026-05-19T19:06:43.906Z - [36mverbose[39m: Rendering page: /Users/damithch/Repos/nus-cs2103/cs2103-website-base/book/modeling/modelingBehaviors/sequenceDiagramsAdvanced/index.md
2026-05-19T19:06:43.911Z - [36mverbose[39m: Rendering page: /Users/damithch/Repos/nus-cs2103/cs2103-website-base/book/modeling/modelingBehaviors/interactionOverviewDiagrams/index.md
2026-05-19T19:06:43.915Z - [36mverbose[39m: Rendering page: /Users/damithch/Repos/nus-cs2103/cs2103-website-base/book/modeling/modelingBehaviors/index.md
2026-05-19T19:06:43.930Z - [36mverbose[39m: Rendering page: /Users/damithch/Repos/nus-cs2103/cs2103-website-base/book/modeling/modelingBehaviors/communicationDiagrams/index.md
2026-05-19T19:06:44.010Z - [36mverbose[39m: Rendering page: /Users/damithch/Repos/nus-cs2103/cs2103-website-base/book/modeling/modelingBehaviors/activityDiagrams/index.md
2026-05-19T19:06:44.016Z - [36mverbose[39m: Rendering page: /Users/damithch/Repos/nus-cs2103/cs2103-website-base/book/modeling/modelingBehaviors/activityDiagramsIntermediate/index.md
2026-05-19T19:06:44.021Z - [36mverbose[39m: Rendering page: /Users/damithch/Repos/nus-cs2103/cs2103-website-base/book/modeling/modelingASolution/introduction/index.md
2026-05-19T19:06:44.025Z - [36mverbose[39m: Rendering page: /Users/damithch/Repos/nus-cs2103/cs2103-website-base/book/modeling/modelingASolution/intermediate/index.md
2026-05-19T19:06:44.116Z - [36mverbose[39m: Rendering page: /Users/damithch/Repos/nus-cs2103/cs2103-website-base/book/modeling/modelingASolution/index.md
2026-05-19T19:06:44.126Z - [36mverbose[39m: Rendering page: /Users/damithch/Repos/nus-cs2103/cs2103-website-base/book/modeling/modelingASolution/basic/index.md
2026-05-19T19:06:44.132Z - [36mverbose[39m: Rendering page: /Users/damithch/Repos/nus-cs2103/cs2103-website-base/book/modeling/introduction/umlModels/index.md
2026-05-19T19:06:44.136Z - [36mverbose[39m: Rendering page: /Users/damithch/Repos/nus-cs2103/cs2103-website-base/book/modeling/introduction/what/index.md
2026-05-19T19:06:44.518Z - [36mverbose[39m: Rendering page: /Users/damithch/Repos/nus-cs2103/cs2103-website-base/book/modeling/introduction/index.md
2026-05-19T19:06:44.528Z - [36mverbose[39m: Rendering page: /Users/damithch/Repos/nus-cs2103/cs2103-website-base/book/modeling/introduction/how/index.md
2026-05-19T19:06:44.534Z - [36mverbose[39m: Rendering page: /Users/damithch/Repos/nus-cs2103/cs2103-website-base/book/modeling/index.md
2026-05-19T19:06:44.571Z - [36mverbose[39m: Rendering page: /Users/damithch/Repos/nus-cs2103/cs2103-website-base/book/intellij/refactoring/index.md
2026-05-19T19:06:44.631Z - [36mverbose[39m: Rendering page: /Users/damithch/Repos/nus-cs2103/cs2103-website-base/book/intellij/projectSetup/index.md
2026-05-19T19:06:44.636Z - [36mverbose[39m: Rendering page: /Users/damithch/Repos/nus-cs2103/cs2103-website-base/book/intellij/index.md
2026-05-19T19:06:44.642Z - [36mverbose[39m: Rendering page: /Users/damithch/Repos/nus-cs2103/cs2103-website-base/book/intellij/productivityShortcuts/index.md
2026-05-19T19:06:44.676Z - [36mverbose[39m: Rendering page: /Users/damithch/Repos/nus-cs2103/cs2103-website-base/book/intellij/debuggingBasic/index.md
2026-05-19T19:06:44.698Z - [36mverbose[39m: Rendering page: /Users/damithch/Repos/nus-cs2103/cs2103-website-base/book/intellij/codeNavigation/index.md
2026-05-19T19:06:44.740Z - [36mverbose[39m: Rendering page: /Users/damithch/Repos/nus-cs2103/cs2103-website-base/book/integration/more/index.md
2026-05-19T19:06:44.746Z - [36mverbose[39m: Rendering page: /Users/damithch/Repos/nus-cs2103/cs2103-website-base/book/integration/introduction/what/index.md
2026-05-19T19:06:44.752Z - [36mverbose[39m: Rendering page: /Users/damithch/Repos/nus-cs2103/cs2103-website-base/book/integration/introduction/index.md
2026-05-19T19:06:44.757Z - [36mverbose[39m: Rendering page: /Users/damithch/Repos/nus-cs2103/cs2103-website-base/book/integration/more/review/index.md
2026-05-19T19:06:44.856Z - [36mverbose[39m: Rendering page: /Users/damithch/Repos/nus-cs2103/cs2103-website-base/book/integration/buildAutomation/index.md
2026-05-19T19:06:44.862Z - [36mverbose[39m: Rendering page: /Users/damithch/Repos/nus-cs2103/cs2103-website-base/book/integration/index.md
2026-05-19T19:06:44.870Z - [36mverbose[39m: Rendering page: /Users/damithch/Repos/nus-cs2103/cs2103-website-base/book/integration/buildAutomation/what/index.md
2026-05-19T19:06:44.908Z - [36mverbose[39m: Rendering page: /Users/damithch/Repos/nus-cs2103/cs2103-website-base/book/integration/buildAutomation/continuousIntegrationDeployment/index.md
2026-05-19T19:06:44.944Z - [36mverbose[39m: Rendering page: /Users/damithch/Repos/nus-cs2103/cs2103-website-base/book/integration/approaches/topDownVsBottomUp/index.md
2026-05-19T19:06:44.962Z - [36mverbose[39m: Rendering page: /Users/damithch/Repos/nus-cs2103/cs2103-website-base/book/integration/approaches/lateVsEarly/index.md
2026-05-19T19:06:44.969Z - [36mverbose[39m: Rendering page: /Users/damithch/Repos/nus-cs2103/cs2103-website-base/book/integration/approaches/index.md
2026-05-19T19:06:44.975Z - [36mverbose[39m: Rendering page: /Users/damithch/Repos/nus-cs2103/cs2103-website-base/book/integration/approaches/bigBangVsIncremental/index.md
2026-05-19T19:06:45.051Z - [36mverbose[39m: Rendering page: /Users/damithch/Repos/nus-cs2103/cs2103-website-base/book/index.md
2026-05-19T19:06:45.057Z - [36mverbose[39m: Rendering page: /Users/damithch/Repos/nus-cs2103/cs2103-website-base/book/ides/introduction/index.md
2026-05-19T19:06:45.062Z - [36mverbose[39m: Rendering page: /Users/damithch/Repos/nus-cs2103/cs2103-website-base/book/ides/introduction/what/index.md
2026-05-19T19:06:45.066Z - [36mverbose[39m: Rendering page: /Users/damithch/Repos/nus-cs2103/cs2103-website-base/book/ides/index.md
2026-05-19T19:06:45.130Z - [36mverbose[39m: Rendering page: /Users/damithch/Repos/nus-cs2103/cs2103-website-base/book/ides/debugging/what/index.md
2026-05-19T19:06:45.135Z - [36mverbose[39m: Rendering page: /Users/damithch/Repos/nus-cs2103/cs2103-website-base/book/ides/debugging/index.md
2026-05-19T19:06:45.139Z - [36mverbose[39m: Rendering page: /Users/damithch/Repos/nus-cs2103/cs2103-website-base/book/gitAndGithub/trail/workingWithRemotes/index.md
2026-05-19T19:06:45.143Z - [36mverbose[39m: Rendering page: /Users/damithch/Repos/nus-cs2103/cs2103-website-base/book/gitAndGithub/trail/usingRevisionHistory/index.md
2026-05-19T19:06:45.342Z - [36mverbose[39m: Rendering page: /Users/damithch/Repos/nus-cs2103/cs2103-website-base/book/gitAndGithub/trail/syncingBranches/index.md
2026-05-19T19:06:45.347Z - [36mverbose[39m: Rendering page: /Users/damithch/Repos/nus-cs2103/cs2103-website-base/book/gitAndGithub/trail/remoteBranches/index.md
2026-05-19T19:06:45.352Z - [36mverbose[39m: Rendering page: /Users/damithch/Repos/nus-cs2103/cs2103-website-base/book/gitAndGithub/trail/index.md
2026-05-19T19:06:45.360Z - [36mverbose[39m: Rendering page: /Users/damithch/Repos/nus-cs2103/cs2103-website-base/book/gitAndGithub/trail/recordingFolderHistory/index.md
2026-05-19T19:06:45.410Z - [36mverbose[39m: Rendering page: /Users/damithch/Repos/nus-cs2103/cs2103-website-base/book/gitAndGithub/trail/fineTuningHistory/index.md
2026-05-19T19:06:45.415Z - [36mverbose[39m: Rendering page: /Users/damithch/Repos/nus-cs2103/cs2103-website-base/book/gitAndGithub/trail/backingUpOnCloud/index.md
2026-05-19T19:06:45.419Z - [36mverbose[39m: Rendering page: /Users/damithch/Repos/nus-cs2103/cs2103-website-base/book/gitAndGithub/trail/branchingLocally/index.md
2026-05-19T19:06:45.424Z - [36mverbose[39m: Rendering page: /Users/damithch/Repos/nus-cs2103/cs2103-website-base/book/gitAndGithub/template/index.md
2026-05-19T19:06:45.595Z - [36mverbose[39m: Rendering page: /Users/damithch/Repos/nus-cs2103/cs2103-website-base/book/gitAndGithub/tag/index.md
2026-05-19T19:06:45.606Z - [36mverbose[39m: Rendering page: /Users/damithch/Repos/nus-cs2103/cs2103-website-base/book/gitAndGithub/syncByRebase/index.md
2026-05-19T19:06:45.611Z - [36mverbose[39m: Rendering page: /Users/damithch/Repos/nus-cs2103/cs2103-website-base/book/gitAndGithub/syncByMerge/index.md
2026-05-19T19:06:45.616Z - [36mverbose[39m: Rendering page: /Users/damithch/Repos/nus-cs2103/cs2103-website-base/book/gitAndGithub/stage/index.md
2026-05-19T19:06:45.750Z - [36mverbose[39m: Rendering page: /Users/damithch/Repos/nus-cs2103/cs2103-website-base/book/gitAndGithub/show/index.md
2026-05-19T19:06:45.760Z - [36mverbose[39m: Rendering page: /Users/damithch/Repos/nus-cs2103/cs2103-website-base/book/gitAndGithub/setRemote/index.md
2026-05-19T19:06:45.768Z - [36mverbose[39m: Rendering page: /Users/damithch/Repos/nus-cs2103/cs2103-website-base/book/gitAndGithub/reviewPRs/index.md
2026-05-19T19:06:45.772Z - [36mverbose[39m: Rendering page: /Users/damithch/Repos/nus-cs2103/cs2103-website-base/book/gitAndGithub/selectiveStage/index.md
2026-05-19T19:06:45.905Z - [36mverbose[39m: Rendering page: /Users/damithch/Repos/nus-cs2103/cs2103-website-base/book/gitAndGithub/revert/index.md
2026-05-19T19:06:45.912Z - [36mverbose[39m: Rendering page: /Users/damithch/Repos/nus-cs2103/cs2103-website-base/book/gitAndGithub/reset/index.md
2026-05-19T19:06:45.924Z - [36mverbose[39m: Rendering page: /Users/damithch/Repos/nus-cs2103/cs2103-website-base/book/gitAndGithub/remoteBranches/index.md
2026-05-19T19:06:45.934Z - [36mverbose[39m: Rendering page: /Users/damithch/Repos/nus-cs2103/cs2103-website-base/book/gitAndGithub/remoteRepos/index.md
2026-05-19T19:06:46.018Z - [36mverbose[39m: Rendering page: /Users/damithch/Repos/nus-cs2103/cs2103-website-base/book/gitAndGithub/remoteBranchPush/index.md
2026-05-19T19:06:46.024Z - [36mverbose[39m: Rendering page: /Users/damithch/Repos/nus-cs2103/cs2103-website-base/book/gitAndGithub/remoteBranchRename/index.md
2026-05-19T19:06:46.030Z - [36mverbose[39m: Rendering page: /Users/damithch/Repos/nus-cs2103/cs2103-website-base/book/gitAndGithub/remoteBranchPull/index.md
2026-05-19T19:06:46.038Z - [36mverbose[39m: Rendering page: /Users/damithch/Repos/nus-cs2103/cs2103-website-base/book/gitAndGithub/remoteBranchDelete/index.md
2026-05-19T19:06:46.234Z - [36mverbose[39m: Rendering page: /Users/damithch/Repos/nus-cs2103/cs2103-website-base/book/gitAndGithub/push/index.md
2026-05-19T19:06:46.247Z - [36mverbose[39m: Rendering page: /Users/damithch/Repos/nus-cs2103/cs2103-website-base/book/gitAndGithub/pull/index.md
2026-05-19T19:06:46.259Z - [36mverbose[39m: Rendering page: /Users/damithch/Repos/nus-cs2103/cs2103-website-base/book/gitAndGithub/mergeConflicts/index.md
2026-05-19T19:06:46.265Z - [36mverbose[39m: Rendering page: /Users/damithch/Repos/nus-cs2103/cs2103-website-base/book/gitAndGithub/merge/index.md
2026-05-19T19:06:46.380Z - [36mverbose[39m: Rendering page: /Users/damithch/Repos/nus-cs2103/cs2103-website-base/book/gitAndGithub/managePRs/index.md
2026-05-19T19:06:46.388Z - [36mverbose[39m: Rendering page: /Users/damithch/Repos/nus-cs2103/cs2103-website-base/book/gitAndGithub/log/index.md
2026-05-19T19:06:46.439Z - [36mverbose[39m: Rendering page: /Users/damithch/Repos/nus-cs2103/cs2103-website-base/book/gitAndGithub/intro/index.md
2026-05-19T19:06:46.445Z - [36mverbose[39m: Rendering page: /Users/damithch/Repos/nus-cs2103/cs2103-website-base/book/gitAndGithub/interactiveRebase/index.md
2026-05-19T19:06:47.009Z - [36mverbose[39m: Rendering page: /Users/damithch/Repos/nus-cs2103/cs2103-website-base/book/gitAndGithub/init/index.md
2026-05-19T19:06:47.065Z - [36mverbose[39m: Rendering page: /Users/damithch/Repos/nus-cs2103/cs2103-website-base/book/gitAndGithub/index.md
2026-05-19T19:06:47.125Z - [36mverbose[39m: Rendering page: /Users/damithch/Repos/nus-cs2103/cs2103-website-base/book/gitAndGithub/githubPrep/index.md
2026-05-19T19:06:47.135Z - [36mverbose[39m: Rendering page: /Users/damithch/Repos/nus-cs2103/cs2103-website-base/book/gitAndGithub/ignore/index.md
2026-05-19T19:06:47.159Z - [36mverbose[39m: Rendering page: /Users/damithch/Repos/nus-cs2103/cs2103-website-base/book/gitAndGithub/gitPrep/index.md
2026-05-19T19:06:47.213Z - [36mverbose[39m: Rendering page: /Users/damithch/Repos/nus-cs2103/cs2103-website-base/book/gitAndGithub/forkingWorkflow/index.md
2026-05-19T19:06:47.218Z - [36mverbose[39m: Rendering page: /Users/damithch/Repos/nus-cs2103/cs2103-website-base/book/gitAndGithub/featureBranchFlow/index.md
2026-05-19T19:06:47.222Z - [36mverbose[39m: Rendering page: /Users/damithch/Repos/nus-cs2103/cs2103-website-base/book/gitAndGithub/fork/index.md
2026-05-19T19:06:47.258Z - [36mverbose[39m: Rendering page: /Users/damithch/Repos/nus-cs2103/cs2103-website-base/book/gitAndGithub/drcsVsCrcs/index.md
2026-05-19T19:06:47.311Z - [36mverbose[39m: Rendering page: /Users/damithch/Repos/nus-cs2103/cs2103-website-base/book/gitAndGithub/diff/index.md
2026-05-19T19:06:47.321Z - [36mverbose[39m: Rendering page: /Users/damithch/Repos/nus-cs2103/cs2103-website-base/book/gitAndGithub/createRemoteRepo/index.md
2026-05-19T19:06:47.327Z - [36mverbose[39m: Rendering page: /Users/damithch/Repos/nus-cs2103/cs2103-website-base/book/gitAndGithub/createPRs/index.md
2026-05-19T19:06:47.331Z - [36mverbose[39m: Rendering page: /Users/damithch/Repos/nus-cs2103/cs2103-website-base/book/gitAndGithub/commitMessage/index.md
2026-05-19T19:06:47.448Z - [36mverbose[39m: Rendering page: /Users/damithch/Repos/nus-cs2103/cs2103-website-base/book/gitAndGithub/commit/index.md
2026-05-19T19:06:47.457Z - [36mverbose[39m: Rendering page: /Users/damithch/Repos/nus-cs2103/cs2103-website-base/book/gitAndGithub/clone/index.md
2026-05-19T19:06:47.477Z - [36mverbose[39m: Rendering page: /Users/damithch/Repos/nus-cs2103/cs2103-website-base/book/gitAndGithub/cherryPick/index.md
2026-05-19T19:06:47.482Z - [36mverbose[39m: Rendering page: /Users/damithch/Repos/nus-cs2103/cs2103-website-base/book/gitAndGithub/checkout/index.md
2026-05-19T19:06:47.595Z - [36mverbose[39m: Rendering page: /Users/damithch/Repos/nus-cs2103/cs2103-website-base/book/gitAndGithub/centralizedFlow/index.md
2026-05-19T19:06:47.600Z - [36mverbose[39m: Rendering page: /Users/damithch/Repos/nus-cs2103/cs2103-website-base/book/gitAndGithub/branchRename/index.md
2026-05-19T19:06:47.608Z - [36mverbose[39m: Rendering page: /Users/damithch/Repos/nus-cs2103/cs2103-website-base/book/gitAndGithub/branch/index.md
2026-05-19T19:06:47.618Z - [36mverbose[39m: Rendering page: /Users/damithch/Repos/nus-cs2103/cs2103-website-base/book/gitAndGithub/branchDelete/index.md
2026-05-19T19:06:47.675Z - [36mverbose[39m: Rendering page: /Users/damithch/Repos/nus-cs2103/cs2103-website-base/book/gatheringRequirements/prototyping/index.md
2026-05-19T19:06:47.680Z - [36mverbose[39m: Rendering page: /Users/damithch/Repos/nus-cs2103/cs2103-website-base/book/gatheringRequirements/userSurveys/index.md
2026-05-19T19:06:47.684Z - [36mverbose[39m: Rendering page: /Users/damithch/Repos/nus-cs2103/cs2103-website-base/book/gatheringRequirements/observation/index.md
2026-05-19T19:06:47.688Z - [36mverbose[39m: Rendering page: /Users/damithch/Repos/nus-cs2103/cs2103-website-base/book/gatheringRequirements/productSurveys/index.md
2026-05-19T19:06:47.776Z - [36mverbose[39m: Rendering page: /Users/damithch/Repos/nus-cs2103/cs2103-website-base/book/gatheringRequirements/interviews/index.md
2026-05-19T19:06:47.782Z - [36mverbose[39m: Rendering page: /Users/damithch/Repos/nus-cs2103/cs2103-website-base/book/gatheringRequirements/index.md
2026-05-19T19:06:47.791Z - [36mverbose[39m: Rendering page: /Users/damithch/Repos/nus-cs2103/cs2103-website-base/book/gatheringRequirements/focusGroups/index.md
2026-05-19T19:06:47.796Z - [36mverbose[39m: Rendering page: /Users/damithch/Repos/nus-cs2103/cs2103-website-base/book/gatheringRequirements/brainstorming/index.md
2026-05-19T19:06:47.878Z - [36mverbose[39m: Rendering page: /Users/damithch/Repos/nus-cs2103/cs2103-website-base/book/errorHandling/logging/what/index.md
2026-05-19T19:06:47.883Z - [36mverbose[39m: Rendering page: /Users/damithch/Repos/nus-cs2103/cs2103-website-base/book/errorHandling/logging/index.md
2026-05-19T19:06:47.889Z - [36mverbose[39m: Rendering page: /Users/damithch/Repos/nus-cs2103/cs2103-website-base/book/errorHandling/logging/how/index.md
2026-05-19T19:06:48.104Z - [36mverbose[39m: Rendering page: /Users/damithch/Repos/nus-cs2103/cs2103-website-base/book/errorHandling/introduction/what/index.md
2026-05-19T19:06:48.111Z - [36mverbose[39m: Rendering page: /Users/damithch/Repos/nus-cs2103/cs2103-website-base/book/errorHandling/introduction/index.md
2026-05-19T19:06:48.116Z - [36mverbose[39m: Rendering page: /Users/damithch/Repos/nus-cs2103/cs2103-website-base/book/errorHandling/index.md
2026-05-19T19:06:48.152Z - [36mverbose[39m: Rendering page: /Users/damithch/Repos/nus-cs2103/cs2103-website-base/book/errorHandling/exceptions/when/index.md
2026-05-19T19:06:48.194Z - [36mverbose[39m: Rendering page: /Users/damithch/Repos/nus-cs2103/cs2103-website-base/book/errorHandling/exceptions/what/index.md
2026-05-19T19:06:48.214Z - [36mverbose[39m: Rendering page: /Users/damithch/Repos/nus-cs2103/cs2103-website-base/book/errorHandling/exceptions/index.md
2026-05-19T19:06:48.221Z - [36mverbose[39m: Rendering page: /Users/damithch/Repos/nus-cs2103/cs2103-website-base/book/errorHandling/exceptions/how/index.md
2026-05-19T19:06:48.271Z - [36mverbose[39m: Rendering page: /Users/damithch/Repos/nus-cs2103/cs2103-website-base/book/errorHandling/designByContract/what/index.md
2026-05-19T19:06:48.275Z - [36mverbose[39m: Rendering page: /Users/damithch/Repos/nus-cs2103/cs2103-website-base/book/errorHandling/designByContract/index.md
2026-05-19T19:06:48.281Z - [36mverbose[39m: Rendering page: /Users/damithch/Repos/nus-cs2103/cs2103-website-base/book/errorHandling/defensiveProgramming/when/index.md
2026-05-19T19:06:48.337Z - [36mverbose[39m: Rendering page: /Users/damithch/Repos/nus-cs2103/cs2103-website-base/book/errorHandling/defensiveProgramming/what/index.md
2026-05-19T19:06:48.497Z - [36mverbose[39m: Rendering page: /Users/damithch/Repos/nus-cs2103/cs2103-website-base/book/errorHandling/defensiveProgramming/referentialIntegrity/index.md
2026-05-19T19:06:48.507Z - [36mverbose[39m: Rendering page: /Users/damithch/Repos/nus-cs2103/cs2103-website-base/book/errorHandling/defensiveProgramming/index.md
2026-05-19T19:06:48.523Z - [36mverbose[39m: Rendering page: /Users/damithch/Repos/nus-cs2103/cs2103-website-base/book/errorHandling/defensiveProgramming/compulsoryAssociations/index.md
2026-05-19T19:06:48.531Z - [36mverbose[39m: Rendering page: /Users/damithch/Repos/nus-cs2103/cs2103-website-base/book/errorHandling/defensiveProgramming/1to1Associations/index.md
2026-05-19T19:06:48.612Z - [36mverbose[39m: Rendering page: /Users/damithch/Repos/nus-cs2103/cs2103-website-base/book/errorHandling/assertions/when/index.md
2026-05-19T19:06:48.618Z - [36mverbose[39m: Rendering page: /Users/damithch/Repos/nus-cs2103/cs2103-website-base/book/errorHandling/assertions/index.md
2026-05-19T19:06:48.626Z - [36mverbose[39m: Rendering page: /Users/damithch/Repos/nus-cs2103/cs2103-website-base/book/errorHandling/assertions/what/index.md
2026-05-19T19:06:48.631Z - [36mverbose[39m: Rendering page: /Users/damithch/Repos/nus-cs2103/cs2103-website-base/book/errorHandling/assertions/how/index.md
2026-05-19T19:06:48.687Z - [36mverbose[39m: Rendering page: /Users/damithch/Repos/nus-cs2103/cs2103-website-base/book/documentation/tools/markdown/index.md
2026-05-19T19:06:48.693Z - [36mverbose[39m: Rendering page: /Users/damithch/Repos/nus-cs2103/cs2103-website-base/book/documentation/tools/markdown/how/index.md
2026-05-19T19:06:48.697Z - [36mverbose[39m: Rendering page: /Users/damithch/Repos/nus-cs2103/cs2103-website-base/book/documentation/tools/markdown/what/index.md
2026-05-19T19:06:48.704Z - [36mverbose[39m: Rendering page: /Users/damithch/Repos/nus-cs2103/cs2103-website-base/book/documentation/tools/javaDoc/what/index.md
2026-05-19T19:06:48.793Z - [36mverbose[39m: Rendering page: /Users/damithch/Repos/nus-cs2103/cs2103-website-base/book/documentation/tools/javaDoc/index.md
2026-05-19T19:06:48.801Z - [36mverbose[39m: Rendering page: /Users/damithch/Repos/nus-cs2103/cs2103-website-base/book/documentation/tools/index.md
2026-05-19T19:06:48.809Z - [36mverbose[39m: Rendering page: /Users/damithch/Repos/nus-cs2103/cs2103-website-base/book/documentation/tools/javaDoc/how/index.md
2026-05-19T19:06:48.847Z - [36mverbose[39m: Rendering page: /Users/damithch/Repos/nus-cs2103/cs2103-website-base/book/documentation/tools/asciiDoc/what/index.md
2026-05-19T19:06:48.872Z - [36mverbose[39m: Rendering page: /Users/damithch/Repos/nus-cs2103/cs2103-website-base/book/documentation/tools/asciiDoc/index.md
2026-05-19T19:06:48.955Z - [36mverbose[39m: Rendering page: /Users/damithch/Repos/nus-cs2103/cs2103-website-base/book/documentation/introduction/index.md
2026-05-19T19:06:48.964Z - [36mverbose[39m: Rendering page: /Users/damithch/Repos/nus-cs2103/cs2103-website-base/book/documentation/introduction/what/index.md
2026-05-19T19:06:49.008Z - [36mverbose[39m: Rendering page: /Users/damithch/Repos/nus-cs2103/cs2103-website-base/book/documentation/index.md
2026-05-19T19:06:49.043Z - [36mverbose[39m: Rendering page: /Users/damithch/Repos/nus-cs2103/cs2103-website-base/book/documentation/guidelines/index.md
2026-05-19T19:06:49.085Z - [36mverbose[39m: Rendering page: /Users/damithch/Repos/nus-cs2103/cs2103-website-base/book/documentation/guidelines/goTopDown/what/index.md
2026-05-19T19:06:49.090Z - [36mverbose[39m: Rendering page: /Users/damithch/Repos/nus-cs2103/cs2103-website-base/book/documentation/guidelines/goTopDown/why/index.md
2026-05-19T19:06:49.095Z - [36mverbose[39m: Rendering page: /Users/damithch/Repos/nus-cs2103/cs2103-website-base/book/documentation/guidelines/goTopDown/index.md
2026-05-19T19:06:49.115Z - [36mverbose[39m: Rendering page: /Users/damithch/Repos/nus-cs2103/cs2103-website-base/book/documentation/guidelines/goTopDown/how/index.md
2026-05-19T19:06:49.172Z - [36mverbose[39m: Rendering page: /Users/damithch/Repos/nus-cs2103/cs2103-website-base/book/documentation/guidelines/documentMinimally/index.md
2026-05-19T19:06:49.177Z - [36mverbose[39m: Rendering page: /Users/damithch/Repos/nus-cs2103/cs2103-website-base/book/documentation/guidelines/documentMinimally/what/index.md
2026-05-19T19:06:49.181Z - [36mverbose[39m: Rendering page: /Users/damithch/Repos/nus-cs2103/cs2103-website-base/book/documentation/guidelines/documentMinimally/how/index.md
2026-05-19T19:06:49.234Z - [36mverbose[39m: Rendering page: /Users/damithch/Repos/nus-cs2103/cs2103-website-base/book/documentation/guidelines/aimForComprehensibility/what/index.md
2026-05-19T19:06:49.239Z - [36mverbose[39m: Rendering page: /Users/damithch/Repos/nus-cs2103/cs2103-website-base/book/documentation/guidelines/aimForComprehensibility/index.md
2026-05-19T19:06:49.246Z - [36mverbose[39m: Rendering page: /Users/damithch/Repos/nus-cs2103/cs2103-website-base/book/designPatterns/singleton/what/index.md
2026-05-19T19:06:49.251Z - [36mverbose[39m: Rendering page: /Users/damithch/Repos/nus-cs2103/cs2103-website-base/book/documentation/guidelines/aimForComprehensibility/how/index.md
2026-05-19T19:06:49.335Z - [36mverbose[39m: Rendering page: /Users/damithch/Repos/nus-cs2103/cs2103-website-base/book/designPatterns/singleton/index.md
2026-05-19T19:06:49.343Z - [36mverbose[39m: Rendering page: /Users/damithch/Repos/nus-cs2103/cs2103-website-base/book/designPatterns/singleton/implementation/index.md
2026-05-19T19:06:49.377Z - [36mverbose[39m: Rendering page: /Users/damithch/Repos/nus-cs2103/cs2103-website-base/book/designPatterns/singleton/evaluation/index.md
2026-05-19T19:06:49.382Z - [36mverbose[39m: Rendering page: /Users/damithch/Repos/nus-cs2103/cs2103-website-base/book/designPatterns/observer/what/index.md
2026-05-19T19:06:49.425Z - [36mverbose[39m: Rendering page: /Users/damithch/Repos/nus-cs2103/cs2103-website-base/book/designPatterns/observer/index.md
2026-05-19T19:06:49.434Z - [36mverbose[39m: Rendering page: /Users/damithch/Repos/nus-cs2103/cs2103-website-base/book/designPatterns/more/vsPrinciples/index.md
2026-05-19T19:06:49.438Z - [36mverbose[39m: Rendering page: /Users/damithch/Repos/nus-cs2103/cs2103-website-base/book/designPatterns/more/usingDesignPatterns/index.md
2026-05-19T19:06:49.457Z - [36mverbose[39m: Rendering page: /Users/damithch/Repos/nus-cs2103/cs2103-website-base/book/designPatterns/more/otherTypesOfPatterns/index.md
2026-05-19T19:06:49.515Z - [36mverbose[39m: Rendering page: /Users/damithch/Repos/nus-cs2103/cs2103-website-base/book/designPatterns/more/otherDesignPatterns/index.md
2026-05-19T19:06:49.519Z - [36mverbose[39m: Rendering page: /Users/damithch/Repos/nus-cs2103/cs2103-website-base/book/designPatterns/more/combiningDesignPatterns/index.md
2026-05-19T19:06:49.524Z - [36mverbose[39m: Rendering page: /Users/damithch/Repos/nus-cs2103/cs2103-website-base/book/designPatterns/more/index.md
2026-05-19T19:06:49.532Z - [36mverbose[39m: Rendering page: /Users/damithch/Repos/nus-cs2103/cs2103-website-base/book/designPatterns/modelViewController/what/index.md
2026-05-19T19:06:49.606Z - [36mverbose[39m: Rendering page: /Users/damithch/Repos/nus-cs2103/cs2103-website-base/book/designPatterns/modelViewController/index.md
2026-05-19T19:06:49.612Z - [36mverbose[39m: Rendering page: /Users/damithch/Repos/nus-cs2103/cs2103-website-base/book/designPatterns/introduction/index.md
2026-05-19T19:06:49.617Z - [36mverbose[39m: Rendering page: /Users/damithch/Repos/nus-cs2103/cs2103-website-base/book/designPatterns/introduction/what/index.md
2026-05-19T19:06:49.623Z - [36mverbose[39m: Rendering page: /Users/damithch/Repos/nus-cs2103/cs2103-website-base/book/designPatterns/introduction/format/index.md
2026-05-19T19:06:49.795Z - [36mverbose[39m: Rendering page: /Users/damithch/Repos/nus-cs2103/cs2103-website-base/book/designPatterns/index.md
2026-05-19T19:06:49.813Z - [36mverbose[39m: Rendering page: /Users/damithch/Repos/nus-cs2103/cs2103-website-base/book/designPatterns/facade/what/index.md
2026-05-19T19:06:49.818Z - [36mverbose[39m: Rendering page: /Users/damithch/Repos/nus-cs2103/cs2103-website-base/book/designPatterns/facade/index.md
2026-05-19T19:06:49.824Z - [36mverbose[39m: Rendering page: /Users/damithch/Repos/nus-cs2103/cs2103-website-base/book/designPatterns/command/what/index.md
2026-05-19T19:06:49.947Z - [36mverbose[39m: Rendering page: /Users/damithch/Repos/nus-cs2103/cs2103-website-base/book/designPatterns/command/index.md
2026-05-19T19:06:49.954Z - [36mverbose[39m: Rendering page: /Users/damithch/Repos/nus-cs2103/cs2103-website-base/book/designPatterns/abstractionOccurrence/what/index.md
2026-05-19T19:06:49.960Z - [36mverbose[39m: Rendering page: /Users/damithch/Repos/nus-cs2103/cs2103-website-base/book/designPatterns/abstractionOccurrence/index.md
2026-05-19T19:06:49.986Z - [36mverbose[39m: Rendering page: /Users/damithch/Repos/nus-cs2103/cs2103-website-base/book/designFundamentals/index.md
2026-05-19T19:06:50.060Z - [36mverbose[39m: Rendering page: /Users/damithch/Repos/nus-cs2103/cs2103-website-base/book/designFundamentals/coupling/what/index.md
2026-05-19T19:06:50.068Z - [36mverbose[39m: Rendering page: /Users/damithch/Repos/nus-cs2103/cs2103-website-base/book/designFundamentals/coupling/types/index.md
2026-05-19T19:06:50.073Z - [36mverbose[39m: Rendering page: /Users/damithch/Repos/nus-cs2103/cs2103-website-base/book/designFundamentals/coupling/index.md
2026-05-19T19:06:50.092Z - [36mverbose[39m: Rendering page: /Users/damithch/Repos/nus-cs2103/cs2103-website-base/book/designFundamentals/coupling/how/index.md
2026-05-19T19:06:50.140Z - [36mverbose[39m: Rendering page: /Users/damithch/Repos/nus-cs2103/cs2103-website-base/book/designFundamentals/cohesion/what/index.md
2026-05-19T19:06:50.159Z - [36mverbose[39m: Rendering page: /Users/damithch/Repos/nus-cs2103/cs2103-website-base/book/designFundamentals/cohesion/index.md
2026-05-19T19:06:50.167Z - [36mverbose[39m: Rendering page: /Users/damithch/Repos/nus-cs2103/cs2103-website-base/book/designFundamentals/cohesion/how/index.md
2026-05-19T19:06:50.218Z - [36mverbose[39m: Rendering page: /Users/damithch/Repos/nus-cs2103/cs2103-website-base/book/designFundamentals/abstraction/index.md
2026-05-19T19:06:50.225Z - [36mverbose[39m: Rendering page: /Users/damithch/Repos/nus-cs2103/cs2103-website-base/book/designFundamentals/abstraction/what/index.md
2026-05-19T19:06:50.231Z - [36mverbose[39m: Rendering page: /Users/damithch/Repos/nus-cs2103/cs2103-website-base/book/designApproaches/topDownBottomUp/index.md
2026-05-19T19:06:50.235Z - [36mverbose[39m: Rendering page: /Users/damithch/Repos/nus-cs2103/cs2103-website-base/book/designApproaches/topDownBottomUp/what/index.md
2026-05-19T19:06:50.312Z - [36mverbose[39m: Rendering page: /Users/damithch/Repos/nus-cs2103/cs2103-website-base/book/designApproaches/multilevelDesign/index.md
2026-05-19T19:06:50.317Z - [36mverbose[39m: Rendering page: /Users/damithch/Repos/nus-cs2103/cs2103-website-base/book/designApproaches/index.md
2026-05-19T19:06:50.324Z - [36mverbose[39m: Rendering page: /Users/damithch/Repos/nus-cs2103/cs2103-website-base/book/designApproaches/multilevelDesign/what/index.md
2026-05-19T19:06:50.358Z - [36mverbose[39m: Rendering page: /Users/damithch/Repos/nus-cs2103/cs2103-website-base/book/designApproaches/agileDesign/what/index.md
2026-05-19T19:06:50.376Z - [36mverbose[39m: Rendering page: /Users/damithch/Repos/nus-cs2103/cs2103-website-base/book/designApproaches/agileDesign/index.md
2026-05-19T19:06:50.423Z - [36mverbose[39m: Rendering page: /Users/damithch/Repos/nus-cs2103/cs2103-website-base/book/design/introduction/index.md
2026-05-19T19:06:50.430Z - [36mverbose[39m: Rendering page: /Users/damithch/Repos/nus-cs2103/cs2103-website-base/book/design/index.md
2026-05-19T19:06:50.436Z - [36mverbose[39m: Rendering page: /Users/damithch/Repos/nus-cs2103/cs2103-website-base/book/design/introduction/what/index.md
2026-05-19T19:06:50.524Z - [36mverbose[39m: Rendering page: /Users/damithch/Repos/nus-cs2103/cs2103-website-base/book/cppToJava/usefulClasses/wrapperClasses/index.md
2026-05-19T19:06:50.655Z - [36mverbose[39m: Rendering page: /Users/damithch/Repos/nus-cs2103/cs2103-website-base/book/cppToJava/usefulClasses/stringClass/index.md
2026-05-19T19:06:50.692Z - [36mverbose[39m: Rendering page: /Users/damithch/Repos/nus-cs2103/cs2103-website-base/book/cppToJava/usefulClasses/scannerClass/index.md
2026-05-19T19:06:50.699Z - [36mverbose[39m: Rendering page: /Users/damithch/Repos/nus-cs2103/cs2103-website-base/book/cppToJava/usefulClasses/index.md
2026-05-19T19:06:50.753Z - [36mverbose[39m: Rendering page: /Users/damithch/Repos/nus-cs2103/cs2103-website-base/book/cppToJava/usefulClasses/arraysClass/index.md
2026-05-19T19:06:50.825Z - [36mverbose[39m: Rendering page: /Users/damithch/Repos/nus-cs2103/cs2103-website-base/book/cppToJava/usefulClasses/api/index.md
2026-05-19T19:06:50.830Z - [36mverbose[39m: Rendering page: /Users/damithch/Repos/nus-cs2103/cs2103-website-base/book/cppToJava/objects/usingObjects/index.md
2026-05-19T19:06:50.838Z - [36mverbose[39m: Rendering page: /Users/damithch/Repos/nus-cs2103/cs2103-website-base/book/cppToJava/objects/passingObjects/index.md
2026-05-19T19:06:50.925Z - [36mverbose[39m: Rendering page: /Users/damithch/Repos/nus-cs2103/cs2103-website-base/book/cppToJava/objects/instanceMembers/index.md
2026-05-19T19:06:50.973Z - [36mverbose[39m: Rendering page: /Users/damithch/Repos/nus-cs2103/cs2103-website-base/book/cppToJava/objects/index.md
2026-05-19T19:06:50.989Z - [36mverbose[39m: Rendering page: /Users/damithch/Repos/nus-cs2103/cs2103-website-base/book/cppToJava/objects/garbageCollection/index.md
2026-05-19T19:06:50.993Z - [36mverbose[39m: Rendering page: /Users/damithch/Repos/nus-cs2103/cs2103-website-base/book/cppToJava/misc/varargs/index.md
2026-05-19T19:06:51.025Z - [36mverbose[39m: Rendering page: /Users/damithch/Repos/nus-cs2103/cs2103-website-base/book/cppToJava/misc/streams/index.md
2026-05-19T19:06:51.111Z - [36mverbose[39m: Rendering page: /Users/damithch/Repos/nus-cs2103/cs2103-website-base/book/cppToJava/misc/packages/index.md
2026-05-19T19:06:51.118Z - [36mverbose[39m: Rendering page: /Users/damithch/Repos/nus-cs2103/cs2103-website-base/book/cppToJava/misc/javaFX/part02/index.md
2026-05-19T19:06:51.129Z - [36mverbose[39m: Rendering page: /Users/damithch/Repos/nus-cs2103/cs2103-website-base/book/cppToJava/misc/javaFX/part01/index.md
2026-05-19T19:06:51.138Z - [36mverbose[39m: Rendering page: /Users/damithch/Repos/nus-cs2103/cs2103-website-base/book/cppToJava/misc/javaFX/index.md
2026-05-19T19:06:51.332Z - [36mverbose[39m: Rendering page: /Users/damithch/Repos/nus-cs2103/cs2103-website-base/book/cppToJava/misc/jar/index.md
2026-05-19T19:06:51.337Z - [36mverbose[39m: Rendering page: /Users/damithch/Repos/nus-cs2103/cs2103-website-base/book/cppToJava/misc/index.md
2026-05-19T19:06:51.356Z - [36mverbose[39m: Rendering page: /Users/damithch/Repos/nus-cs2103/cs2103-website-base/book/cppToJava/misc/fileAccess/index.md
2026-05-19T19:06:51.376Z - [36mverbose[39m: Rendering page: /Users/damithch/Repos/nus-cs2103/cs2103-website-base/book/cppToJava/misc/enums/index.md
2026-05-19T19:06:51.441Z - [36mverbose[39m: Rendering page: /Users/damithch/Repos/nus-cs2103/cs2103-website-base/book/cppToJava/misc/constants/index.md
2026-05-19T19:06:51.446Z - [36mverbose[39m: Rendering page: /Users/damithch/Repos/nus-cs2103/cs2103-website-base/book/cppToJava/misc/casting/index.md
2026-05-19T19:06:51.483Z - [36mverbose[39m: Rendering page: /Users/damithch/Repos/nus-cs2103/cs2103-website-base/book/cppToJava/misc/accessModifiers/index.md
2026-05-19T19:06:51.489Z - [36mverbose[39m: Rendering page: /Users/damithch/Repos/nus-cs2103/cs2103-website-base/book/cppToJava/junit/intermediate/index.md
2026-05-19T19:06:51.547Z - [36mverbose[39m: Rendering page: /Users/damithch/Repos/nus-cs2103/cs2103-website-base/book/cppToJava/junit/index.md
2026-05-19T19:06:51.555Z - [36mverbose[39m: Rendering page: /Users/damithch/Repos/nus-cs2103/cs2103-website-base/book/cppToJava/javaWorld/index.md
2026-05-19T19:06:51.572Z - [36mverbose[39m: Rendering page: /Users/damithch/Repos/nus-cs2103/cs2103-website-base/book/cppToJava/junit/basic/index.md
2026-05-19T19:06:51.581Z - [36mverbose[39m: Rendering page: /Users/damithch/Repos/nus-cs2103/cs2103-website-base/book/cppToJava/javaWorld/what/index.md
2026-05-19T19:06:51.646Z - [36mverbose[39m: Rendering page: /Users/damithch/Repos/nus-cs2103/cs2103-website-base/book/cppToJava/javaWorld/how/index.md
2026-05-19T19:06:51.698Z - [36mverbose[39m: Rendering page: /Users/damithch/Repos/nus-cs2103/cs2103-website-base/book/cppToJava/javaWorld/editions/index.md
2026-05-19T19:06:51.703Z - [36mverbose[39m: Rendering page: /Users/damithch/Repos/nus-cs2103/cs2103-website-base/book/cppToJava/inheritance/polymorphism/index.md
2026-05-19T19:06:51.759Z - [36mverbose[39m: Rendering page: /Users/damithch/Repos/nus-cs2103/cs2103-website-base/book/cppToJava/inheritance/objectClass/index.md
2026-05-19T19:06:52.053Z - [36mverbose[39m: Rendering page: /Users/damithch/Repos/nus-cs2103/cs2103-website-base/book/cppToJava/inheritance/interfaces/index.md
2026-05-19T19:06:52.102Z - [36mverbose[39m: Rendering page: /Users/damithch/Repos/nus-cs2103/cs2103-website-base/book/cppToJava/inheritance/index.md
2026-05-19T19:06:52.132Z - [36mverbose[39m: Rendering page: /Users/damithch/Repos/nus-cs2103/cs2103-website-base/book/cppToJava/inheritance/basic/index.md
2026-05-19T19:06:53.618Z - [36mverbose[39m: Rendering page: /Users/damithch/Repos/nus-cs2103/cs2103-website-base/book/cppToJava/inheritance/abstractClassesAndMethods/index.md
2026-05-19T19:06:53.639Z - [36mverbose[39m: Rendering page: /Users/damithch/Repos/nus-cs2103/cs2103-website-base/book/cppToJava/index.md
2026-05-19T19:06:53.810Z - [36mverbose[39m: Rendering page: /Users/damithch/Repos/nus-cs2103/cs2103-website-base/book/cppToJava/gettingStarted/running/index.md
2026-05-19T19:06:53.818Z - [36mverbose[39m: Rendering page: /Users/damithch/Repos/nus-cs2103/cs2103-website-base/book/cppToJava/gettingStarted/installation/index.md
2026-05-19T19:06:53.824Z - [36mverbose[39m: Rendering page: /Users/damithch/Repos/nus-cs2103/cs2103-website-base/book/cppToJava/gettingStarted/index.md
2026-05-19T19:06:53.925Z - [36mverbose[39m: Rendering page: /Users/damithch/Repos/nus-cs2103/cs2103-website-base/book/cppToJava/gettingStarted/helloWorld/index.md
2026-05-19T19:06:53.931Z - [36mverbose[39m: Rendering page: /Users/damithch/Repos/nus-cs2103/cs2103-website-base/book/cppToJava/gettingStarted/compiling/index.md
2026-05-19T19:06:53.936Z - [36mverbose[39m: Rendering page: /Users/damithch/Repos/nus-cs2103/cs2103-website-base/book/cppToJava/generics/index.md
2026-05-19T19:06:53.944Z - [36mverbose[39m: Rendering page: /Users/damithch/Repos/nus-cs2103/cs2103-website-base/book/cppToJava/generics/what/index.md
2026-05-19T19:06:54.083Z - [36mverbose[39m: Rendering page: /Users/damithch/Repos/nus-cs2103/cs2103-website-base/book/cppToJava/generics/how/index.md
2026-05-19T19:06:54.092Z - [36mverbose[39m: Rendering page: /Users/damithch/Repos/nus-cs2103/cs2103-website-base/book/cppToJava/exceptions/what/index.md
2026-05-19T19:06:54.098Z - [36mverbose[39m: Rendering page: /Users/damithch/Repos/nus-cs2103/cs2103-website-base/book/cppToJava/exceptions/index.md
2026-05-19T19:06:54.128Z - [36mverbose[39m: Rendering page: /Users/damithch/Repos/nus-cs2103/cs2103-website-base/book/cppToJava/exceptions/how/index.md
2026-05-19T19:06:54.249Z - [36mverbose[39m: Rendering page: /Users/damithch/Repos/nus-cs2103/cs2103-website-base/book/cppToJava/dataTypes/variables/index.md
2026-05-19T19:06:54.255Z - [36mverbose[39m: Rendering page: /Users/damithch/Repos/nus-cs2103/cs2103-website-base/book/cppToJava/dataTypes/primitiveTypes/index.md
2026-05-19T19:06:54.262Z - [36mverbose[39m: Rendering page: /Users/damithch/Repos/nus-cs2103/cs2103-website-base/book/cppToJava/dataTypes/operators/index.md
2026-05-19T19:06:54.304Z - [36mverbose[39m: Rendering page: /Users/damithch/Repos/nus-cs2103/cs2103-website-base/book/cppToJava/dataTypes/index.md
2026-05-19T19:06:54.507Z - [36mverbose[39m: Rendering page: /Users/damithch/Repos/nus-cs2103/cs2103-website-base/book/cppToJava/dataTypes/arrays/index.md
2026-05-19T19:06:54.516Z - [36mverbose[39m: Rendering page: /Users/damithch/Repos/nus-cs2103/cs2103-website-base/book/cppToJava/controlFlow/methods/index.md
2026-05-19T19:06:54.524Z - [36mverbose[39m: Rendering page: /Users/damithch/Repos/nus-cs2103/cs2103-website-base/book/cppToJava/controlFlow/loops/index.md
2026-05-19T19:06:54.533Z - [36mverbose[39m: Rendering page: /Users/damithch/Repos/nus-cs2103/cs2103-website-base/book/cppToJava/controlFlow/index.md
2026-05-19T19:06:54.685Z - [36mverbose[39m: Rendering page: /Users/damithch/Repos/nus-cs2103/cs2103-website-base/book/cppToJava/collections/index.md
2026-05-19T19:06:54.695Z - [36mverbose[39m: Rendering page: /Users/damithch/Repos/nus-cs2103/cs2103-website-base/book/cppToJava/collections/what/index.md
2026-05-19T19:06:54.700Z - [36mverbose[39m: Rendering page: /Users/damithch/Repos/nus-cs2103/cs2103-website-base/book/cppToJava/controlFlow/branching/index.md
2026-05-19T19:06:54.711Z - [36mverbose[39m: Rendering page: /Users/damithch/Repos/nus-cs2103/cs2103-website-base/book/cppToJava/collections/hashMapClass/index.md
2026-05-19T19:06:54.897Z - [36mverbose[39m: Rendering page: /Users/damithch/Repos/nus-cs2103/cs2103-website-base/book/cppToJava/classes/index.md
2026-05-19T19:06:54.913Z - [36mverbose[39m: Rendering page: /Users/damithch/Repos/nus-cs2103/cs2103-website-base/book/cppToJava/collections/arrayListClass/index.md
2026-05-19T19:06:54.920Z - [36mverbose[39m: Rendering page: /Users/damithch/Repos/nus-cs2103/cs2103-website-base/book/cppToJava/classes/gettersAndSetters/index.md
2026-05-19T19:06:54.961Z - [36mverbose[39m: Rendering page: /Users/damithch/Repos/nus-cs2103/cs2103-website-base/book/cppToJava/classes/definingClasses/index.md
2026-05-19T19:06:55.009Z - [36mverbose[39m: Rendering page: /Users/damithch/Repos/nus-cs2103/cs2103-website-base/book/cppToJava/classes/classLevelMembers/index.md
2026-05-19T19:06:55.020Z - [36mverbose[39m: Rendering page: /Users/damithch/Repos/nus-cs2103/cs2103-website-base/book/cppToJava/about/index.md
2026-05-19T19:06:55.025Z - [36mverbose[39m: Rendering page: /Users/damithch/Repos/nus-cs2103/cs2103-website-base/book/codeQuality/nameWell/introduction/index.md
2026-05-19T19:06:55.070Z - [36mverbose[39m: Rendering page: /Users/damithch/Repos/nus-cs2103/cs2103-website-base/book/codeQuality/nameWell/intermediate/useNameExplain/index.md
2026-05-19T19:06:55.090Z - [36mverbose[39m: Rendering page: /Users/damithch/Repos/nus-cs2103/cs2103-website-base/book/codeQuality/nameWell/intermediate/index.md
2026-05-19T19:06:55.096Z - [36mverbose[39m: Rendering page: /Users/damithch/Repos/nus-cs2103/cs2103-website-base/book/codeQuality/nameWell/intermediate/notTooLongNorShort/index.md
2026-05-19T19:06:55.153Z - [36mverbose[39m: Rendering page: /Users/damithch/Repos/nus-cs2103/cs2103-website-base/book/codeQuality/nameWell/intermediate/avoidMisleadingNames/index.md
2026-05-19T19:06:55.174Z - [36mverbose[39m: Rendering page: /Users/damithch/Repos/nus-cs2103/cs2103-website-base/book/codeQuality/nameWell/index.md
2026-05-19T19:06:55.203Z - [36mverbose[39m: Rendering page: /Users/damithch/Repos/nus-cs2103/cs2103-website-base/book/codeQuality/nameWell/basic/useStandardWords/index.md
2026-05-19T19:06:55.219Z - [36mverbose[39m: Rendering page: /Users/damithch/Repos/nus-cs2103/cs2103-website-base/book/codeQuality/nameWell/basic/nounsAndVerbsAsNames/index.md
2026-05-19T19:06:55.224Z - [36mverbose[39m: Rendering page: /Users/damithch/Repos/nus-cs2103/cs2103-website-base/book/codeQuality/nameWell/basic/index.md
2026-05-19T19:06:55.271Z - [36mverbose[39m: Rendering page: /Users/damithch/Repos/nus-cs2103/cs2103-website-base/book/codeQuality/maximizeReadability/introduction/index.md
2026-05-19T19:06:55.289Z - [36mverbose[39m: Rendering page: /Users/damithch/Repos/nus-cs2103/cs2103-website-base/book/codeQuality/maximizeReadability/intermediate/slapHard/index.md
2026-05-19T19:06:55.338Z - [36mverbose[39m: Rendering page: /Users/damithch/Repos/nus-cs2103/cs2103-website-base/book/codeQuality/maximizeReadability/intermediate/structureCodeLogically/index.md
2026-05-19T19:06:55.343Z - [36mverbose[39m: Rendering page: /Users/damithch/Repos/nus-cs2103/cs2103-website-base/book/codeQuality/maximizeReadability/intermediate/practiceKISSing/index.md
2026-05-19T19:06:55.360Z - [36mverbose[39m: Rendering page: /Users/damithch/Repos/nus-cs2103/cs2103-website-base/book/codeQuality/maximizeReadability/intermediate/index.md
2026-05-19T19:06:55.501Z - [36mverbose[39m: Rendering page: /Users/damithch/Repos/nus-cs2103/cs2103-website-base/book/codeQuality/maximizeReadability/intermediate/dontTripReader/index.md
2026-05-19T19:06:55.506Z - [36mverbose[39m: Rendering page: /Users/damithch/Repos/nus-cs2103/cs2103-website-base/book/codeQuality/maximizeReadability/intermediate/avoidPrematureOptimizations/index.md
2026-05-19T19:06:55.511Z - [36mverbose[39m: Rendering page: /Users/damithch/Repos/nus-cs2103/cs2103-website-base/book/codeQuality/maximizeReadability/index.md
2026-05-19T19:06:55.528Z - [36mverbose[39m: Rendering page: /Users/damithch/Repos/nus-cs2103/cs2103-website-base/book/codeQuality/maximizeReadability/basic/makeCodeObvious/index.md
2026-05-19T19:06:55.638Z - [36mverbose[39m: Rendering page: /Users/damithch/Repos/nus-cs2103/cs2103-website-base/book/codeQuality/maximizeReadability/basic/index.md
2026-05-19T19:06:55.654Z - [36mverbose[39m: Rendering page: /Users/damithch/Repos/nus-cs2103/cs2103-website-base/book/codeQuality/maximizeReadability/basic/avoidMagicNumbers/index.md
2026-05-19T19:06:55.673Z - [36mverbose[39m: Rendering page: /Users/damithch/Repos/nus-cs2103/cs2103-website-base/book/codeQuality/maximizeReadability/basic/avoidDeepNesting/index.md
2026-05-19T19:06:55.680Z - [36mverbose[39m: Rendering page: /Users/damithch/Repos/nus-cs2103/cs2103-website-base/book/codeQuality/maximizeReadability/basic/avoidLongMethods/index.md
2026-05-19T19:06:55.762Z - [36mverbose[39m: Rendering page: /Users/damithch/Repos/nus-cs2103/cs2103-website-base/book/codeQuality/maximizeReadability/basic/avoidComplicatedExpressions/index.md
2026-05-19T19:06:55.770Z - [36mverbose[39m: Rendering page: /Users/damithch/Repos/nus-cs2103/cs2103-website-base/book/codeQuality/introduction/index.md
2026-05-19T19:06:55.775Z - [36mverbose[39m: Rendering page: /Users/damithch/Repos/nus-cs2103/cs2103-website-base/book/codeQuality/maximizeReadability/advanced/index.md
2026-05-19T19:06:55.781Z - [36mverbose[39m: Rendering page: /Users/damithch/Repos/nus-cs2103/cs2103-website-base/book/codeQuality/maximizeReadability/advanced/makeHappyPathProminent/index.md
2026-05-19T19:06:56.102Z - [36mverbose[39m: Rendering page: /Users/damithch/Repos/nus-cs2103/cs2103-website-base/book/codeQuality/introduction/basic/index.md
2026-05-19T19:06:56.106Z - [36mverbose[39m: Rendering page: /Users/damithch/Repos/nus-cs2103/cs2103-website-base/book/codeQuality/index.md
2026-05-19T19:06:56.139Z - [36mverbose[39m: Rendering page: /Users/damithch/Repos/nus-cs2103/cs2103-website-base/book/codeQuality/followStandard/introduction/index.md
2026-05-19T19:06:56.144Z - [36mverbose[39m: Rendering page: /Users/damithch/Repos/nus-cs2103/cs2103-website-base/book/codeQuality/followStandard/intermediate/index.md
2026-05-19T19:06:56.233Z - [36mverbose[39m: Rendering page: /Users/damithch/Repos/nus-cs2103/cs2103-website-base/book/codeQuality/followStandard/index.md
2026-05-19T19:06:56.242Z - [36mverbose[39m: Rendering page: /Users/damithch/Repos/nus-cs2103/cs2103-website-base/book/codeQuality/commentMinimally/introduction/index.md
2026-05-19T19:06:56.247Z - [36mverbose[39m: Rendering page: /Users/damithch/Repos/nus-cs2103/cs2103-website-base/book/codeQuality/followStandard/basic/index.md
2026-05-19T19:06:56.271Z - [36mverbose[39m: Rendering page: /Users/damithch/Repos/nus-cs2103/cs2103-website-base/book/codeQuality/commentMinimally/intermediate/index.md
2026-05-19T19:06:56.357Z - [36mverbose[39m: Rendering page: /Users/damithch/Repos/nus-cs2103/cs2103-website-base/book/codeQuality/commentMinimally/intermediate/explainWhatWhyNotHow/index.md
2026-05-19T19:06:56.363Z - [36mverbose[39m: Rendering page: /Users/damithch/Repos/nus-cs2103/cs2103-website-base/book/codeQuality/commentMinimally/index.md
2026-05-19T19:06:56.373Z - [36mverbose[39m: Rendering page: /Users/damithch/Repos/nus-cs2103/cs2103-website-base/book/codeQuality/commentMinimally/basic/index.md
2026-05-19T19:06:56.404Z - [36mverbose[39m: Rendering page: /Users/damithch/Repos/nus-cs2103/cs2103-website-base/book/codeQuality/commentMinimally/basic/writeToReader/index.md
2026-05-19T19:06:56.423Z - [36mverbose[39m: Rendering page: /Users/damithch/Repos/nus-cs2103/cs2103-website-base/book/codeQuality/avoidShortcuts/introduction/index.md
2026-05-19T19:06:56.446Z - [36mverbose[39m: Rendering page: /Users/damithch/Repos/nus-cs2103/cs2103-website-base/book/codeQuality/commentMinimally/basic/dontRepeatObvious/index.md
2026-05-19T19:06:56.520Z - [36mverbose[39m: Rendering page: /Users/damithch/Repos/nus-cs2103/cs2103-website-base/book/codeQuality/avoidShortcuts/intermediate/minimiseCodeDuplication/index.md
2026-05-19T19:06:56.527Z - [36mverbose[39m: Rendering page: /Users/damithch/Repos/nus-cs2103/cs2103-website-base/book/codeQuality/avoidShortcuts/intermediate/minimiseVariableScope/index.md
2026-05-19T19:06:56.532Z - [36mverbose[39m: Rendering page: /Users/damithch/Repos/nus-cs2103/cs2103-website-base/book/codeQuality/avoidShortcuts/intermediate/index.md
2026-05-19T19:06:56.552Z - [36mverbose[39m: Rendering page: /Users/damithch/Repos/nus-cs2103/cs2103-website-base/book/codeQuality/avoidShortcuts/index.md
2026-05-19T19:06:56.622Z - [36mverbose[39m: Rendering page: /Users/damithch/Repos/nus-cs2103/cs2103-website-base/book/codeQuality/avoidShortcuts/basic/index.md
2026-05-19T19:06:56.629Z - [36mverbose[39m: Rendering page: /Users/damithch/Repos/nus-cs2103/cs2103-website-base/book/codeQuality/avoidShortcuts/basic/useDefaultBranch/index.md
2026-05-19T19:06:56.634Z - [36mverbose[39m: Rendering page: /Users/damithch/Repos/nus-cs2103/cs2103-website-base/book/codeQuality/avoidShortcuts/basic/dontRecycleVarsOrParams/index.md
2026-05-19T19:06:56.641Z - [36mverbose[39m: Rendering page: /Users/damithch/Repos/nus-cs2103/cs2103-website-base/book/codeQuality/avoidShortcuts/basic/deleteDeadCode/index.md
2026-05-19T19:06:56.763Z - [36mverbose[39m: Rendering page: /Users/damithch/Repos/nus-cs2103/cs2103-website-base/book/architecture/introduction/what/index.md
2026-05-19T19:06:56.769Z - [36mverbose[39m: Rendering page: /Users/damithch/Repos/nus-cs2103/cs2103-website-base/book/codeQuality/avoidShortcuts/basic/avoidEmptyCatchBlocks/index.md
2026-05-19T19:06:56.773Z - [36mverbose[39m: Rendering page: /Users/damithch/Repos/nus-cs2103/cs2103-website-base/book/architecture/introduction/index.md
2026-05-19T19:06:56.793Z - [36mverbose[39m: Rendering page: /Users/damithch/Repos/nus-cs2103/cs2103-website-base/book/architecture/index.md
2026-05-19T19:06:56.835Z - [36mverbose[39m: Rendering page: /Users/damithch/Repos/nus-cs2103/cs2103-website-base/book/architecture/architectureDiagrams/reading/index.md
2026-05-19T19:06:56.853Z - [36mverbose[39m: Rendering page: /Users/damithch/Repos/nus-cs2103/cs2103-website-base/book/architecture/architectureDiagrams/drawing/index.md
2026-05-19T19:06:56.858Z - [36mverbose[39m: Rendering page: /Users/damithch/Repos/nus-cs2103/cs2103-website-base/book/architecture/architectureDiagrams/index.md
2026-05-19T19:06:56.877Z - [36mverbose[39m: Rendering page: /Users/damithch/Repos/nus-cs2103/cs2103-website-base/book/architecture/architecturalStyles/transactionProcessing/what/index.md
2026-05-19T19:06:56.913Z - [36mverbose[39m: Rendering page: /Users/damithch/Repos/nus-cs2103/cs2103-website-base/book/architecture/architecturalStyles/transactionProcessing/index.md
2026-05-19T19:06:56.931Z - [36mverbose[39m: Rendering page: /Users/damithch/Repos/nus-cs2103/cs2103-website-base/book/architecture/architecturalStyles/serviceOriented/what/index.md
2026-05-19T19:06:56.936Z - [36mverbose[39m: Rendering page: /Users/damithch/Repos/nus-cs2103/cs2103-website-base/book/architecture/architecturalStyles/serviceOriented/index.md
2026-05-19T19:06:56.957Z - [36mverbose[39m: Rendering page: /Users/damithch/Repos/nus-cs2103/cs2103-website-base/book/architecture/architecturalStyles/nTier/what/index.md
2026-05-19T19:06:57.008Z - [36mverbose[39m: Rendering page: /Users/damithch/Repos/nus-cs2103/cs2103-website-base/book/architecture/architecturalStyles/nTier/index.md
2026-05-19T19:06:57.016Z - [36mverbose[39m: Rendering page: /Users/damithch/Repos/nus-cs2103/cs2103-website-base/book/architecture/architecturalStyles/more/usingStyles/index.md
2026-05-19T19:06:57.033Z - [36mverbose[39m: Rendering page: /Users/damithch/Repos/nus-cs2103/cs2103-website-base/book/architecture/architecturalStyles/more/moreStyles/index.md
2026-05-19T19:06:57.038Z - [36mverbose[39m: Rendering page: /Users/damithch/Repos/nus-cs2103/cs2103-website-base/book/architecture/architecturalStyles/more/index.md
2026-05-19T19:06:57.119Z - [36mverbose[39m: Rendering page: /Users/damithch/Repos/nus-cs2103/cs2103-website-base/book/architecture/architecturalStyles/introduction/index.md
2026-05-19T19:06:57.124Z - [36mverbose[39m: Rendering page: /Users/damithch/Repos/nus-cs2103/cs2103-website-base/book/architecture/architecturalStyles/eventDriven/what/index.md
2026-05-19T19:06:57.129Z - [36mverbose[39m: Rendering page: /Users/damithch/Repos/nus-cs2103/cs2103-website-base/book/architecture/architecturalStyles/introduction/what/index.md
2026-05-19T19:06:57.135Z - [36mverbose[39m: Rendering page: /Users/damithch/Repos/nus-cs2103/cs2103-website-base/book/architecture/architecturalStyles/index.md
2026-05-19T19:06:57.270Z - [36mverbose[39m: Rendering page: /Users/damithch/Repos/nus-cs2103/cs2103-website-base/book/architecture/architecturalStyles/eventDriven/index.md
2026-05-19T19:06:57.276Z - [36mverbose[39m: Rendering page: /Users/damithch/Repos/nus-cs2103/cs2103-website-base/book/architecture/architecturalStyles/clientServer/index.md
2026-05-19T19:06:57.280Z - [36mverbose[39m: Rendering page: /Users/damithch/Repos/nus-cs2103/cs2103-website-base/book/architecture/architecturalStyles/clientServer/what/index.md
2026-05-19T19:06:57.536Z - [36mverbose[39m: Rendering page: /Users/damithch/Repos/nus-cs2103/cs2103-website-base/book/combined/exercises.md
2026-05-19T19:06:57.805Z - [36mverbose[39m: Rendering page: /Users/damithch/Repos/nus-cs2103/cs2103-website-base/se-book-adapted/git-trail/index.md
2026-05-19T19:06:57.941Z - [36mverbose[39m: Rendering page: /Users/damithch/Repos/nus-cs2103/cs2103-website-base/se-book-adapted/common/exercises.md
2026-05-19T19:06:57.948Z - [36mverbose[39m: Rendering page: /Users/damithch/Repos/nus-cs2103/cs2103-website-base/se-book-adapted/projectDuke/index.md
2026-05-19T19:06:58.114Z - [36mverbose[39m: Rendering page: /Users/damithch/Repos/nus-cs2103/cs2103-website-base/se-book-adapted/common/definitions.md
2026-05-19T19:06:58.365Z - [36mverbose[39m: Rendering page: /Users/damithch/Repos/nus-cs2103/cs2103-website-base/se-book-adapted/chapters-printable/uml-printable.md
2026-05-19T19:06:58.413Z - [36mverbose[39m: Rendering page: /Users/damithch/Repos/nus-cs2103/cs2103-website-base/se-book-adapted/chapters-printable/testing-printable.md
2026-05-19T19:06:58.432Z - [36mverbose[39m: Rendering page: /Users/damithch/Repos/nus-cs2103/cs2103-website-base/se-book-adapted/chapters-printable/testCaseDesign-printable.md
2026-05-19T19:06:58.548Z - [36mverbose[39m: Rendering page: /Users/damithch/Repos/nus-cs2103/cs2103-website-base/se-book-adapted/chapters-printable/teamwork-printable.md
2026-05-19T19:06:58.619Z - [36mverbose[39m: Rendering page: /Users/damithch/Repos/nus-cs2103/cs2103-website-base/se-book-adapted/chapters-printable/specifyingRequirements-printable.md
2026-05-19T19:06:58.670Z - [36mverbose[39m: Rendering page: /Users/damithch/Repos/nus-cs2103/cs2103-website-base/se-book-adapted/chapters-printable/softwareEngineering-printable.md
2026-05-19T19:06:58.675Z - [36mverbose[39m: Rendering page: /Users/damithch/Repos/nus-cs2103/cs2103-website-base/se-book-adapted/chapters-printable/reuse-printable.md
2026-05-19T19:06:58.680Z - [36mverbose[39m: Rendering page: /Users/damithch/Repos/nus-cs2103/cs2103-website-base/se-book-adapted/chapters-printable/requirements-printable.md
2026-05-19T19:06:58.836Z - [36mverbose[39m: Rendering page: /Users/damithch/Repos/nus-cs2103/cs2103-website-base/se-book-adapted/chapters-printable/refactoring-printable.md
2026-05-19T19:06:58.845Z - [36mverbose[39m: Rendering page: /Users/damithch/Repos/nus-cs2103/cs2103-website-base/se-book-adapted/chapters-printable/qualityAssurance-printable.md
2026-05-19T19:06:58.975Z - [36mverbose[39m: Rendering page: /Users/damithch/Repos/nus-cs2103/cs2103-website-base/se-book-adapted/chapters-printable/projectPlanning-printable.md
2026-05-19T19:06:58.983Z - [36mverbose[39m: Rendering page: /Users/damithch/Repos/nus-cs2103/cs2103-website-base/se-book-adapted/chapters-printable/processModels-printable.md
2026-05-19T19:06:59.305Z - [36mverbose[39m: Rendering page: /Users/damithch/Repos/nus-cs2103/cs2103-website-base/se-book-adapted/chapters-printable/principles-printable.md
2026-05-19T19:06:59.350Z - [36mverbose[39m: Rendering page: /Users/damithch/Repos/nus-cs2103/cs2103-website-base/se-book-adapted/chapters-printable/intellij-printable.md
2026-05-19T19:06:59.355Z - [36mverbose[39m: Rendering page: /Users/damithch/Repos/nus-cs2103/cs2103-website-base/se-book-adapted/chapters-printable/oop-printable.md
2026-05-19T19:06:59.377Z - [36mverbose[39m: Rendering page: /Users/damithch/Repos/nus-cs2103/cs2103-website-base/se-book-adapted/chapters-printable/modeling-printable.md
2026-05-19T19:06:59.402Z - [36mverbose[39m: Rendering page: /Users/damithch/Repos/nus-cs2103/cs2103-website-base/se-book-adapted/chapters-printable/integration-printable.md
2026-05-19T19:06:59.581Z - [36mverbose[39m: Rendering page: /Users/damithch/Repos/nus-cs2103/cs2103-website-base/se-book-adapted/chapters-printable/gatheringRequirements-printable.md
2026-05-19T19:06:59.590Z - [36mverbose[39m: Rendering page: /Users/damithch/Repos/nus-cs2103/cs2103-website-base/se-book-adapted/chapters-printable/ides-printable.md
2026-05-19T19:06:59.595Z - [36mverbose[39m: Rendering page: /Users/damithch/Repos/nus-cs2103/cs2103-website-base/se-book-adapted/chapters-printable/errorHandling-printable.md
2026-05-19T19:06:59.605Z - [36mverbose[39m: Rendering page: /Users/damithch/Repos/nus-cs2103/cs2103-website-base/se-book-adapted/chapters-printable/documentation-printable.md
2026-05-19T19:06:59.770Z - [36mverbose[39m: Rendering page: /Users/damithch/Repos/nus-cs2103/cs2103-website-base/se-book-adapted/chapters-printable/designFundamentals-printable.md
2026-05-19T19:06:59.776Z - [36mverbose[39m: Rendering page: /Users/damithch/Repos/nus-cs2103/cs2103-website-base/se-book-adapted/chapters-printable/designPatterns-printable.md
2026-05-19T19:06:59.789Z - [36mverbose[39m: Rendering page: /Users/damithch/Repos/nus-cs2103/cs2103-website-base/se-book-adapted/chapters-printable/designApproaches-printable.md
2026-05-19T19:07:00.448Z - [36mverbose[39m: Rendering page: /Users/damithch/Repos/nus-cs2103/cs2103-website-base/se-book-adapted/chapters-printable/design-printable.md
2026-05-19T19:07:00.974Z - [36mverbose[39m: Rendering page: /Users/damithch/Repos/nus-cs2103/cs2103-website-base/se-book-adapted/chapters-printable/architecture-printable.md
2026-05-19T19:07:00.982Z - [36mverbose[39m: Rendering page: /Users/damithch/Repos/nus-cs2103/cs2103-website-base/se-book-adapted/chapters-printable/cppToJava-printable.md
2026-05-19T19:07:01.061Z - [36mverbose[39m: Rendering page: /Users/damithch/Repos/nus-cs2103/cs2103-website-base/se-book-adapted/chapters-printable/codeQuality-printable.md
2026-05-19T19:07:01.385Z - [36mverbose[39m: Rendering page: /Users/damithch/Repos/nus-cs2103/cs2103-website-base/se-book-adapted/chapters/uml.md
2026-05-19T19:07:01.653Z - [36mverbose[39m: Rendering page: /Users/damithch/Repos/nus-cs2103/cs2103-website-base/se-book-adapted/chapters/testCaseDesign.md
2026-05-19T19:07:01.678Z - [36mverbose[39m: Rendering page: /Users/damithch/Repos/nus-cs2103/cs2103-website-base/se-book-adapted/chapters/testing.md
2026-05-19T19:07:01.715Z - [36mverbose[39m: Rendering page: /Users/damithch/Repos/nus-cs2103/cs2103-website-base/se-book-adapted/chapters/test.md
2026-05-19T19:07:01.721Z - [36mverbose[39m: Rendering page: /Users/damithch/Repos/nus-cs2103/cs2103-website-base/se-book-adapted/chapters/teamwork.md
2026-05-19T19:07:02.039Z - [36mverbose[39m: Rendering page: /Users/damithch/Repos/nus-cs2103/cs2103-website-base/se-book-adapted/chapters/specifyingRequirements.md
2026-05-19T19:07:02.060Z - [36mverbose[39m: Rendering page: /Users/damithch/Repos/nus-cs2103/cs2103-website-base/se-book-adapted/chapters/reuse.md
2026-05-19T19:07:02.074Z - [36mverbose[39m: Rendering page: /Users/damithch/Repos/nus-cs2103/cs2103-website-base/se-book-adapted/chapters/softwareEngineering.md
2026-05-19T19:07:02.214Z - [36mverbose[39m: Rendering page: /Users/damithch/Repos/nus-cs2103/cs2103-website-base/se-book-adapted/chapters/requirements.md
2026-05-19T19:07:02.296Z - [36mverbose[39m: Rendering page: /Users/damithch/Repos/nus-cs2103/cs2103-website-base/se-book-adapted/chapters/refactoring.md
2026-05-19T19:07:02.305Z - [36mverbose[39m: Rendering page: /Users/damithch/Repos/nus-cs2103/cs2103-website-base/se-book-adapted/chapters/qualityAssurance.md
2026-05-19T19:07:02.315Z - [36mverbose[39m: Rendering page: /Users/damithch/Repos/nus-cs2103/cs2103-website-base/se-book-adapted/chapters/projectPlanning.md
2026-05-19T19:07:03.080Z - [36mverbose[39m: Rendering page: /Users/damithch/Repos/nus-cs2103/cs2103-website-base/se-book-adapted/chapters/processModels.md
2026-05-19T19:07:03.123Z - [36mverbose[39m: Rendering page: /Users/damithch/Repos/nus-cs2103/cs2103-website-base/se-book-adapted/chapters/principles.md
2026-05-19T19:07:03.140Z - [36mverbose[39m: Rendering page: /Users/damithch/Repos/nus-cs2103/cs2103-website-base/se-book-adapted/chapters/modeling.md
2026-05-19T19:07:03.179Z - [36mverbose[39m: Rendering page: /Users/damithch/Repos/nus-cs2103/cs2103-website-base/se-book-adapted/chapters/oop.md
2026-05-19T19:07:03.215Z - [36mverbose[39m: Rendering page: /Users/damithch/Repos/nus-cs2103/cs2103-website-base/se-book-adapted/chapters/intellij.md
2026-05-19T19:07:03.524Z - [36mverbose[39m: Rendering page: /Users/damithch/Repos/nus-cs2103/cs2103-website-base/se-book-adapted/chapters/ides.md
2026-05-19T19:07:03.531Z - [36mverbose[39m: Rendering page: /Users/damithch/Repos/nus-cs2103/cs2103-website-base/se-book-adapted/chapters/integration.md
2026-05-19T19:07:03.543Z - [36mverbose[39m: Rendering page: /Users/damithch/Repos/nus-cs2103/cs2103-website-base/se-book-adapted/chapters/gatheringRequirements.md
2026-05-19T19:07:03.551Z - [36mverbose[39m: Rendering page: /Users/damithch/Repos/nus-cs2103/cs2103-website-base/se-book-adapted/chapters/errorHandling.md
2026-05-19T19:07:03.871Z - [36mverbose[39m: Rendering page: /Users/damithch/Repos/nus-cs2103/cs2103-website-base/se-book-adapted/chapters/documentation.md
2026-05-19T19:07:03.886Z - [36mverbose[39m: Rendering page: /Users/damithch/Repos/nus-cs2103/cs2103-website-base/se-book-adapted/chapters/designPatterns.md
2026-05-19T19:07:03.907Z - [36mverbose[39m: Rendering page: /Users/damithch/Repos/nus-cs2103/cs2103-website-base/se-book-adapted/chapters/designFundamentals.md
2026-05-19T19:07:03.936Z - [36mverbose[39m: Rendering page: /Users/damithch/Repos/nus-cs2103/cs2103-website-base/se-book-adapted/chapters/designApproaches.md
2026-05-19T19:07:05.817Z - [36mverbose[39m: Rendering page: /Users/damithch/Repos/nus-cs2103/cs2103-website-base/se-book-adapted/chapters/design.md
2026-05-19T19:07:05.850Z - [36mverbose[39m: Rendering page: /Users/damithch/Repos/nus-cs2103/cs2103-website-base/se-book-adapted/chapters/architecture.md
2026-05-19T19:07:05.863Z - [36mverbose[39m: Rendering page: /Users/damithch/Repos/nus-cs2103/cs2103-website-base/se-book-adapted/chapters/codeQuality.md
2026-05-19T19:07:05.898Z - [36mverbose[39m: Rendering page: /Users/damithch/Repos/nus-cs2103/cs2103-website-base/se-book-adapted/chapters/cppToJava.md
2026-05-19T19:07:06.045Z - [36mverbose[39m: Rendering page: /Users/damithch/Repos/nus-cs2103/cs2103-website-base/se-book-adapted/index.md
2026-05-19T19:07:06.268Z - [36mverbose[39m: Rendering page: /Users/damithch/Repos/nus-cs2103/cs2103-website-base/book/about/acknowledgements.md
2026-05-19T19:07:06.301Z - [36mverbose[39m: Rendering page: /Users/damithch/Repos/nus-cs2103/cs2103-website-base/schedule/week9/tutorial.md
2026-05-19T19:07:06.311Z - [36mverbose[39m: Rendering page: /Users/damithch/Repos/nus-cs2103/cs2103-website-base/schedule/week8/tutorial.md
2026-05-19T19:07:06.341Z - [36mverbose[39m: Rendering page: /Users/damithch/Repos/nus-cs2103/cs2103-website-base/schedule/week7/tutorial.md
2026-05-19T19:07:06.862Z - [36mverbose[39m: Rendering page: /Users/damithch/Repos/nus-cs2103/cs2103-website-base/schedule/week6/tutorial.md
2026-05-19T19:07:07.461Z - [36mverbose[39m: Rendering page: /Users/damithch/Repos/nus-cs2103/cs2103-website-base/schedule/week4/tutorial.md
2026-05-19T19:07:07.482Z - [36mverbose[39m: Rendering page: /Users/damithch/Repos/nus-cs2103/cs2103-website-base/schedule/week5/tutorial.md
2026-05-19T19:07:07.509Z - [36mverbose[39m: Rendering page: /Users/damithch/Repos/nus-cs2103/cs2103-website-base/schedule/week3/tutorial.md
2026-05-19T19:07:07.573Z - [36mverbose[39m: Rendering page: /Users/damithch/Repos/nus-cs2103/cs2103-website-base/schedule/week2/tutorial.md
2026-05-19T19:07:07.604Z - [36mverbose[39m: Rendering page: /Users/damithch/Repos/nus-cs2103/cs2103-website-base/schedule/week12/tutorial.md
2026-05-19T19:07:07.609Z - [36mverbose[39m: Rendering page: /Users/damithch/Repos/nus-cs2103/cs2103-website-base/schedule/week13/tutorial.md
2026-05-19T19:07:08.306Z - [36mverbose[39m: Rendering page: /Users/damithch/Repos/nus-cs2103/cs2103-website-base/schedule/week11/tutorial.md
2026-05-19T19:07:08.316Z - [36mverbose[39m: Rendering page: /Users/damithch/Repos/nus-cs2103/cs2103-website-base/schedule/week10/tutorial.md
2026-05-19T19:07:08.897Z - [36mverbose[39m: Rendering page: /Users/damithch/Repos/nus-cs2103/cs2103-website-base/schedule/week1/tutorial.md
2026-05-19T19:07:08.902Z - [36mverbose[39m: Rendering page: /Users/damithch/Repos/nus-cs2103/cs2103-website-base/schedule/week9/topics.md
2026-05-19T19:07:09.311Z - [36mverbose[39m: Rendering page: /Users/damithch/Repos/nus-cs2103/cs2103-website-base/schedule/week8/topics.md
2026-05-19T19:07:10.512Z - [36mverbose[39m: Rendering page: /Users/damithch/Repos/nus-cs2103/cs2103-website-base/schedule/week7/topics.md
2026-05-19T19:07:10.545Z - [36mverbose[39m: Rendering page: /Users/damithch/Repos/nus-cs2103/cs2103-website-base/schedule/week6/topics.md
2026-05-19T19:07:10.913Z - [36mverbose[39m: Rendering page: /Users/damithch/Repos/nus-cs2103/cs2103-website-base/schedule/week5/topics.md
2026-05-19T19:07:11.175Z - [36mverbose[39m: Rendering page: /Users/damithch/Repos/nus-cs2103/cs2103-website-base/schedule/week4/topics.md
2026-05-19T19:07:11.233Z - [36mverbose[39m: Rendering page: /Users/damithch/Repos/nus-cs2103/cs2103-website-base/schedule/week3/topics.md
2026-05-19T19:07:11.265Z - [36mverbose[39m: Rendering page: /Users/damithch/Repos/nus-cs2103/cs2103-website-base/schedule/week2/topics.md
2026-05-19T19:07:11.774Z - [36mverbose[39m: Rendering page: /Users/damithch/Repos/nus-cs2103/cs2103-website-base/schedule/week13/topics.md
2026-05-19T19:07:11.779Z - [36mverbose[39m: Rendering page: /Users/damithch/Repos/nus-cs2103/cs2103-website-base/schedule/week12/topics.md
2026-05-19T19:07:13.035Z - [36mverbose[39m: Rendering page: /Users/damithch/Repos/nus-cs2103/cs2103-website-base/schedule/week11/topics.md
2026-05-19T19:07:13.769Z - [36mverbose[39m: Rendering page: /Users/damithch/Repos/nus-cs2103/cs2103-website-base/schedule/week10/topics.md
2026-05-19T19:07:15.662Z - [36mverbose[39m: Rendering page: /Users/damithch/Repos/nus-cs2103/cs2103-website-base/schedule/week9/project.md
2026-05-19T19:07:15.673Z - [36mverbose[39m: Rendering page: /Users/damithch/Repos/nus-cs2103/cs2103-website-base/schedule/week1/topics.md
2026-05-19T19:07:16.910Z - [36mverbose[39m: Rendering page: /Users/damithch/Repos/nus-cs2103/cs2103-website-base/schedule/week7/project.md
2026-05-19T19:07:16.927Z - [36mverbose[39m: Rendering page: /Users/damithch/Repos/nus-cs2103/cs2103-website-base/schedule/week8/project.md
2026-05-19T19:07:17.703Z - [36mverbose[39m: Rendering page: /Users/damithch/Repos/nus-cs2103/cs2103-website-base/schedule/week6/project.md
2026-05-19T19:07:19.955Z - [36mverbose[39m: Rendering page: /Users/damithch/Repos/nus-cs2103/cs2103-website-base/schedule/week5/project.md
2026-05-19T19:07:23.287Z - [34mdebug[39m: 
2026-05-19T19:07:23.569Z - [34mdebug[39m: 
2026-05-19T19:07:23.638Z - [36mverbose[39m: Rendering page: /Users/damithch/Repos/nus-cs2103/cs2103-website-base/schedule/week3/project.md
2026-05-19T19:07:23.670Z - [36mverbose[39m: Rendering page: /Users/damithch/Repos/nus-cs2103/cs2103-website-base/schedule/week4/project.md
2026-05-19T19:07:23.722Z - [36mverbose[39m: Rendering page: /Users/damithch/Repos/nus-cs2103/cs2103-website-base/schedule/week2/project.md
2026-05-19T19:07:23.747Z - [36mverbose[39m: Rendering page: /Users/damithch/Repos/nus-cs2103/cs2103-website-base/schedule/week13/project.md
2026-05-19T19:07:27.085Z - [36mverbose[39m: Rendering page: /Users/damithch/Repos/nus-cs2103/cs2103-website-base/schedule/week1/project.md
2026-05-19T19:07:27.093Z - [36mverbose[39m: Rendering page: /Users/damithch/Repos/nus-cs2103/cs2103-website-base/schedule/week12/project.md
2026-05-19T19:07:27.118Z - [36mverbose[39m: Rendering page: /Users/damithch/Repos/nus-cs2103/cs2103-website-base/schedule/week11/project.md
2026-05-19T19:07:27.140Z - [36mverbose[39m: Rendering page: /Users/damithch/Repos/nus-cs2103/cs2103-website-base/schedule/week10/project.md
2026-05-19T19:07:27.937Z - [36mverbose[39m: Rendering page: /Users/damithch/Repos/nus-cs2103/cs2103-website-base/schedule/week9/index.md
2026-05-19T19:07:27.944Z - [36mverbose[39m: Rendering page: /Users/damithch/Repos/nus-cs2103/cs2103-website-base/schedule/week8/index.md
2026-05-19T19:07:27.950Z - [36mverbose[39m: Rendering page: /Users/damithch/Repos/nus-cs2103/cs2103-website-base/schedule/week7/index.md
2026-05-19T19:07:27.959Z - [36mverbose[39m: Rendering page: /Users/damithch/Repos/nus-cs2103/cs2103-website-base/schedule/week6/index.md
2026-05-19T19:07:28.747Z - [36mverbose[39m: Rendering page: /Users/damithch/Repos/nus-cs2103/cs2103-website-base/schedule/week5/index.md
2026-05-19T19:07:28.756Z - [36mverbose[39m: Rendering page: /Users/damithch/Repos/nus-cs2103/cs2103-website-base/schedule/week3/index.md
2026-05-19T19:07:28.764Z - [36mverbose[39m: Rendering page: /Users/damithch/Repos/nus-cs2103/cs2103-website-base/schedule/week4/index.md
2026-05-19T19:07:28.985Z - [36mverbose[39m: Rendering page: /Users/damithch/Repos/nus-cs2103/cs2103-website-base/schedule/week2/index.md
2026-05-19T19:07:29.355Z - [36mverbose[39m: Rendering page: /Users/damithch/Repos/nus-cs2103/cs2103-website-base/schedule/week13/index.md
2026-05-19T19:07:29.563Z - [36mverbose[39m: Rendering page: /Users/damithch/Repos/nus-cs2103/cs2103-website-base/schedule/week12/index.md
2026-05-19T19:07:29.569Z - [36mverbose[39m: Rendering page: /Users/damithch/Repos/nus-cs2103/cs2103-website-base/schedule/week11/index.md
2026-05-19T19:07:29.689Z - [36mverbose[39m: Rendering page: /Users/damithch/Repos/nus-cs2103/cs2103-website-base/schedule/week10/index.md
2026-05-19T19:07:29.816Z - [36mverbose[39m: Rendering page: /Users/damithch/Repos/nus-cs2103/cs2103-website-base/schedule/week1/index.md
2026-05-19T19:07:29.861Z - [36mverbose[39m: Rendering page: /Users/damithch/Repos/nus-cs2103/cs2103-website-base/schedule/week9/admin.md
2026-05-19T19:07:29.954Z - [36mverbose[39m: Rendering page: /Users/damithch/Repos/nus-cs2103/cs2103-website-base/schedule/week8/admin.md
2026-05-19T19:07:29.962Z - [36mverbose[39m: Rendering page: /Users/damithch/Repos/nus-cs2103/cs2103-website-base/schedule/week7/admin.md
2026-05-19T19:07:30.255Z - [36mverbose[39m: Rendering page: /Users/damithch/Repos/nus-cs2103/cs2103-website-base/schedule/week6/admin.md
2026-05-19T19:07:31.007Z - [36mverbose[39m: Rendering page: /Users/damithch/Repos/nus-cs2103/cs2103-website-base/schedule/week5/admin.md
2026-05-19T19:07:31.256Z - [36mverbose[39m: Rendering page: /Users/damithch/Repos/nus-cs2103/cs2103-website-base/schedule/week4/admin.md
2026-05-19T19:07:31.262Z - [36mverbose[39m: Rendering page: /Users/damithch/Repos/nus-cs2103/cs2103-website-base/schedule/week3/admin.md
2026-05-19T19:07:31.351Z - [36mverbose[39m: Rendering page: /Users/damithch/Repos/nus-cs2103/cs2103-website-base/schedule/week2/admin.md
2026-05-19T19:07:31.648Z - [36mverbose[39m: Rendering page: /Users/damithch/Repos/nus-cs2103/cs2103-website-base/schedule/week13/admin.md
2026-05-19T19:07:31.691Z - [36mverbose[39m: Rendering page: /Users/damithch/Repos/nus-cs2103/cs2103-website-base/schedule/week12/admin.md
2026-05-19T19:07:31.700Z - [36mverbose[39m: Rendering page: /Users/damithch/Repos/nus-cs2103/cs2103-website-base/schedule/week11/admin.md
2026-05-19T19:07:35.046Z - [34mdebug[39m: 
2026-05-19T19:07:35.046Z - [36mverbose[39m: Rendering page: /Users/damithch/Repos/nus-cs2103/cs2103-website-base/schedule/week10/admin.md
2026-05-19T19:07:35.055Z - [36mverbose[39m: Rendering page: /Users/damithch/Repos/nus-cs2103/cs2103-website-base/schedule/week1/admin.md
2026-05-19T19:07:35.080Z - [36mverbose[39m: Rendering page: /Users/damithch/Repos/nus-cs2103/cs2103-website-base/schedule/timeline.md
2026-05-19T19:07:35.171Z - [36mverbose[39m: Rendering page: /Users/damithch/Repos/nus-cs2103/cs2103-website-base/schedule/index.md
2026-05-19T19:07:35.294Z - [36mverbose[39m: Rendering page: /Users/damithch/Repos/nus-cs2103/cs2103-website-base/admin/weeklySchedule.md
2026-05-19T19:07:35.303Z - [36mverbose[39m: Rendering page: /Users/damithch/Repos/nus-cs2103/cs2103-website-base/admin/usingThisWebsite.md
2026-05-19T19:07:35.314Z - [36mverbose[39m: Rendering page: /Users/damithch/Repos/nus-cs2103/cs2103-website-base/admin/uml-reference-sheet.md
2026-05-19T19:07:35.319Z - [36mverbose[39m: Rendering page: /Users/damithch/Repos/nus-cs2103/cs2103-website-base/admin/tutors-info.md
2026-05-19T19:07:38.189Z - [36mverbose[39m: Rendering page: /Users/damithch/Repos/nus-cs2103/cs2103-website-base/admin/tutorials.md
2026-05-19T19:07:38.210Z - [36mverbose[39m: Rendering page: /Users/damithch/Repos/nus-cs2103/cs2103-website-base/admin/tp-w9.md
2026-05-19T19:07:38.225Z - [36mverbose[39m: Rendering page: /Users/damithch/Repos/nus-cs2103/cs2103-website-base/admin/tp-w8.md
2026-05-19T19:07:38.978Z - [36mverbose[39m: Rendering page: /Users/damithch/Repos/nus-cs2103/cs2103-website-base/admin/tp-w7.md
2026-05-19T19:07:40.076Z - [36mverbose[39m: Rendering page: /Users/damithch/Repos/nus-cs2103/cs2103-website-base/admin/tp-w6.md
2026-05-19T19:07:40.495Z - [36mverbose[39m: Rendering page: /Users/damithch/Repos/nus-cs2103/cs2103-website-base/admin/tp-w5.md
2026-05-19T19:07:40.511Z - [36mverbose[39m: Rendering page: /Users/damithch/Repos/nus-cs2103/cs2103-website-base/admin/tp-w4.md
2026-05-19T19:07:40.595Z - [36mverbose[39m: Rendering page: /Users/damithch/Repos/nus-cs2103/cs2103-website-base/admin/tp-w3.md
2026-05-19T19:07:43.687Z - [36mverbose[39m: Rendering page: /Users/damithch/Repos/nus-cs2103/cs2103-website-base/admin/tp-w2.md
2026-05-19T19:07:44.935Z - [36mverbose[39m: Rendering page: /Users/damithch/Repos/nus-cs2103/cs2103-website-base/admin/tp-w13.md
2026-05-19T19:07:44.976Z - [36mverbose[39m: Rendering page: /Users/damithch/Repos/nus-cs2103/cs2103-website-base/admin/tp-w12.md
2026-05-19T19:07:45.797Z - [36mverbose[39m: Rendering page: /Users/damithch/Repos/nus-cs2103/cs2103-website-base/admin/tp-w11.md
2026-05-19T19:07:47.174Z - [34mdebug[39m: 
2026-05-19T19:07:47.178Z - [34mdebug[39m: 
2026-05-19T19:07:47.192Z - [36mverbose[39m: Rendering page: /Users/damithch/Repos/nus-cs2103/cs2103-website-base/admin/tp-timeline.md
2026-05-19T19:07:47.206Z - [36mverbose[39m: Rendering page: /Users/damithch/Repos/nus-cs2103/cs2103-website-base/admin/tp-teams.md
2026-05-19T19:07:47.220Z - [36mverbose[39m: Rendering page: /Users/damithch/Repos/nus-cs2103/cs2103-website-base/admin/tp-supervision.md
2026-05-19T19:07:47.234Z - [36mverbose[39m: Rendering page: /Users/damithch/Repos/nus-cs2103/cs2103-website-base/admin/tp-w10.md
2026-05-19T19:07:49.107Z - [36mverbose[39m: Rendering page: /Users/damithch/Repos/nus-cs2103/cs2103-website-base/admin/tp-pe.md
2026-05-19T19:07:49.144Z - [36mverbose[39m: Rendering page: /Users/damithch/Repos/nus-cs2103/cs2103-website-base/admin/tp-overview.md
2026-05-19T19:07:49.152Z - [36mverbose[39m: Rendering page: /Users/damithch/Repos/nus-cs2103/cs2103-website-base/admin/tp-grading.md
2026-05-19T19:07:49.166Z - [36mverbose[39m: Rendering page: /Users/damithch/Repos/nus-cs2103/cs2103-website-base/admin/tp-ped.md
2026-05-19T19:07:49.635Z - [36mverbose[39m: Rendering page: /Users/damithch/Repos/nus-cs2103/cs2103-website-base/admin/tp-expectations.md
2026-05-19T19:07:49.645Z - [36mverbose[39m: Rendering page: /Users/damithch/Repos/nus-cs2103/cs2103-website-base/admin/tp-common-fragments.md
2026-05-19T19:07:49.649Z - [36mverbose[39m: Rendering page: /Users/damithch/Repos/nus-cs2103/cs2103-website-base/admin/tp-deliverables.md
2026-05-19T19:07:49.665Z - [36mverbose[39m: Rendering page: /Users/damithch/Repos/nus-cs2103/cs2103-website-base/admin/tp-constraints.md
2026-05-19T19:07:50.262Z - [36mverbose[39m: Rendering page: /Users/damithch/Repos/nus-cs2103/cs2103-website-base/admin/textbooks.md
2026-05-19T19:07:50.268Z - [36mverbose[39m: Rendering page: /Users/damithch/Repos/nus-cs2103/cs2103-website-base/admin/tools.md
2026-05-19T19:07:50.283Z - [36mverbose[39m: Rendering page: /Users/damithch/Repos/nus-cs2103/cs2103-website-base/admin/syllabus.md
2026-05-19T19:07:50.289Z - [36mverbose[39m: Rendering page: /Users/damithch/Repos/nus-cs2103/cs2103-website-base/admin/teamList.md
2026-05-19T19:07:50.510Z - [36mverbose[39m: Rendering page: /Users/damithch/Repos/nus-cs2103/cs2103-website-base/admin/standardsAndConventions.md
2026-05-19T19:07:50.517Z - [36mverbose[39m: Rendering page: /Users/damithch/Repos/nus-cs2103/cs2103-website-base/admin/reposenseAuthorAnnotation.md
2026-05-19T19:07:50.525Z - [36mverbose[39m: Rendering page: /Users/damithch/Repos/nus-cs2103/cs2103-website-base/admin/programmingLanguages.md
2026-05-19T19:07:50.532Z - [36mverbose[39m: Rendering page: /Users/damithch/Repos/nus-cs2103/cs2103-website-base/admin/peerEvaluations.md
2026-05-19T19:07:50.664Z - [36mverbose[39m: Rendering page: /Users/damithch/Repos/nus-cs2103/cs2103-website-base/admin/participation.md
2026-05-19T19:07:50.675Z - [36mverbose[39m: Rendering page: /Users/damithch/Repos/nus-cs2103/cs2103-website-base/admin/overview-for-teachers.md
2026-05-19T19:07:50.684Z - [36mverbose[39m: Rendering page: /Users/damithch/Repos/nus-cs2103/cs2103-website-base/admin/mid-semester-survey-results.md
2026-05-19T19:07:50.688Z - [36mverbose[39m: Rendering page: /Users/damithch/Repos/nus-cs2103/cs2103-website-base/admin/lectures.md
2026-05-19T19:07:51.622Z - [36mverbose[39m: Rendering page: /Users/damithch/Repos/nus-cs2103/cs2103-website-base/admin/ip-w8.md
2026-05-19T19:07:51.631Z - [36mverbose[39m: Rendering page: /Users/damithch/Repos/nus-cs2103/cs2103-website-base/admin/ip-w7.md
2026-05-19T19:07:51.637Z - [36mverbose[39m: Rendering page: /Users/damithch/Repos/nus-cs2103/cs2103-website-base/admin/ip-w6.md
2026-05-19T19:07:51.656Z - [36mverbose[39m: Rendering page: /Users/damithch/Repos/nus-cs2103/cs2103-website-base/admin/ip-w5.md
2026-05-19T19:07:54.309Z - [36mverbose[39m: Rendering page: /Users/damithch/Repos/nus-cs2103/cs2103-website-base/admin/ip-w4.md
2026-05-19T19:07:54.349Z - [36mverbose[39m: Rendering page: /Users/damithch/Repos/nus-cs2103/cs2103-website-base/admin/ip-w3.md
2026-05-19T19:07:54.366Z - [36mverbose[39m: Rendering page: /Users/damithch/Repos/nus-cs2103/cs2103-website-base/admin/ip-w2.md
2026-05-19T19:07:54.475Z - [36mverbose[39m: Rendering page: /Users/damithch/Repos/nus-cs2103/cs2103-website-base/admin/ip-showcase.md
2026-05-19T19:07:54.563Z - [36mverbose[39m: Rendering page: /Users/damithch/Repos/nus-cs2103/cs2103-website-base/admin/ip-overview.md
2026-05-19T19:07:54.570Z - [36mverbose[39m: Rendering page: /Users/damithch/Repos/nus-cs2103/cs2103-website-base/admin/ip-grading.md
2026-05-19T19:07:54.580Z - [36mverbose[39m: Rendering page: /Users/damithch/Repos/nus-cs2103/cs2103-website-base/admin/instructors.md
2026-05-19T19:07:55.170Z - [36mverbose[39m: Rendering page: /Users/damithch/Repos/nus-cs2103/cs2103-website-base/admin/index.md
2026-05-19T19:07:55.183Z - [36mverbose[39m: Rendering page: /Users/damithch/Repos/nus-cs2103/cs2103-website-base/admin/gradeBreakdown.md
2026-05-19T19:07:55.207Z - [36mverbose[39m: Rendering page: /Users/damithch/Repos/nus-cs2103/cs2103-website-base/admin/exams-f2f.md
2026-05-19T19:07:55.213Z - [36mverbose[39m: Rendering page: /Users/damithch/Repos/nus-cs2103/cs2103-website-base/admin/exams.md
2026-05-19T19:07:55.242Z - [36mverbose[39m: Rendering page: /Users/damithch/Repos/nus-cs2103/cs2103-website-base/admin/exam-reference-sheet.md
2026-05-19T19:07:55.312Z - [36mverbose[39m: Rendering page: /Users/damithch/Repos/nus-cs2103/cs2103-website-base/admin/exam-pen-and-paper.md
2026-05-19T19:07:55.317Z - [36mverbose[39m: Rendering page: /Users/damithch/Repos/nus-cs2103/cs2103-website-base/admin/courseOverview.md
2026-05-19T19:07:55.361Z - [36mverbose[39m: Rendering page: /Users/damithch/Repos/nus-cs2103/cs2103-website-base/admin/courseExpectations.md
2026-05-19T19:07:55.420Z - [36mverbose[39m: Rendering page: /Users/damithch/Repos/nus-cs2103/cs2103-website-base/admin/courseBriefings.md
2026-05-19T19:07:55.446Z - [36mverbose[39m: Rendering page: /Users/damithch/Repos/nus-cs2103/cs2103-website-base/admin/appendixG-troubleshooting.md
2026-05-19T19:07:55.485Z - [36mverbose[39m: Rendering page: /Users/damithch/Repos/nus-cs2103/cs2103-website-base/admin/appendixH-tipsFromStudents.md
2026-05-19T19:07:55.500Z - [36mverbose[39m: Rendering page: /Users/damithch/Repos/nus-cs2103/cs2103-website-base/admin/appendixG-CS2103R.md
2026-05-19T19:07:55.725Z - [36mverbose[39m: Rendering page: /Users/damithch/Repos/nus-cs2103/cs2103-website-base/admin/appendixF-teamworkIssues.md
2026-05-19T19:07:55.737Z - [36mverbose[39m: Rendering page: /Users/damithch/Repos/nus-cs2103/cs2103-website-base/admin/appendixE-gitHub.md
2026-05-19T19:07:55.753Z - [36mverbose[39m: Rendering page: /Users/damithch/Repos/nus-cs2103/cs2103-website-base/admin/appendixD-help.md
2026-05-19T19:07:55.763Z - [32minfo[39m: Pages built
2026-05-19T19:07:55.838Z - [32minfo[39m: Site data built
2026-05-19T19:07:55.838Z - [32minfo[39m: Website generation complete! Total build time: 94.585s
2026-05-19T19:07:55.850Z - [32minfo[39m: Serving "/Users/damithch/Repos/nus-cs2103/cs2103-website-base/_site" at http://127.0.0.1:8080
2026-05-19T19:07:55.850Z - [32minfo[39m: Press CTRL+C to stop ...
2026-05-19T19:12:58.798Z - [32minfo[39m: [03:12:58] Reload for file change: /Users/damithch/Repos/nus-cs2103/cs2103-website-base/_markbind/variables.md
2026-05-19T19:12:59.901Z - [33mwarn[39m: Rebuilding all pages as variables file was changed, or the --force-reload flag was set
2026-05-19T19:12:59.912Z - [32minfo[39m: Rebuilding 811 pages
2026-05-19T19:13:02.725Z - [36mverbose[39m: Rendering page: /Users/damithch/Repos/nus-cs2103/cs2103-website-base/admin/appendixC-faq.md
2026-05-19T19:13:02.805Z - [36mverbose[39m: Rendering page: /Users/damithch/Repos/nus-cs2103/cs2103-website-base/admin/appendixB-policies.md
2026-05-19T19:13:02.822Z - [36mverbose[39m: Rendering page: /Users/damithch/Repos/nus-cs2103/cs2103-website-base/admin/appendixA-principles.md
2026-05-19T19:13:02.829Z - [36mverbose[39m: Rendering page: /Users/damithch/Repos/nus-cs2103/cs2103-website-base/admin/acknowledgements.md
2026-05-19T19:13:04.956Z - [36mverbose[39m: Rendering page: /Users/damithch/Repos/nus-cs2103/cs2103-website-base/book/uml/stereotypes/what/index.md
2026-05-19T19:13:04.962Z - [36mverbose[39m: Rendering page: /Users/damithch/Repos/nus-cs2103/cs2103-website-base/book/uml/stereotypes/index.md
2026-05-19T19:13:04.969Z - [36mverbose[39m: Rendering page: /Users/damithch/Repos/nus-cs2103/cs2103-website-base/index.md
2026-05-19T19:13:05.038Z - [36mverbose[39m: Rendering page: /Users/damithch/Repos/nus-cs2103/cs2103-website-base/se-book-adapted/print.md
2026-05-19T19:13:05.191Z - [36mverbose[39m: Rendering page: /Users/damithch/Repos/nus-cs2103/cs2103-website-base/book/uml/sequenceDiagrams/selfInvocation/index.md
2026-05-19T19:13:05.199Z - [36mverbose[39m: Rendering page: /Users/damithch/Repos/nus-cs2103/cs2103-website-base/book/uml/sequenceDiagrams/referenceFrames/index.md
2026-05-19T19:13:05.205Z - [36mverbose[39m: Rendering page: /Users/damithch/Repos/nus-cs2103/cs2103-website-base/book/uml/sequenceDiagrams/staticMethods/index.md
2026-05-19T19:13:05.261Z - [36mverbose[39m: Rendering page: /Users/damithch/Repos/nus-cs2103/cs2103-website-base/book/uml/sequenceDiagrams/parallelPaths/index.md
2026-05-19T19:13:05.282Z - [36mverbose[39m: Rendering page: /Users/damithch/Repos/nus-cs2103/cs2103-website-base/book/uml/sequenceDiagrams/objectDeletion/index.md
2026-05-19T19:13:05.305Z - [36mverbose[39m: Rendering page: /Users/damithch/Repos/nus-cs2103/cs2103-website-base/book/uml/sequenceDiagrams/optionalPaths/index.md
2026-05-19T19:13:05.310Z - [36mverbose[39m: Rendering page: /Users/damithch/Repos/nus-cs2103/cs2103-website-base/book/uml/sequenceDiagrams/objectCreation/index.md
2026-05-19T19:13:05.317Z - [36mverbose[39m: Rendering page: /Users/damithch/Repos/nus-cs2103/cs2103-website-base/book/uml/sequenceDiagrams/minimalNotation/index.md
2026-05-19T19:13:05.569Z - [36mverbose[39m: Rendering page: /Users/damithch/Repos/nus-cs2103/cs2103-website-base/book/uml/sequenceDiagrams/loops/index.md
2026-05-19T19:13:05.575Z - [36mverbose[39m: Rendering page: /Users/damithch/Repos/nus-cs2103/cs2103-website-base/book/uml/sequenceDiagrams/index.md
2026-05-19T19:13:05.590Z - [36mverbose[39m: Rendering page: /Users/damithch/Repos/nus-cs2103/cs2103-website-base/book/uml/sequenceDiagrams/introduction/index.md
2026-05-19T19:13:05.602Z - [36mverbose[39m: Rendering page: /Users/damithch/Repos/nus-cs2103/cs2103-website-base/book/uml/sequenceDiagrams/basic/index.md
2026-05-19T19:13:05.787Z - [36mverbose[39m: Rendering page: /Users/damithch/Repos/nus-cs2103/cs2103-website-base/book/uml/sequenceDiagrams/alternativePaths/index.md
2026-05-19T19:13:05.795Z - [36mverbose[39m: Rendering page: /Users/damithch/Repos/nus-cs2103/cs2103-website-base/book/uml/objectDiagrams/objects/index.md
2026-05-19T19:13:05.802Z - [36mverbose[39m: Rendering page: /Users/damithch/Repos/nus-cs2103/cs2103-website-base/book/uml/objectDiagrams/introduction/index.md
2026-05-19T19:13:05.810Z - [36mverbose[39m: Rendering page: /Users/damithch/Repos/nus-cs2103/cs2103-website-base/book/uml/objectDiagrams/index.md
2026-05-19T19:13:05.880Z - [36mverbose[39m: Rendering page: /Users/damithch/Repos/nus-cs2103/cs2103-website-base/book/uml/objectDiagrams/associations/index.md
2026-05-19T19:13:05.891Z - [36mverbose[39m: Rendering page: /Users/damithch/Repos/nus-cs2103/cs2103-website-base/book/uml/notes/notes/index.md
2026-05-19T19:13:05.896Z - [36mverbose[39m: Rendering page: /Users/damithch/Repos/nus-cs2103/cs2103-website-base/book/uml/notes/index.md
2026-05-19T19:13:05.906Z - [36mverbose[39m: Rendering page: /Users/damithch/Repos/nus-cs2103/cs2103-website-base/book/uml/notes/constraints/index.md
2026-05-19T19:13:06.310Z - [36mverbose[39m: Rendering page: /Users/damithch/Repos/nus-cs2103/cs2103-website-base/book/uml/miscellaneous/objectVsClassDiagrams/index.md
2026-05-19T19:13:06.318Z - [36mverbose[39m: Rendering page: /Users/damithch/Repos/nus-cs2103/cs2103-website-base/book/uml/miscellaneous/index.md
2026-05-19T19:13:06.326Z - [36mverbose[39m: Rendering page: /Users/damithch/Repos/nus-cs2103/cs2103-website-base/book/uml/index.md
2026-05-19T19:13:06.409Z - [36mverbose[39m: Rendering page: /Users/damithch/Repos/nus-cs2103/cs2103-website-base/book/uml/classDiagrams/introduction/what/index.md
2026-05-19T19:13:06.443Z - [36mverbose[39m: Rendering page: /Users/damithch/Repos/nus-cs2103/cs2103-website-base/book/uml/classDiagrams/introduction/index.md
2026-05-19T19:13:06.448Z - [36mverbose[39m: Rendering page: /Users/damithch/Repos/nus-cs2103/cs2103-website-base/book/uml/classDiagrams/interfaces/index.md
2026-05-19T19:13:06.452Z - [36mverbose[39m: Rendering page: /Users/damithch/Repos/nus-cs2103/cs2103-website-base/book/uml/classDiagrams/interfaces/what/index.md
2026-05-19T19:13:06.674Z - [36mverbose[39m: Rendering page: /Users/damithch/Repos/nus-cs2103/cs2103-website-base/book/uml/classDiagrams/index.md
2026-05-19T19:13:06.698Z - [36mverbose[39m: Rendering page: /Users/damithch/Repos/nus-cs2103/cs2103-website-base/book/uml/classDiagrams/enumerations/index.md
2026-05-19T19:13:06.703Z - [36mverbose[39m: Rendering page: /Users/damithch/Repos/nus-cs2103/cs2103-website-base/book/uml/classDiagrams/enumerations/what/index.md
2026-05-19T19:13:06.707Z - [36mverbose[39m: Rendering page: /Users/damithch/Repos/nus-cs2103/cs2103-website-base/book/uml/classDiagrams/dependencies/what/index.md
2026-05-19T19:13:06.787Z - [36mverbose[39m: Rendering page: /Users/damithch/Repos/nus-cs2103/cs2103-website-base/book/uml/classDiagrams/dependencies/index.md
2026-05-19T19:13:06.794Z - [36mverbose[39m: Rendering page: /Users/damithch/Repos/nus-cs2103/cs2103-website-base/book/uml/classDiagrams/composition/what/index.md
2026-05-19T19:13:06.823Z - [36mverbose[39m: Rendering page: /Users/damithch/Repos/nus-cs2103/cs2103-website-base/book/uml/classDiagrams/composition/index.md
2026-05-19T19:13:06.829Z - [36mverbose[39m: Rendering page: /Users/damithch/Repos/nus-cs2103/cs2103-website-base/book/uml/classDiagrams/combine/index.md
2026-05-19T19:13:06.915Z - [36mverbose[39m: Rendering page: /Users/damithch/Repos/nus-cs2103/cs2103-website-base/book/uml/classDiagrams/combine/basic/index.md
2026-05-19T19:13:06.956Z - [36mverbose[39m: Rendering page: /Users/damithch/Repos/nus-cs2103/cs2103-website-base/book/uml/classDiagrams/classes/what/index.md
2026-05-19T19:13:06.964Z - [36mverbose[39m: Rendering page: /Users/damithch/Repos/nus-cs2103/cs2103-website-base/book/uml/classDiagrams/classes/index.md
2026-05-19T19:13:06.973Z - [36mverbose[39m: Rendering page: /Users/damithch/Repos/nus-cs2103/cs2103-website-base/book/uml/classDiagrams/classLevelMembers/what/index.md
2026-05-19T19:13:06.978Z - [36mverbose[39m: Rendering page: /Users/damithch/Repos/nus-cs2103/cs2103-website-base/book/uml/classDiagrams/classLevelMembers/index.md
2026-05-19T19:13:07.046Z - [36mverbose[39m: Rendering page: /Users/damithch/Repos/nus-cs2103/cs2103-website-base/book/uml/classDiagrams/classInheritance/index.md
2026-05-19T19:13:07.052Z - [36mverbose[39m: Rendering page: /Users/damithch/Repos/nus-cs2103/cs2103-website-base/book/uml/classDiagrams/classInheritance/what/index.md
2026-05-19T19:13:07.061Z - [36mverbose[39m: Rendering page: /Users/damithch/Repos/nus-cs2103/cs2103-website-base/book/uml/classDiagrams/associationsAsAttributes/what/index.md
2026-05-19T19:13:07.067Z - [36mverbose[39m: Rendering page: /Users/damithch/Repos/nus-cs2103/cs2103-website-base/book/uml/classDiagrams/associationsAsAttributes/index.md
2026-05-19T19:13:07.167Z - [36mverbose[39m: Rendering page: /Users/damithch/Repos/nus-cs2103/cs2103-website-base/book/uml/classDiagrams/associations/what/index.md
2026-05-19T19:13:07.173Z - [36mverbose[39m: Rendering page: /Users/damithch/Repos/nus-cs2103/cs2103-website-base/book/uml/classDiagrams/associations/roles/index.md
2026-05-19T19:13:07.180Z - [36mverbose[39m: Rendering page: /Users/damithch/Repos/nus-cs2103/cs2103-website-base/book/uml/classDiagrams/associations/navigability/index.md
2026-05-19T19:13:07.188Z - [36mverbose[39m: Rendering page: /Users/damithch/Repos/nus-cs2103/cs2103-website-base/book/uml/classDiagrams/associations/multiplicity/index.md
2026-05-19T19:13:07.289Z - [36mverbose[39m: Rendering page: /Users/damithch/Repos/nus-cs2103/cs2103-website-base/book/uml/classDiagrams/associations/labels/index.md
2026-05-19T19:13:07.296Z - [36mverbose[39m: Rendering page: /Users/damithch/Repos/nus-cs2103/cs2103-website-base/book/uml/classDiagrams/associations/index.md
2026-05-19T19:13:07.306Z - [36mverbose[39m: Rendering page: /Users/damithch/Repos/nus-cs2103/cs2103-website-base/book/uml/classDiagrams/associationClasses/what/index.md
2026-05-19T19:13:07.310Z - [36mverbose[39m: Rendering page: /Users/damithch/Repos/nus-cs2103/cs2103-website-base/book/uml/classDiagrams/associationClasses/index.md
2026-05-19T19:13:07.380Z - [36mverbose[39m: Rendering page: /Users/damithch/Repos/nus-cs2103/cs2103-website-base/book/uml/classDiagrams/abstractClasses/what/index.md
2026-05-19T19:13:07.385Z - [36mverbose[39m: Rendering page: /Users/damithch/Repos/nus-cs2103/cs2103-website-base/book/uml/classDiagrams/aggregation/index.md
2026-05-19T19:13:07.390Z - [36mverbose[39m: Rendering page: /Users/damithch/Repos/nus-cs2103/cs2103-website-base/book/uml/classDiagrams/aggregation/what/index.md
2026-05-19T19:13:07.395Z - [36mverbose[39m: Rendering page: /Users/damithch/Repos/nus-cs2103/cs2103-website-base/book/uml/classDiagrams/abstractClasses/index.md
2026-05-19T19:13:07.496Z - [36mverbose[39m: Rendering page: /Users/damithch/Repos/nus-cs2103/cs2103-website-base/book/uml/activityDiagrams/basicNotations/swimlanes/index.md
2026-05-19T19:13:07.501Z - [36mverbose[39m: Rendering page: /Users/damithch/Repos/nus-cs2103/cs2103-website-base/book/uml/activityDiagrams/index.md
2026-05-19T19:13:07.509Z - [36mverbose[39m: Rendering page: /Users/damithch/Repos/nus-cs2103/cs2103-website-base/book/uml/activityDiagrams/introduction/index.md
2026-05-19T19:13:07.515Z - [36mverbose[39m: Rendering page: /Users/damithch/Repos/nus-cs2103/cs2103-website-base/book/uml/activityDiagrams/introduction/what/index.md
2026-05-19T19:13:07.610Z - [36mverbose[39m: Rendering page: /Users/damithch/Repos/nus-cs2103/cs2103-website-base/book/uml/activityDiagrams/basicNotations/rakes/index.md
2026-05-19T19:13:07.615Z - [36mverbose[39m: Rendering page: /Users/damithch/Repos/nus-cs2103/cs2103-website-base/book/uml/activityDiagrams/basicNotations/parallelPaths/index.md
2026-05-19T19:13:07.622Z - [36mverbose[39m: Rendering page: /Users/damithch/Repos/nus-cs2103/cs2103-website-base/book/uml/activityDiagrams/basicNotations/index.md
2026-05-19T19:13:07.630Z - [36mverbose[39m: Rendering page: /Users/damithch/Repos/nus-cs2103/cs2103-website-base/book/uml/activityDiagrams/basicNotations/linearPaths/index.md
2026-05-19T19:13:07.756Z - [36mverbose[39m: Rendering page: /Users/damithch/Repos/nus-cs2103/cs2103-website-base/book/uml/activityDiagrams/basicNotations/alternatePaths/index.md
2026-05-19T19:13:07.762Z - [36mverbose[39m: Rendering page: /Users/damithch/Repos/nus-cs2103/cs2103-website-base/book/testing/testingTypes/unitTesting/what/index.md
2026-05-19T19:13:07.767Z - [36mverbose[39m: Rendering page: /Users/damithch/Repos/nus-cs2103/cs2103-website-base/book/testing/testingTypes/unitTesting/stubs/index.md
2026-05-19T19:13:07.776Z - [36mverbose[39m: Rendering page: /Users/damithch/Repos/nus-cs2103/cs2103-website-base/book/testing/testingTypes/unitTesting/index.md
2026-05-19T19:13:07.859Z - [36mverbose[39m: Rendering page: /Users/damithch/Repos/nus-cs2103/cs2103-website-base/book/testing/testingTypes/systemTesting/index.md
2026-05-19T19:13:07.866Z - [36mverbose[39m: Rendering page: /Users/damithch/Repos/nus-cs2103/cs2103-website-base/book/testing/testingTypes/systemTesting/what/index.md
2026-05-19T19:13:07.883Z - [36mverbose[39m: Rendering page: /Users/damithch/Repos/nus-cs2103/cs2103-website-base/book/testing/testingTypes/regressionTesting/what/index.md
2026-05-19T19:13:07.890Z - [36mverbose[39m: Rendering page: /Users/damithch/Repos/nus-cs2103/cs2103-website-base/book/testing/testingTypes/regressionTesting/index.md
2026-05-19T19:13:08.086Z - [36mverbose[39m: Rendering page: /Users/damithch/Repos/nus-cs2103/cs2103-website-base/book/testing/testingTypes/integrationTesting/what/index.md
2026-05-19T19:13:08.091Z - [36mverbose[39m: Rendering page: /Users/damithch/Repos/nus-cs2103/cs2103-website-base/book/testing/testingTypes/integrationTesting/index.md
2026-05-19T19:13:08.097Z - [36mverbose[39m: Rendering page: /Users/damithch/Repos/nus-cs2103/cs2103-website-base/book/testing/testingTypes/integrationTesting/how/index.md
2026-05-19T19:13:08.103Z - [36mverbose[39m: Rendering page: /Users/damithch/Repos/nus-cs2103/cs2103-website-base/book/testing/testingTypes/index.md
2026-05-19T19:13:08.205Z - [36mverbose[39m: Rendering page: /Users/damithch/Repos/nus-cs2103/cs2103-website-base/book/testing/testingTypes/exploratoryVsScriptedTesting/what/index.md
2026-05-19T19:13:08.211Z - [36mverbose[39m: Rendering page: /Users/damithch/Repos/nus-cs2103/cs2103-website-base/book/testing/testingTypes/exploratoryVsScriptedTesting/when/index.md
2026-05-19T19:13:08.216Z - [36mverbose[39m: Rendering page: /Users/damithch/Repos/nus-cs2103/cs2103-website-base/book/testing/testingTypes/exploratoryVsScriptedTesting/index.md
2026-05-19T19:13:08.254Z - [36mverbose[39m: Rendering page: /Users/damithch/Repos/nus-cs2103/cs2103-website-base/book/testing/testingTypes/dogfooding/what/index.md
2026-05-19T19:13:08.273Z - [36mverbose[39m: Rendering page: /Users/damithch/Repos/nus-cs2103/cs2103-website-base/book/testing/testingTypes/developerTesting/why/index.md
2026-05-19T19:13:08.278Z - [36mverbose[39m: Rendering page: /Users/damithch/Repos/nus-cs2103/cs2103-website-base/book/testing/testingTypes/dogfooding/index.md
2026-05-19T19:13:08.334Z - [36mverbose[39m: Rendering page: /Users/damithch/Repos/nus-cs2103/cs2103-website-base/book/testing/testingTypes/developerTesting/index.md
2026-05-19T19:13:08.340Z - [36mverbose[39m: Rendering page: /Users/damithch/Repos/nus-cs2103/cs2103-website-base/book/testing/testingTypes/developerTesting/what/index.md
2026-05-19T19:13:08.347Z - [36mverbose[39m: Rendering page: /Users/damithch/Repos/nus-cs2103/cs2103-website-base/book/testing/testingTypes/alphaBetaTesting/what/index.md
2026-05-19T19:13:08.352Z - [36mverbose[39m: Rendering page: /Users/damithch/Repos/nus-cs2103/cs2103-website-base/book/testing/testingTypes/alphaBetaTesting/index.md
2026-05-19T19:13:08.395Z - [36mverbose[39m: Rendering page: /Users/damithch/Repos/nus-cs2103/cs2103-website-base/book/testing/testingTypes/acceptanceTesting/what/index.md
2026-05-19T19:13:08.443Z - [36mverbose[39m: Rendering page: /Users/damithch/Repos/nus-cs2103/cs2103-website-base/book/testing/testingTypes/acceptanceTesting/index.md
2026-05-19T19:13:08.453Z - [36mverbose[39m: Rendering page: /Users/damithch/Repos/nus-cs2103/cs2103-website-base/book/testing/testingTypes/acceptanceTesting/acceptanceVsSystemTesting/index.md
2026-05-19T19:13:08.485Z - [36mverbose[39m: Rendering page: /Users/damithch/Repos/nus-cs2103/cs2103-website-base/book/testing/testCoverage/what/index.md
2026-05-19T19:13:08.504Z - [36mverbose[39m: Rendering page: /Users/damithch/Repos/nus-cs2103/cs2103-website-base/book/testing/testCoverage/index.md
2026-05-19T19:13:08.538Z - [36mverbose[39m: Rendering page: /Users/damithch/Repos/nus-cs2103/cs2103-website-base/book/testing/testCoverage/how/index.md
2026-05-19T19:13:08.564Z - [36mverbose[39m: Rendering page: /Users/damithch/Repos/nus-cs2103/cs2103-website-base/book/testing/testAutomation/what/index.md
2026-05-19T19:13:08.596Z - [36mverbose[39m: Rendering page: /Users/damithch/Repos/nus-cs2103/cs2103-website-base/book/testing/testAutomation/usingTestDrivers/index.md
2026-05-19T19:13:08.626Z - [36mverbose[39m: Rendering page: /Users/damithch/Repos/nus-cs2103/cs2103-website-base/book/testing/testAutomation/tools/index.md
2026-05-19T19:13:08.646Z - [36mverbose[39m: Rendering page: /Users/damithch/Repos/nus-cs2103/cs2103-website-base/book/testing/testAutomation/testingTextUis/index.md
2026-05-19T19:13:08.719Z - [36mverbose[39m: Rendering page: /Users/damithch/Repos/nus-cs2103/cs2103-website-base/book/testing/testAutomation/testingGuis/index.md
2026-05-19T19:13:08.745Z - [36mverbose[39m: Rendering page: /Users/damithch/Repos/nus-cs2103/cs2103-website-base/book/testing/testAutomation/index.md
2026-05-19T19:13:08.763Z - [36mverbose[39m: Rendering page: /Users/damithch/Repos/nus-cs2103/cs2103-website-base/book/testing/tdd/what/index.md
2026-05-19T19:13:08.801Z - [36mverbose[39m: Rendering page: /Users/damithch/Repos/nus-cs2103/cs2103-website-base/book/testing/tdd/index.md
2026-05-19T19:13:08.818Z - [36mverbose[39m: Rendering page: /Users/damithch/Repos/nus-cs2103/cs2103-website-base/book/testing/tdd/how/index.md
2026-05-19T19:13:08.846Z - [36mverbose[39m: Rendering page: /Users/damithch/Repos/nus-cs2103/cs2103-website-base/book/testing/introduction/what/index.md
2026-05-19T19:13:09.148Z - [36mverbose[39m: Rendering page: /Users/damithch/Repos/nus-cs2103/cs2103-website-base/book/testing/introduction/testability/index.md
2026-05-19T19:13:09.153Z - [36mverbose[39m: Rendering page: /Users/damithch/Repos/nus-cs2103/cs2103-website-base/book/testing/introduction/index.md
2026-05-19T19:13:09.310Z - [36mverbose[39m: Rendering page: /Users/damithch/Repos/nus-cs2103/cs2103-website-base/book/testing/dependencyInjection/what/index.md
2026-05-19T19:13:09.316Z - [36mverbose[39m: Rendering page: /Users/damithch/Repos/nus-cs2103/cs2103-website-base/book/testing/index.md
2026-05-19T19:13:09.362Z - [36mverbose[39m: Rendering page: /Users/damithch/Repos/nus-cs2103/cs2103-website-base/book/testing/dependencyInjection/index.md
2026-05-19T19:13:09.374Z - [36mverbose[39m: Rendering page: /Users/damithch/Repos/nus-cs2103/cs2103-website-base/book/testing/dependencyInjection/how/index.md
2026-05-19T19:13:09.428Z - [36mverbose[39m: Rendering page: /Users/damithch/Repos/nus-cs2103/cs2103-website-base/book/testCaseDesign/summary/recap/index.md
2026-05-19T19:13:09.518Z - [36mverbose[39m: Rendering page: /Users/damithch/Repos/nus-cs2103/cs2103-website-base/book/testCaseDesign/summary/index.md
2026-05-19T19:13:09.550Z - [36mverbose[39m: Rendering page: /Users/damithch/Repos/nus-cs2103/cs2103-website-base/book/testCaseDesign/summary/exercises/index.md
2026-05-19T19:13:09.557Z - [36mverbose[39m: Rendering page: /Users/damithch/Repos/nus-cs2103/cs2103-website-base/book/testCaseDesign/more/testingUseCases/index.md
2026-05-19T19:13:09.586Z - [36mverbose[39m: Rendering page: /Users/damithch/Repos/nus-cs2103/cs2103-website-base/book/testCaseDesign/more/index.md
2026-05-19T19:13:09.643Z - [36mverbose[39m: Rendering page: /Users/damithch/Repos/nus-cs2103/cs2103-website-base/book/testCaseDesign/introduction/what/index.md
2026-05-19T19:13:09.662Z - [36mverbose[39m: Rendering page: /Users/damithch/Repos/nus-cs2103/cs2103-website-base/book/testCaseDesign/introduction/index.md
2026-05-19T19:13:09.669Z - [36mverbose[39m: Rendering page: /Users/damithch/Repos/nus-cs2103/cs2103-website-base/book/testCaseDesign/introduction/positiveVsNegative/index.md
2026-05-19T19:13:09.882Z - [36mverbose[39m: Rendering page: /Users/damithch/Repos/nus-cs2103/cs2103-website-base/book/testCaseDesign/introduction/blackVsGlass/index.md
2026-05-19T19:13:09.905Z - [36mverbose[39m: Rendering page: /Users/damithch/Repos/nus-cs2103/cs2103-website-base/book/testCaseDesign/equivalencePartitions/what/index.md
2026-05-19T19:13:09.946Z - [36mverbose[39m: Rendering page: /Users/damithch/Repos/nus-cs2103/cs2103-website-base/book/testCaseDesign/index.md
2026-05-19T19:13:09.970Z - [36mverbose[39m: Rendering page: /Users/damithch/Repos/nus-cs2103/cs2103-website-base/book/testCaseDesign/equivalencePartitions/intermediate/index.md
2026-05-19T19:13:09.984Z - [36mverbose[39m: Rendering page: /Users/damithch/Repos/nus-cs2103/cs2103-website-base/book/testCaseDesign/equivalencePartitions/index.md
2026-05-19T19:13:10.127Z - [36mverbose[39m: Rendering page: /Users/damithch/Repos/nus-cs2103/cs2103-website-base/book/testCaseDesign/combiningTestInputs/why/index.md
2026-05-19T19:13:10.132Z - [36mverbose[39m: Rendering page: /Users/damithch/Repos/nus-cs2103/cs2103-website-base/book/testCaseDesign/equivalencePartitions/basic/index.md
2026-05-19T19:13:10.137Z - [36mverbose[39m: Rendering page: /Users/damithch/Repos/nus-cs2103/cs2103-website-base/book/testCaseDesign/combiningTestInputs/mix/index.md
2026-05-19T19:13:10.181Z - [36mverbose[39m: Rendering page: /Users/damithch/Repos/nus-cs2103/cs2103-website-base/book/testCaseDesign/combiningTestInputs/index.md
2026-05-19T19:13:10.220Z - [36mverbose[39m: Rendering page: /Users/damithch/Repos/nus-cs2103/cs2103-website-base/book/testCaseDesign/combiningTestInputs/heuristicValid/index.md
2026-05-19T19:13:10.253Z - [36mverbose[39m: Rendering page: /Users/damithch/Repos/nus-cs2103/cs2103-website-base/book/testCaseDesign/combiningTestInputs/combinationStrategies/index.md
2026-05-19T19:13:10.270Z - [36mverbose[39m: Rendering page: /Users/damithch/Repos/nus-cs2103/cs2103-website-base/book/testCaseDesign/combiningTestInputs/heuristicInvalid/index.md
2026-05-19T19:13:10.296Z - [36mverbose[39m: Rendering page: /Users/damithch/Repos/nus-cs2103/cs2103-website-base/book/testCaseDesign/boundaryValueAnalysis/what/index.md
2026-05-19T19:13:10.339Z - [36mverbose[39m: Rendering page: /Users/damithch/Repos/nus-cs2103/cs2103-website-base/book/testCaseDesign/boundaryValueAnalysis/how/index.md
2026-05-19T19:13:10.360Z - [36mverbose[39m: Rendering page: /Users/damithch/Repos/nus-cs2103/cs2103-website-base/book/testCaseDesign/boundaryValueAnalysis/index.md
2026-05-19T19:13:10.366Z - [36mverbose[39m: Rendering page: /Users/damithch/Repos/nus-cs2103/cs2103-website-base/book/teamwork/teamStructures/index.md
2026-05-19T19:13:10.373Z - [36mverbose[39m: Rendering page: /Users/damithch/Repos/nus-cs2103/cs2103-website-base/book/teamwork/index.md
2026-05-19T19:13:10.528Z - [36mverbose[39m: Rendering page: /Users/damithch/Repos/nus-cs2103/cs2103-website-base/book/specifyingRequirements/userStories/usage/index.md
2026-05-19T19:13:10.535Z - [36mverbose[39m: Rendering page: /Users/damithch/Repos/nus-cs2103/cs2103-website-base/book/specifyingRequirements/userStories/introduction/index.md
2026-05-19T19:13:10.541Z - [36mverbose[39m: Rendering page: /Users/damithch/Repos/nus-cs2103/cs2103-website-base/book/specifyingRequirements/userStories/index.md
2026-05-19T19:13:10.571Z - [36mverbose[39m: Rendering page: /Users/damithch/Repos/nus-cs2103/cs2103-website-base/book/specifyingRequirements/userStories/details/index.md
2026-05-19T19:13:10.672Z - [36mverbose[39m: Rendering page: /Users/damithch/Repos/nus-cs2103/cs2103-website-base/book/specifyingRequirements/useCases/usage/index.md
2026-05-19T19:13:10.680Z - [36mverbose[39m: Rendering page: /Users/damithch/Repos/nus-cs2103/cs2103-website-base/book/specifyingRequirements/useCases/introduction/index.md
2026-05-19T19:13:10.708Z - [36mverbose[39m: Rendering page: /Users/damithch/Repos/nus-cs2103/cs2103-website-base/book/specifyingRequirements/useCases/index.md
2026-05-19T19:13:10.769Z - [36mverbose[39m: Rendering page: /Users/damithch/Repos/nus-cs2103/cs2103-website-base/book/specifyingRequirements/useCases/identifying/index.md
2026-05-19T19:13:10.801Z - [36mverbose[39m: Rendering page: /Users/damithch/Repos/nus-cs2103/cs2103-website-base/book/specifyingRequirements/useCases/details/index.md
2026-05-19T19:13:10.809Z - [36mverbose[39m: Rendering page: /Users/damithch/Repos/nus-cs2103/cs2103-website-base/book/specifyingRequirements/supplementaryRequirements/what/index.md
2026-05-19T19:13:10.831Z - [36mverbose[39m: Rendering page: /Users/damithch/Repos/nus-cs2103/cs2103-website-base/book/specifyingRequirements/supplementaryRequirements/index.md
2026-05-19T19:13:11.019Z - [36mverbose[39m: Rendering page: /Users/damithch/Repos/nus-cs2103/cs2103-website-base/book/specifyingRequirements/prose/what/index.md
2026-05-19T19:13:11.052Z - [36mverbose[39m: Rendering page: /Users/damithch/Repos/nus-cs2103/cs2103-website-base/book/specifyingRequirements/prose/index.md
2026-05-19T19:13:11.057Z - [36mverbose[39m: Rendering page: /Users/damithch/Repos/nus-cs2103/cs2103-website-base/book/specifyingRequirements/index.md
2026-05-19T19:13:11.093Z - [36mverbose[39m: Rendering page: /Users/damithch/Repos/nus-cs2103/cs2103-website-base/book/specifyingRequirements/glossary/what/index.md
2026-05-19T19:13:11.135Z - [36mverbose[39m: Rendering page: /Users/damithch/Repos/nus-cs2103/cs2103-website-base/book/specifyingRequirements/glossary/index.md
2026-05-19T19:13:11.167Z - [36mverbose[39m: Rendering page: /Users/damithch/Repos/nus-cs2103/cs2103-website-base/book/specifyingRequirements/featureList/what/index.md
2026-05-19T19:13:11.172Z - [36mverbose[39m: Rendering page: /Users/damithch/Repos/nus-cs2103/cs2103-website-base/book/specifyingRequirements/featureList/index.md
2026-05-19T19:13:11.207Z - [36mverbose[39m: Rendering page: /Users/damithch/Repos/nus-cs2103/cs2103-website-base/book/softwareEngineering/introduction/prosAndCons/index.md
2026-05-19T19:13:11.267Z - [36mverbose[39m: Rendering page: /Users/damithch/Repos/nus-cs2103/cs2103-website-base/book/softwareEngineering/introduction/index.md
2026-05-19T19:13:11.290Z - [36mverbose[39m: Rendering page: /Users/damithch/Repos/nus-cs2103/cs2103-website-base/book/softwareEngineering/index.md
2026-05-19T19:13:11.299Z - [36mverbose[39m: Rendering page: /Users/damithch/Repos/nus-cs2103/cs2103-website-base/book/reuse/platforms/what/index.md
2026-05-19T19:13:11.316Z - [36mverbose[39m: Rendering page: /Users/damithch/Repos/nus-cs2103/cs2103-website-base/book/reuse/platforms/index.md
2026-05-19T19:13:11.352Z - [36mverbose[39m: Rendering page: /Users/damithch/Repos/nus-cs2103/cs2103-website-base/book/reuse/libraries/what/index.md
2026-05-19T19:13:11.373Z - [36mverbose[39m: Rendering page: /Users/damithch/Repos/nus-cs2103/cs2103-website-base/book/reuse/libraries/index.md
2026-05-19T19:13:11.379Z - [36mverbose[39m: Rendering page: /Users/damithch/Repos/nus-cs2103/cs2103-website-base/book/reuse/libraries/how/index.md
2026-05-19T19:13:11.395Z - [36mverbose[39m: Rendering page: /Users/damithch/Repos/nus-cs2103/cs2103-website-base/book/reuse/introduction/when/index.md
2026-05-19T19:13:11.504Z - [36mverbose[39m: Rendering page: /Users/damithch/Repos/nus-cs2103/cs2103-website-base/book/reuse/introduction/what/index.md
2026-05-19T19:13:11.514Z - [36mverbose[39m: Rendering page: /Users/damithch/Repos/nus-cs2103/cs2103-website-base/book/reuse/introduction/index.md
2026-05-19T19:13:11.560Z - [36mverbose[39m: Rendering page: /Users/damithch/Repos/nus-cs2103/cs2103-website-base/book/reuse/frameworks/what/index.md
2026-05-19T19:13:11.565Z - [36mverbose[39m: Rendering page: /Users/damithch/Repos/nus-cs2103/cs2103-website-base/book/reuse/index.md
2026-05-19T19:13:11.579Z - [36mverbose[39m: Rendering page: /Users/damithch/Repos/nus-cs2103/cs2103-website-base/book/reuse/frameworks/index.md
2026-05-19T19:13:11.596Z - [36mverbose[39m: Rendering page: /Users/damithch/Repos/nus-cs2103/cs2103-website-base/book/reuse/frameworks/frameworksVsLibraries/index.md
2026-05-19T19:13:11.641Z - [36mverbose[39m: Rendering page: /Users/damithch/Repos/nus-cs2103/cs2103-website-base/book/reuse/cloudComputing/what/index.md
2026-05-19T19:13:11.661Z - [36mverbose[39m: Rendering page: /Users/damithch/Repos/nus-cs2103/cs2103-website-base/book/reuse/cloudComputing/services/index.md
2026-05-19T19:13:11.669Z - [36mverbose[39m: Rendering page: /Users/damithch/Repos/nus-cs2103/cs2103-website-base/book/reuse/cloudComputing/index.md
2026-05-19T19:13:11.697Z - [36mverbose[39m: Rendering page: /Users/damithch/Repos/nus-cs2103/cs2103-website-base/book/reuse/apis/what/index.md
2026-05-19T19:13:11.727Z - [36mverbose[39m: Rendering page: /Users/damithch/Repos/nus-cs2103/cs2103-website-base/book/reuse/apis/index.md
2026-05-19T19:13:11.753Z - [36mverbose[39m: Rendering page: /Users/damithch/Repos/nus-cs2103/cs2103-website-base/book/reuse/apis/designingAPIs/index.md
2026-05-19T19:13:11.819Z - [36mverbose[39m: Rendering page: /Users/damithch/Repos/nus-cs2103/cs2103-website-base/book/requirements/quality/index.md
2026-05-19T19:13:11.824Z - [36mverbose[39m: Rendering page: /Users/damithch/Repos/nus-cs2103/cs2103-website-base/book/requirements/prioritizing/index.md
2026-05-19T19:13:11.842Z - [36mverbose[39m: Rendering page: /Users/damithch/Repos/nus-cs2103/cs2103-website-base/book/requirements/introduction/index.md
2026-05-19T19:13:11.847Z - [36mverbose[39m: Rendering page: /Users/damithch/Repos/nus-cs2103/cs2103-website-base/book/requirements/nonFunctionalRequirements/index.md
2026-05-19T19:13:11.993Z - [36mverbose[39m: Rendering page: /Users/damithch/Repos/nus-cs2103/cs2103-website-base/book/requirements/index.md
2026-05-19T19:13:12.001Z - [36mverbose[39m: Rendering page: /Users/damithch/Repos/nus-cs2103/cs2103-website-base/book/refactoring/when/index.md
2026-05-19T19:13:12.009Z - [36mverbose[39m: Rendering page: /Users/damithch/Repos/nus-cs2103/cs2103-website-base/book/refactoring/what/index.md
2026-05-19T19:13:12.030Z - [36mverbose[39m: Rendering page: /Users/damithch/Repos/nus-cs2103/cs2103-website-base/book/refactoring/index.md
2026-05-19T19:13:12.076Z - [36mverbose[39m: Rendering page: /Users/damithch/Repos/nus-cs2103/cs2103-website-base/book/refactoring/how/index.md
2026-05-19T19:13:12.093Z - [36mverbose[39m: Rendering page: /Users/damithch/Repos/nus-cs2103/cs2103-website-base/book/qualityAssurance/staticAnalysis/what/index.md
2026-05-19T19:13:12.115Z - [36mverbose[39m: Rendering page: /Users/damithch/Repos/nus-cs2103/cs2103-website-base/book/qualityAssurance/introduction/what/index.md
2026-05-19T19:13:12.120Z - [36mverbose[39m: Rendering page: /Users/damithch/Repos/nus-cs2103/cs2103-website-base/book/qualityAssurance/staticAnalysis/index.md
2026-05-19T19:13:12.154Z - [36mverbose[39m: Rendering page: /Users/damithch/Repos/nus-cs2103/cs2103-website-base/book/qualityAssurance/introduction/validationVsVerification/index.md
2026-05-19T19:13:12.217Z - [36mverbose[39m: Rendering page: /Users/damithch/Repos/nus-cs2103/cs2103-website-base/book/qualityAssurance/introduction/index.md
2026-05-19T19:13:12.257Z - [36mverbose[39m: Rendering page: /Users/damithch/Repos/nus-cs2103/cs2103-website-base/book/qualityAssurance/index.md
2026-05-19T19:13:12.266Z - [36mverbose[39m: Rendering page: /Users/damithch/Repos/nus-cs2103/cs2103-website-base/book/qualityAssurance/formalVerification/what/index.md
2026-05-19T19:13:12.279Z - [36mverbose[39m: Rendering page: /Users/damithch/Repos/nus-cs2103/cs2103-website-base/book/qualityAssurance/formalVerification/index.md
2026-05-19T19:13:12.321Z - [36mverbose[39m: Rendering page: /Users/damithch/Repos/nus-cs2103/cs2103-website-base/book/qualityAssurance/codeReviews/what/index.md
2026-05-19T19:13:12.340Z - [36mverbose[39m: Rendering page: /Users/damithch/Repos/nus-cs2103/cs2103-website-base/book/qualityAssurance/codeReviews/index.md
2026-05-19T19:13:12.358Z - [36mverbose[39m: Rendering page: /Users/damithch/Repos/nus-cs2103/cs2103-website-base/book/projectPlanning/workBreakdownStructure/index.md
2026-05-19T19:13:12.364Z - [36mverbose[39m: Rendering page: /Users/damithch/Repos/nus-cs2103/cs2103-website-base/book/projectPlanning/milestones/index.md
2026-05-19T19:13:12.369Z - [36mverbose[39m: Rendering page: /Users/damithch/Repos/nus-cs2103/cs2103-website-base/book/projectPlanning/pertCharts/index.md
2026-05-19T19:13:12.426Z - [36mverbose[39m: Rendering page: /Users/damithch/Repos/nus-cs2103/cs2103-website-base/book/projectPlanning/issueTrackers/index.md
2026-05-19T19:13:12.454Z - [36mverbose[39m: Rendering page: /Users/damithch/Repos/nus-cs2103/cs2103-website-base/book/projectPlanning/index.md
2026-05-19T19:13:12.647Z - [36mverbose[39m: Rendering page: /Users/damithch/Repos/nus-cs2103/cs2103-website-base/book/projectPlanning/ganttCharts/index.md
2026-05-19T19:13:12.653Z - [36mverbose[39m: Rendering page: /Users/damithch/Repos/nus-cs2103/cs2103-website-base/book/projectPlanning/buffers/index.md
2026-05-19T19:13:12.722Z - [36mverbose[39m: Rendering page: /Users/damithch/Repos/nus-cs2103/cs2103-website-base/book/processModels/summary/recap/index.md
2026-05-19T19:13:12.729Z - [36mverbose[39m: Rendering page: /Users/damithch/Repos/nus-cs2103/cs2103-website-base/book/projectDuke/index.md
2026-05-19T19:13:12.757Z - [36mverbose[39m: Rendering page: /Users/damithch/Repos/nus-cs2103/cs2103-website-base/book/processModels/summary/index.md
2026-05-19T19:13:12.786Z - [36mverbose[39m: Rendering page: /Users/damithch/Repos/nus-cs2103/cs2103-website-base/book/processModels/more/index.md
2026-05-19T19:13:12.803Z - [36mverbose[39m: Rendering page: /Users/damithch/Repos/nus-cs2103/cs2103-website-base/book/processModels/more/cmmi/index.md
2026-05-19T19:13:12.821Z - [36mverbose[39m: Rendering page: /Users/damithch/Repos/nus-cs2103/cs2103-website-base/book/processModels/introduction/what/index.md
2026-05-19T19:13:12.828Z - [36mverbose[39m: Rendering page: /Users/damithch/Repos/nus-cs2103/cs2103-website-base/book/processModels/introduction/iterativeModels/index.md
2026-05-19T19:13:12.858Z - [36mverbose[39m: Rendering page: /Users/damithch/Repos/nus-cs2103/cs2103-website-base/book/processModels/introduction/sequentialModels/index.md
2026-05-19T19:13:12.885Z - [36mverbose[39m: Rendering page: /Users/damithch/Repos/nus-cs2103/cs2103-website-base/book/processModels/introduction/index.md
2026-05-19T19:13:12.978Z - [36mverbose[39m: Rendering page: /Users/damithch/Repos/nus-cs2103/cs2103-website-base/book/processModels/introduction/agileModels/index.md
2026-05-19T19:13:13.020Z - [36mverbose[39m: Rendering page: /Users/damithch/Repos/nus-cs2103/cs2103-website-base/book/processModels/index.md
2026-05-19T19:13:13.032Z - [36mverbose[39m: Rendering page: /Users/damithch/Repos/nus-cs2103/cs2103-website-base/book/processModels/exampleProcessModels/xp/index.md
2026-05-19T19:13:13.038Z - [36mverbose[39m: Rendering page: /Users/damithch/Repos/nus-cs2103/cs2103-website-base/book/processModels/exampleProcessModels/unifiedProcess/index.md
2026-05-19T19:13:13.043Z - [36mverbose[39m: Rendering page: /Users/damithch/Repos/nus-cs2103/cs2103-website-base/book/processModels/exampleProcessModels/scrum/index.md
2026-05-19T19:13:13.181Z - [36mverbose[39m: Rendering page: /Users/damithch/Repos/nus-cs2103/cs2103-website-base/book/principles/yagniPrinciple/index.md
2026-05-19T19:13:13.186Z - [36mverbose[39m: Rendering page: /Users/damithch/Repos/nus-cs2103/cs2103-website-base/book/processModels/exampleProcessModels/index.md
2026-05-19T19:13:13.201Z - [36mverbose[39m: Rendering page: /Users/damithch/Repos/nus-cs2103/cs2103-website-base/book/principles/solidPrinciples/index.md
2026-05-19T19:13:13.208Z - [36mverbose[39m: Rendering page: /Users/damithch/Repos/nus-cs2103/cs2103-website-base/book/principles/singleResponsibilityPrinciple/index.md
2026-05-19T19:13:13.375Z - [36mverbose[39m: Rendering page: /Users/damithch/Repos/nus-cs2103/cs2103-website-base/book/principles/separationOfConcernsPrinciple/index.md
2026-05-19T19:13:13.382Z - [36mverbose[39m: Rendering page: /Users/damithch/Repos/nus-cs2103/cs2103-website-base/book/principles/openClosedPrinciple/index.md
2026-05-19T19:13:13.408Z - [36mverbose[39m: Rendering page: /Users/damithch/Repos/nus-cs2103/cs2103-website-base/book/principles/liskovSubstitutionPrinciple/index.md
2026-05-19T19:13:13.457Z - [36mverbose[39m: Rendering page: /Users/damithch/Repos/nus-cs2103/cs2103-website-base/book/principles/review/index.md
2026-05-19T19:13:13.669Z - [36mverbose[39m: Rendering page: /Users/damithch/Repos/nus-cs2103/cs2103-website-base/book/principles/interfaceSegregationPrinciple/index.md
2026-05-19T19:13:13.674Z - [36mverbose[39m: Rendering page: /Users/damithch/Repos/nus-cs2103/cs2103-website-base/book/principles/lawOfDemeter/index.md
2026-05-19T19:13:13.712Z - [36mverbose[39m: Rendering page: /Users/damithch/Repos/nus-cs2103/cs2103-website-base/book/principles/index.md
2026-05-19T19:13:13.749Z - [36mverbose[39m: Rendering page: /Users/damithch/Repos/nus-cs2103/cs2103-website-base/book/principles/dryPrinciple/index.md
2026-05-19T19:13:13.757Z - [36mverbose[39m: Rendering page: /Users/damithch/Repos/nus-cs2103/cs2103-website-base/book/principles/dependencyInversionPrinciple/index.md
2026-05-19T19:13:13.780Z - [36mverbose[39m: Rendering page: /Users/damithch/Repos/nus-cs2103/cs2103-website-base/book/principles/brooksLaw/index.md
2026-05-19T19:13:13.824Z - [36mverbose[39m: Rendering page: /Users/damithch/Repos/nus-cs2103/cs2103-website-base/book/oop/polymorphism/what/index.md
2026-05-19T19:13:13.854Z - [36mverbose[39m: Rendering page: /Users/damithch/Repos/nus-cs2103/cs2103-website-base/book/oop/polymorphism/index.md
2026-05-19T19:13:13.862Z - [36mverbose[39m: Rendering page: /Users/damithch/Repos/nus-cs2103/cs2103-website-base/book/oop/polymorphism/how/index.md
2026-05-19T19:13:13.920Z - [36mverbose[39m: Rendering page: /Users/damithch/Repos/nus-cs2103/cs2103-website-base/book/oop/objects/what/index.md
2026-05-19T19:13:13.949Z - [36mverbose[39m: Rendering page: /Users/damithch/Repos/nus-cs2103/cs2103-website-base/book/oop/objects/encapsulation/index.md
2026-05-19T19:13:13.969Z - [36mverbose[39m: Rendering page: /Users/damithch/Repos/nus-cs2103/cs2103-website-base/book/oop/objects/index.md
2026-05-19T19:13:13.980Z - [36mverbose[39m: Rendering page: /Users/damithch/Repos/nus-cs2103/cs2103-website-base/book/oop/objects/abstraction/index.md
2026-05-19T19:13:13.984Z - [36mverbose[39m: Rendering page: /Users/damithch/Repos/nus-cs2103/cs2103-website-base/book/oop/more/review/index.md
2026-05-19T19:13:14.076Z - [36mverbose[39m: Rendering page: /Users/damithch/Repos/nus-cs2103/cs2103-website-base/book/oop/more/index.md
2026-05-19T19:13:14.083Z - [36mverbose[39m: Rendering page: /Users/damithch/Repos/nus-cs2103/cs2103-website-base/book/oop/more/miscellaneous/index.md
2026-05-19T19:13:14.091Z - [36mverbose[39m: Rendering page: /Users/damithch/Repos/nus-cs2103/cs2103-website-base/book/oop/introduction/what/index.md
2026-05-19T19:13:14.129Z - [36mverbose[39m: Rendering page: /Users/damithch/Repos/nus-cs2103/cs2103-website-base/book/oop/introduction/index.md
2026-05-19T19:13:14.163Z - [36mverbose[39m: Rendering page: /Users/damithch/Repos/nus-cs2103/cs2103-website-base/book/oop/inheritance/what/index.md
2026-05-19T19:13:14.169Z - [36mverbose[39m: Rendering page: /Users/damithch/Repos/nus-cs2103/cs2103-website-base/book/oop/inheritance/substitutability/index.md
2026-05-19T19:13:14.291Z - [36mverbose[39m: Rendering page: /Users/damithch/Repos/nus-cs2103/cs2103-website-base/book/oop/inheritance/overloading/index.md
2026-05-19T19:13:14.297Z - [36mverbose[39m: Rendering page: /Users/damithch/Repos/nus-cs2103/cs2103-website-base/book/oop/inheritance/overriding/index.md
2026-05-19T19:13:14.309Z - [36mverbose[39m: Rendering page: /Users/damithch/Repos/nus-cs2103/cs2103-website-base/book/oop/inheritance/interfaces/index.md
2026-05-19T19:13:14.371Z - [36mverbose[39m: Rendering page: /Users/damithch/Repos/nus-cs2103/cs2103-website-base/book/oop/inheritance/index.md
2026-05-19T19:13:14.672Z - [36mverbose[39m: Rendering page: /Users/damithch/Repos/nus-cs2103/cs2103-website-base/book/oop/inheritance/dynamicAndStaticBinding/index.md
2026-05-19T19:13:14.680Z - [36mverbose[39m: Rendering page: /Users/damithch/Repos/nus-cs2103/cs2103-website-base/book/oop/inheritance/abstractClasses/index.md
2026-05-19T19:13:14.688Z - [36mverbose[39m: Rendering page: /Users/damithch/Repos/nus-cs2103/cs2103-website-base/book/oop/index.md
2026-05-19T19:13:14.719Z - [36mverbose[39m: Rendering page: /Users/damithch/Repos/nus-cs2103/cs2103-website-base/book/oop/classes/what/index.md
2026-05-19T19:13:14.809Z - [36mverbose[39m: Rendering page: /Users/damithch/Repos/nus-cs2103/cs2103-website-base/book/oop/classes/index.md
2026-05-19T19:13:14.824Z - [36mverbose[39m: Rendering page: /Users/damithch/Repos/nus-cs2103/cs2103-website-base/book/oop/classes/enumerations/index.md
2026-05-19T19:13:14.831Z - [36mverbose[39m: Rendering page: /Users/damithch/Repos/nus-cs2103/cs2103-website-base/book/oop/classes/classLevelMembers/index.md
2026-05-19T19:13:14.837Z - [36mverbose[39m: Rendering page: /Users/damithch/Repos/nus-cs2103/cs2103-website-base/book/oop/associations/what/index.md
2026-05-19T19:13:14.958Z - [36mverbose[39m: Rendering page: /Users/damithch/Repos/nus-cs2103/cs2103-website-base/book/oop/associations/navigability/index.md
2026-05-19T19:13:14.988Z - [36mverbose[39m: Rendering page: /Users/damithch/Repos/nus-cs2103/cs2103-website-base/book/oop/associations/multiplicity/index.md
2026-05-19T19:13:14.996Z - [36mverbose[39m: Rendering page: /Users/damithch/Repos/nus-cs2103/cs2103-website-base/book/oop/associations/index.md
2026-05-19T19:13:15.009Z - [36mverbose[39m: Rendering page: /Users/damithch/Repos/nus-cs2103/cs2103-website-base/book/oop/associations/dependencies/index.md
2026-05-19T19:13:15.076Z - [36mverbose[39m: Rendering page: /Users/damithch/Repos/nus-cs2103/cs2103-website-base/book/oop/associations/composition/index.md
2026-05-19T19:13:15.090Z - [36mverbose[39m: Rendering page: /Users/damithch/Repos/nus-cs2103/cs2103-website-base/book/oop/associations/associationClasses/index.md
2026-05-19T19:13:15.095Z - [36mverbose[39m: Rendering page: /Users/damithch/Repos/nus-cs2103/cs2103-website-base/book/modeling/modelingStructures/packageDiagrams/index.md
2026-05-19T19:13:15.100Z - [36mverbose[39m: Rendering page: /Users/damithch/Repos/nus-cs2103/cs2103-website-base/book/oop/associations/aggregation/index.md
2026-05-19T19:13:15.318Z - [36mverbose[39m: Rendering page: /Users/damithch/Repos/nus-cs2103/cs2103-website-base/book/modeling/modelingStructures/ooStructures/index.md
2026-05-19T19:13:15.323Z - [36mverbose[39m: Rendering page: /Users/damithch/Repos/nus-cs2103/cs2103-website-base/book/modeling/modelingStructures/objectOrientedDomainModels/index.md
2026-05-19T19:13:15.329Z - [36mverbose[39m: Rendering page: /Users/damithch/Repos/nus-cs2103/cs2103-website-base/book/modeling/modelingStructures/objectDiagrams/index.md
2026-05-19T19:13:15.336Z - [36mverbose[39m: Rendering page: /Users/damithch/Repos/nus-cs2103/cs2103-website-base/book/modeling/modelingStructures/index.md
2026-05-19T19:13:15.407Z - [36mverbose[39m: Rendering page: /Users/damithch/Repos/nus-cs2103/cs2103-website-base/book/modeling/modelingStructures/deploymentDiagrams/index.md
2026-05-19T19:13:15.417Z - [36mverbose[39m: Rendering page: /Users/damithch/Repos/nus-cs2103/cs2103-website-base/book/modeling/modelingStructures/customisingUml/index.md
2026-05-19T19:13:15.432Z - [36mverbose[39m: Rendering page: /Users/damithch/Repos/nus-cs2103/cs2103-website-base/book/modeling/modelingStructures/componentDiagrams/index.md
2026-05-19T19:13:15.486Z - [36mverbose[39m: Rendering page: /Users/damithch/Repos/nus-cs2103/cs2103-website-base/book/modeling/modelingStructures/compositeStructureDiagrams/index.md
2026-05-19T19:13:15.604Z - [36mverbose[39m: Rendering page: /Users/damithch/Repos/nus-cs2103/cs2103-website-base/book/modeling/modelingStructures/classDiagramsIntermediate/index.md
2026-05-19T19:13:15.614Z - [36mverbose[39m: Rendering page: /Users/damithch/Repos/nus-cs2103/cs2103-website-base/book/modeling/modelingStructures/classDiagramsBasic/index.md
2026-05-19T19:13:15.625Z - [36mverbose[39m: Rendering page: /Users/damithch/Repos/nus-cs2103/cs2103-website-base/book/modeling/modelingStructures/classDiagramsAdvanced/index.md
2026-05-19T19:13:15.645Z - [36mverbose[39m: Rendering page: /Users/damithch/Repos/nus-cs2103/cs2103-website-base/book/modeling/modelingStructures/addingMoreInfo/index.md
2026-05-19T19:13:15.683Z - [36mverbose[39m: Rendering page: /Users/damithch/Repos/nus-cs2103/cs2103-website-base/book/modeling/modelingBehaviors/useCaseDiagrams/index.md
2026-05-19T19:13:15.713Z - [36mverbose[39m: Rendering page: /Users/damithch/Repos/nus-cs2103/cs2103-website-base/book/modeling/modelingBehaviors/timingDiagrams/index.md
2026-05-19T19:13:15.718Z - [36mverbose[39m: Rendering page: /Users/damithch/Repos/nus-cs2103/cs2103-website-base/book/modeling/modelingBehaviors/stateMachineDiagrams/index.md
2026-05-19T19:13:15.749Z - [36mverbose[39m: Rendering page: /Users/damithch/Repos/nus-cs2103/cs2103-website-base/book/modeling/modelingBehaviors/sequenceDiagramsIntermediate/index.md
2026-05-19T19:13:15.785Z - [36mverbose[39m: Rendering page: /Users/damithch/Repos/nus-cs2103/cs2103-website-base/book/modeling/modelingBehaviors/sequenceDiagramsBasic/index.md
2026-05-19T19:13:15.876Z - [36mverbose[39m: Rendering page: /Users/damithch/Repos/nus-cs2103/cs2103-website-base/book/modeling/modelingBehaviors/sequenceDiagramsAdvanced/index.md
2026-05-19T19:13:15.883Z - [36mverbose[39m: Rendering page: /Users/damithch/Repos/nus-cs2103/cs2103-website-base/book/modeling/modelingBehaviors/interactionOverviewDiagrams/index.md
2026-05-19T19:13:15.902Z - [36mverbose[39m: Rendering page: /Users/damithch/Repos/nus-cs2103/cs2103-website-base/book/modeling/modelingBehaviors/index.md
2026-05-19T19:13:15.959Z - [36mverbose[39m: Rendering page: /Users/damithch/Repos/nus-cs2103/cs2103-website-base/book/modeling/modelingBehaviors/communicationDiagrams/index.md
2026-05-19T19:13:15.966Z - [36mverbose[39m: Rendering page: /Users/damithch/Repos/nus-cs2103/cs2103-website-base/book/modeling/modelingBehaviors/activityDiagramsIntermediate/index.md
2026-05-19T19:13:15.987Z - [36mverbose[39m: Rendering page: /Users/damithch/Repos/nus-cs2103/cs2103-website-base/book/modeling/modelingBehaviors/activityDiagrams/index.md
2026-05-19T19:13:16.057Z - [36mverbose[39m: Rendering page: /Users/damithch/Repos/nus-cs2103/cs2103-website-base/book/modeling/modelingASolution/introduction/index.md
2026-05-19T19:13:16.080Z - [36mverbose[39m: Rendering page: /Users/damithch/Repos/nus-cs2103/cs2103-website-base/book/modeling/modelingASolution/intermediate/index.md
2026-05-19T19:13:16.114Z - [36mverbose[39m: Rendering page: /Users/damithch/Repos/nus-cs2103/cs2103-website-base/book/modeling/modelingASolution/index.md
2026-05-19T19:13:16.122Z - [36mverbose[39m: Rendering page: /Users/damithch/Repos/nus-cs2103/cs2103-website-base/book/modeling/modelingASolution/basic/index.md
2026-05-19T19:13:16.144Z - [36mverbose[39m: Rendering page: /Users/damithch/Repos/nus-cs2103/cs2103-website-base/book/modeling/introduction/what/index.md
2026-05-19T19:13:16.213Z - [36mverbose[39m: Rendering page: /Users/damithch/Repos/nus-cs2103/cs2103-website-base/book/modeling/introduction/umlModels/index.md
2026-05-19T19:13:16.528Z - [36mverbose[39m: Rendering page: /Users/damithch/Repos/nus-cs2103/cs2103-website-base/book/modeling/introduction/how/index.md
2026-05-19T19:13:16.536Z - [36mverbose[39m: Rendering page: /Users/damithch/Repos/nus-cs2103/cs2103-website-base/book/modeling/introduction/index.md
2026-05-19T19:13:16.558Z - [36mverbose[39m: Rendering page: /Users/damithch/Repos/nus-cs2103/cs2103-website-base/book/modeling/index.md
2026-05-19T19:13:16.618Z - [36mverbose[39m: Rendering page: /Users/damithch/Repos/nus-cs2103/cs2103-website-base/book/intellij/refactoring/index.md
2026-05-19T19:13:16.653Z - [36mverbose[39m: Rendering page: /Users/damithch/Repos/nus-cs2103/cs2103-website-base/book/intellij/projectSetup/index.md
2026-05-19T19:13:16.658Z - [36mverbose[39m: Rendering page: /Users/damithch/Repos/nus-cs2103/cs2103-website-base/book/intellij/productivityShortcuts/index.md
2026-05-19T19:13:16.674Z - [36mverbose[39m: Rendering page: /Users/damithch/Repos/nus-cs2103/cs2103-website-base/book/intellij/index.md
2026-05-19T19:13:16.691Z - [36mverbose[39m: Rendering page: /Users/damithch/Repos/nus-cs2103/cs2103-website-base/book/intellij/debuggingBasic/index.md
2026-05-19T19:13:16.723Z - [36mverbose[39m: Rendering page: /Users/damithch/Repos/nus-cs2103/cs2103-website-base/book/intellij/codeNavigation/index.md
2026-05-19T19:13:16.786Z - [36mverbose[39m: Rendering page: /Users/damithch/Repos/nus-cs2103/cs2103-website-base/book/integration/more/index.md
2026-05-19T19:13:16.791Z - [36mverbose[39m: Rendering page: /Users/damithch/Repos/nus-cs2103/cs2103-website-base/book/integration/more/review/index.md
2026-05-19T19:13:16.795Z - [36mverbose[39m: Rendering page: /Users/damithch/Repos/nus-cs2103/cs2103-website-base/book/integration/introduction/what/index.md
2026-05-19T19:13:16.800Z - [36mverbose[39m: Rendering page: /Users/damithch/Repos/nus-cs2103/cs2103-website-base/book/integration/introduction/index.md
2026-05-19T19:13:16.911Z - [36mverbose[39m: Rendering page: /Users/damithch/Repos/nus-cs2103/cs2103-website-base/book/integration/index.md
2026-05-19T19:13:16.921Z - [36mverbose[39m: Rendering page: /Users/damithch/Repos/nus-cs2103/cs2103-website-base/book/integration/buildAutomation/what/index.md
2026-05-19T19:13:16.926Z - [36mverbose[39m: Rendering page: /Users/damithch/Repos/nus-cs2103/cs2103-website-base/book/integration/buildAutomation/index.md
2026-05-19T19:13:16.953Z - [36mverbose[39m: Rendering page: /Users/damithch/Repos/nus-cs2103/cs2103-website-base/book/integration/buildAutomation/continuousIntegrationDeployment/index.md
2026-05-19T19:13:17.008Z - [36mverbose[39m: Rendering page: /Users/damithch/Repos/nus-cs2103/cs2103-website-base/book/integration/approaches/topDownVsBottomUp/index.md
2026-05-19T19:13:17.014Z - [36mverbose[39m: Rendering page: /Users/damithch/Repos/nus-cs2103/cs2103-website-base/book/integration/approaches/lateVsEarly/index.md
2026-05-19T19:13:17.033Z - [36mverbose[39m: Rendering page: /Users/damithch/Repos/nus-cs2103/cs2103-website-base/book/integration/approaches/index.md
2026-05-19T19:13:17.071Z - [36mverbose[39m: Rendering page: /Users/damithch/Repos/nus-cs2103/cs2103-website-base/book/integration/approaches/bigBangVsIncremental/index.md
2026-05-19T19:13:17.096Z - [36mverbose[39m: Rendering page: /Users/damithch/Repos/nus-cs2103/cs2103-website-base/book/index.md
2026-05-19T19:13:17.144Z - [36mverbose[39m: Rendering page: /Users/damithch/Repos/nus-cs2103/cs2103-website-base/book/ides/introduction/what/index.md
2026-05-19T19:13:17.164Z - [36mverbose[39m: Rendering page: /Users/damithch/Repos/nus-cs2103/cs2103-website-base/book/ides/introduction/index.md
2026-05-19T19:13:17.169Z - [36mverbose[39m: Rendering page: /Users/damithch/Repos/nus-cs2103/cs2103-website-base/book/ides/index.md
2026-05-19T19:13:17.240Z - [36mverbose[39m: Rendering page: /Users/damithch/Repos/nus-cs2103/cs2103-website-base/book/ides/debugging/what/index.md
2026-05-19T19:13:17.245Z - [36mverbose[39m: Rendering page: /Users/damithch/Repos/nus-cs2103/cs2103-website-base/book/ides/debugging/index.md
2026-05-19T19:13:17.252Z - [36mverbose[39m: Rendering page: /Users/damithch/Repos/nus-cs2103/cs2103-website-base/book/gitAndGithub/trail/workingWithRemotes/index.md
2026-05-19T19:13:17.269Z - [36mverbose[39m: Rendering page: /Users/damithch/Repos/nus-cs2103/cs2103-website-base/book/gitAndGithub/trail/usingRevisionHistory/index.md
2026-05-19T19:13:17.458Z - [36mverbose[39m: Rendering page: /Users/damithch/Repos/nus-cs2103/cs2103-website-base/book/gitAndGithub/trail/remoteBranches/index.md
2026-05-19T19:13:17.463Z - [36mverbose[39m: Rendering page: /Users/damithch/Repos/nus-cs2103/cs2103-website-base/book/gitAndGithub/trail/syncingBranches/index.md
2026-05-19T19:13:17.474Z - [36mverbose[39m: Rendering page: /Users/damithch/Repos/nus-cs2103/cs2103-website-base/book/gitAndGithub/trail/recordingFolderHistory/index.md
2026-05-19T19:13:17.504Z - [36mverbose[39m: Rendering page: /Users/damithch/Repos/nus-cs2103/cs2103-website-base/book/gitAndGithub/trail/index.md
2026-05-19T19:13:17.514Z - [36mverbose[39m: Rendering page: /Users/damithch/Repos/nus-cs2103/cs2103-website-base/book/gitAndGithub/trail/fineTuningHistory/index.md
2026-05-19T19:13:17.542Z - [36mverbose[39m: Rendering page: /Users/damithch/Repos/nus-cs2103/cs2103-website-base/book/gitAndGithub/trail/branchingLocally/index.md
2026-05-19T19:13:17.607Z - [36mverbose[39m: Rendering page: /Users/damithch/Repos/nus-cs2103/cs2103-website-base/book/gitAndGithub/trail/backingUpOnCloud/index.md
2026-05-19T19:13:17.611Z - [36mverbose[39m: Rendering page: /Users/damithch/Repos/nus-cs2103/cs2103-website-base/book/gitAndGithub/template/index.md
2026-05-19T19:13:17.735Z - [36mverbose[39m: Rendering page: /Users/damithch/Repos/nus-cs2103/cs2103-website-base/book/gitAndGithub/tag/index.md
2026-05-19T19:13:17.748Z - [36mverbose[39m: Rendering page: /Users/damithch/Repos/nus-cs2103/cs2103-website-base/book/gitAndGithub/syncByRebase/index.md
2026-05-19T19:13:17.804Z - [36mverbose[39m: Rendering page: /Users/damithch/Repos/nus-cs2103/cs2103-website-base/book/gitAndGithub/syncByMerge/index.md
2026-05-19T19:13:17.847Z - [36mverbose[39m: Rendering page: /Users/damithch/Repos/nus-cs2103/cs2103-website-base/book/gitAndGithub/stage/index.md
2026-05-19T19:13:17.872Z - [36mverbose[39m: Rendering page: /Users/damithch/Repos/nus-cs2103/cs2103-website-base/book/gitAndGithub/show/index.md
2026-05-19T19:13:17.902Z - [36mverbose[39m: Rendering page: /Users/damithch/Repos/nus-cs2103/cs2103-website-base/book/gitAndGithub/setRemote/index.md
2026-05-19T19:13:17.926Z - [36mverbose[39m: Rendering page: /Users/damithch/Repos/nus-cs2103/cs2103-website-base/book/gitAndGithub/selectiveStage/index.md
2026-05-19T19:13:17.963Z - [36mverbose[39m: Rendering page: /Users/damithch/Repos/nus-cs2103/cs2103-website-base/book/gitAndGithub/reviewPRs/index.md
2026-05-19T19:13:18.062Z - [36mverbose[39m: Rendering page: /Users/damithch/Repos/nus-cs2103/cs2103-website-base/book/gitAndGithub/revert/index.md
2026-05-19T19:13:18.097Z - [36mverbose[39m: Rendering page: /Users/damithch/Repos/nus-cs2103/cs2103-website-base/book/gitAndGithub/reset/index.md
2026-05-19T19:13:18.110Z - [36mverbose[39m: Rendering page: /Users/damithch/Repos/nus-cs2103/cs2103-website-base/book/gitAndGithub/remoteBranches/index.md
2026-05-19T19:13:18.118Z - [36mverbose[39m: Rendering page: /Users/damithch/Repos/nus-cs2103/cs2103-website-base/book/gitAndGithub/remoteRepos/index.md
2026-05-19T19:13:18.206Z - [36mverbose[39m: Rendering page: /Users/damithch/Repos/nus-cs2103/cs2103-website-base/book/gitAndGithub/remoteBranchRename/index.md
2026-05-19T19:13:18.213Z - [36mverbose[39m: Rendering page: /Users/damithch/Repos/nus-cs2103/cs2103-website-base/book/gitAndGithub/remoteBranchPush/index.md
2026-05-19T19:13:18.220Z - [36mverbose[39m: Rendering page: /Users/damithch/Repos/nus-cs2103/cs2103-website-base/book/gitAndGithub/remoteBranchPull/index.md
2026-05-19T19:13:18.227Z - [36mverbose[39m: Rendering page: /Users/damithch/Repos/nus-cs2103/cs2103-website-base/book/gitAndGithub/remoteBranchDelete/index.md
2026-05-19T19:13:18.434Z - [36mverbose[39m: Rendering page: /Users/damithch/Repos/nus-cs2103/cs2103-website-base/book/gitAndGithub/push/index.md
2026-05-19T19:13:18.446Z - [36mverbose[39m: Rendering page: /Users/damithch/Repos/nus-cs2103/cs2103-website-base/book/gitAndGithub/pull/index.md
2026-05-19T19:13:18.469Z - [36mverbose[39m: Rendering page: /Users/damithch/Repos/nus-cs2103/cs2103-website-base/book/gitAndGithub/mergeConflicts/index.md
2026-05-19T19:13:18.476Z - [36mverbose[39m: Rendering page: /Users/damithch/Repos/nus-cs2103/cs2103-website-base/book/gitAndGithub/merge/index.md
2026-05-19T19:13:18.600Z - [36mverbose[39m: Rendering page: /Users/damithch/Repos/nus-cs2103/cs2103-website-base/book/gitAndGithub/managePRs/index.md
2026-05-19T19:13:18.608Z - [36mverbose[39m: Rendering page: /Users/damithch/Repos/nus-cs2103/cs2103-website-base/book/gitAndGithub/log/index.md
2026-05-19T19:13:18.619Z - [36mverbose[39m: Rendering page: /Users/damithch/Repos/nus-cs2103/cs2103-website-base/book/gitAndGithub/intro/index.md
2026-05-19T19:13:18.624Z - [36mverbose[39m: Rendering page: /Users/damithch/Repos/nus-cs2103/cs2103-website-base/book/gitAndGithub/interactiveRebase/index.md
2026-05-19T19:13:19.266Z - [36mverbose[39m: Rendering page: /Users/damithch/Repos/nus-cs2103/cs2103-website-base/book/gitAndGithub/init/index.md
2026-05-19T19:13:19.281Z - [36mverbose[39m: Rendering page: /Users/damithch/Repos/nus-cs2103/cs2103-website-base/book/gitAndGithub/index.md
2026-05-19T19:13:19.347Z - [36mverbose[39m: Rendering page: /Users/damithch/Repos/nus-cs2103/cs2103-website-base/book/gitAndGithub/ignore/index.md
2026-05-19T19:13:19.398Z - [36mverbose[39m: Rendering page: /Users/damithch/Repos/nus-cs2103/cs2103-website-base/book/gitAndGithub/githubPrep/index.md
2026-05-19T19:13:19.443Z - [36mverbose[39m: Rendering page: /Users/damithch/Repos/nus-cs2103/cs2103-website-base/book/gitAndGithub/gitPrep/index.md
2026-05-19T19:13:19.481Z - [36mverbose[39m: Rendering page: /Users/damithch/Repos/nus-cs2103/cs2103-website-base/book/gitAndGithub/forkingWorkflow/index.md
2026-05-19T19:13:19.488Z - [36mverbose[39m: Rendering page: /Users/damithch/Repos/nus-cs2103/cs2103-website-base/book/gitAndGithub/fork/index.md
2026-05-19T19:13:19.507Z - [36mverbose[39m: Rendering page: /Users/damithch/Repos/nus-cs2103/cs2103-website-base/book/gitAndGithub/featureBranchFlow/index.md
2026-05-19T19:13:19.579Z - [36mverbose[39m: Rendering page: /Users/damithch/Repos/nus-cs2103/cs2103-website-base/book/gitAndGithub/drcsVsCrcs/index.md
2026-05-19T19:13:19.588Z - [36mverbose[39m: Rendering page: /Users/damithch/Repos/nus-cs2103/cs2103-website-base/book/gitAndGithub/diff/index.md
2026-05-19T19:13:19.596Z - [36mverbose[39m: Rendering page: /Users/damithch/Repos/nus-cs2103/cs2103-website-base/book/gitAndGithub/createRemoteRepo/index.md
2026-05-19T19:13:19.626Z - [36mverbose[39m: Rendering page: /Users/damithch/Repos/nus-cs2103/cs2103-website-base/book/gitAndGithub/createPRs/index.md
2026-05-19T19:13:19.696Z - [36mverbose[39m: Rendering page: /Users/damithch/Repos/nus-cs2103/cs2103-website-base/book/gitAndGithub/commitMessage/index.md
2026-05-19T19:13:19.717Z - [36mverbose[39m: Rendering page: /Users/damithch/Repos/nus-cs2103/cs2103-website-base/book/gitAndGithub/commit/index.md
2026-05-19T19:13:19.727Z - [36mverbose[39m: Rendering page: /Users/damithch/Repos/nus-cs2103/cs2103-website-base/book/gitAndGithub/clone/index.md
2026-05-19T19:13:19.780Z - [36mverbose[39m: Rendering page: /Users/damithch/Repos/nus-cs2103/cs2103-website-base/book/gitAndGithub/cherryPick/index.md
2026-05-19T19:13:19.828Z - [36mverbose[39m: Rendering page: /Users/damithch/Repos/nus-cs2103/cs2103-website-base/book/gitAndGithub/checkout/index.md
2026-05-19T19:13:19.880Z - [36mverbose[39m: Rendering page: /Users/damithch/Repos/nus-cs2103/cs2103-website-base/book/gitAndGithub/centralizedFlow/index.md
2026-05-19T19:13:19.886Z - [36mverbose[39m: Rendering page: /Users/damithch/Repos/nus-cs2103/cs2103-website-base/book/gitAndGithub/branchRename/index.md
2026-05-19T19:13:19.937Z - [36mverbose[39m: Rendering page: /Users/damithch/Repos/nus-cs2103/cs2103-website-base/book/gitAndGithub/branchDelete/index.md
2026-05-19T19:13:19.974Z - [36mverbose[39m: Rendering page: /Users/damithch/Repos/nus-cs2103/cs2103-website-base/book/gitAndGithub/branch/index.md
2026-05-19T19:13:19.999Z - [36mverbose[39m: Rendering page: /Users/damithch/Repos/nus-cs2103/cs2103-website-base/book/gatheringRequirements/userSurveys/index.md
2026-05-19T19:13:20.003Z - [36mverbose[39m: Rendering page: /Users/damithch/Repos/nus-cs2103/cs2103-website-base/book/gatheringRequirements/prototyping/index.md
2026-05-19T19:13:20.021Z - [36mverbose[39m: Rendering page: /Users/damithch/Repos/nus-cs2103/cs2103-website-base/book/gatheringRequirements/productSurveys/index.md
2026-05-19T19:13:20.079Z - [36mverbose[39m: Rendering page: /Users/damithch/Repos/nus-cs2103/cs2103-website-base/book/gatheringRequirements/observation/index.md
2026-05-19T19:13:20.103Z - [36mverbose[39m: Rendering page: /Users/damithch/Repos/nus-cs2103/cs2103-website-base/book/gatheringRequirements/interviews/index.md
2026-05-19T19:13:20.108Z - [36mverbose[39m: Rendering page: /Users/damithch/Repos/nus-cs2103/cs2103-website-base/book/gatheringRequirements/index.md
2026-05-19T19:13:20.135Z - [36mverbose[39m: Rendering page: /Users/damithch/Repos/nus-cs2103/cs2103-website-base/book/gatheringRequirements/focusGroups/index.md
2026-05-19T19:13:20.203Z - [36mverbose[39m: Rendering page: /Users/damithch/Repos/nus-cs2103/cs2103-website-base/book/gatheringRequirements/brainstorming/index.md
2026-05-19T19:13:20.227Z - [36mverbose[39m: Rendering page: /Users/damithch/Repos/nus-cs2103/cs2103-website-base/book/errorHandling/logging/what/index.md
2026-05-19T19:13:20.233Z - [36mverbose[39m: Rendering page: /Users/damithch/Repos/nus-cs2103/cs2103-website-base/book/errorHandling/logging/index.md
2026-05-19T19:13:20.267Z - [36mverbose[39m: Rendering page: /Users/damithch/Repos/nus-cs2103/cs2103-website-base/book/errorHandling/logging/how/index.md
2026-05-19T19:13:20.272Z - [36mverbose[39m: Rendering page: /Users/damithch/Repos/nus-cs2103/cs2103-website-base/book/errorHandling/introduction/what/index.md
2026-05-19T19:13:20.476Z - [36mverbose[39m: Rendering page: /Users/damithch/Repos/nus-cs2103/cs2103-website-base/book/errorHandling/introduction/index.md
2026-05-19T19:13:20.506Z - [36mverbose[39m: Rendering page: /Users/damithch/Repos/nus-cs2103/cs2103-website-base/book/errorHandling/index.md
2026-05-19T19:13:20.530Z - [36mverbose[39m: Rendering page: /Users/damithch/Repos/nus-cs2103/cs2103-website-base/book/errorHandling/exceptions/when/index.md
2026-05-19T19:13:20.559Z - [36mverbose[39m: Rendering page: /Users/damithch/Repos/nus-cs2103/cs2103-website-base/book/errorHandling/exceptions/what/index.md
2026-05-19T19:13:20.616Z - [36mverbose[39m: Rendering page: /Users/damithch/Repos/nus-cs2103/cs2103-website-base/book/errorHandling/exceptions/index.md
2026-05-19T19:13:20.623Z - [36mverbose[39m: Rendering page: /Users/damithch/Repos/nus-cs2103/cs2103-website-base/book/errorHandling/exceptions/how/index.md
2026-05-19T19:13:20.629Z - [36mverbose[39m: Rendering page: /Users/damithch/Repos/nus-cs2103/cs2103-website-base/book/errorHandling/designByContract/what/index.md
2026-05-19T19:13:20.664Z - [36mverbose[39m: Rendering page: /Users/damithch/Repos/nus-cs2103/cs2103-website-base/book/errorHandling/designByContract/index.md
2026-05-19T19:13:20.671Z - [36mverbose[39m: Rendering page: /Users/damithch/Repos/nus-cs2103/cs2103-website-base/book/errorHandling/defensiveProgramming/when/index.md
2026-05-19T19:13:20.840Z - [36mverbose[39m: Rendering page: /Users/damithch/Repos/nus-cs2103/cs2103-website-base/book/errorHandling/defensiveProgramming/what/index.md
2026-05-19T19:13:20.888Z - [36mverbose[39m: Rendering page: /Users/damithch/Repos/nus-cs2103/cs2103-website-base/book/errorHandling/defensiveProgramming/referentialIntegrity/index.md
2026-05-19T19:13:20.915Z - [36mverbose[39m: Rendering page: /Users/damithch/Repos/nus-cs2103/cs2103-website-base/book/errorHandling/defensiveProgramming/index.md
2026-05-19T19:13:20.948Z - [36mverbose[39m: Rendering page: /Users/damithch/Repos/nus-cs2103/cs2103-website-base/book/errorHandling/defensiveProgramming/compulsoryAssociations/index.md
2026-05-19T19:13:20.975Z - [36mverbose[39m: Rendering page: /Users/damithch/Repos/nus-cs2103/cs2103-website-base/book/errorHandling/defensiveProgramming/1to1Associations/index.md
2026-05-19T19:13:20.997Z - [36mverbose[39m: Rendering page: /Users/damithch/Repos/nus-cs2103/cs2103-website-base/book/errorHandling/assertions/when/index.md
2026-05-19T19:13:21.052Z - [36mverbose[39m: Rendering page: /Users/damithch/Repos/nus-cs2103/cs2103-website-base/book/errorHandling/assertions/what/index.md
2026-05-19T19:13:21.068Z - [36mverbose[39m: Rendering page: /Users/damithch/Repos/nus-cs2103/cs2103-website-base/book/errorHandling/assertions/index.md
2026-05-19T19:13:21.077Z - [36mverbose[39m: Rendering page: /Users/damithch/Repos/nus-cs2103/cs2103-website-base/book/errorHandling/assertions/how/index.md
2026-05-19T19:13:21.122Z - [36mverbose[39m: Rendering page: /Users/damithch/Repos/nus-cs2103/cs2103-website-base/book/documentation/tools/markdown/what/index.md
2026-05-19T19:13:21.128Z - [36mverbose[39m: Rendering page: /Users/damithch/Repos/nus-cs2103/cs2103-website-base/book/documentation/tools/markdown/index.md
2026-05-19T19:13:21.162Z - [36mverbose[39m: Rendering page: /Users/damithch/Repos/nus-cs2103/cs2103-website-base/book/documentation/tools/javaDoc/what/index.md
2026-05-19T19:13:21.169Z - [36mverbose[39m: Rendering page: /Users/damithch/Repos/nus-cs2103/cs2103-website-base/book/documentation/tools/markdown/how/index.md
2026-05-19T19:13:21.241Z - [36mverbose[39m: Rendering page: /Users/damithch/Repos/nus-cs2103/cs2103-website-base/book/documentation/tools/javaDoc/index.md
2026-05-19T19:13:21.257Z - [36mverbose[39m: Rendering page: /Users/damithch/Repos/nus-cs2103/cs2103-website-base/book/documentation/tools/javaDoc/how/index.md
2026-05-19T19:13:21.263Z - [36mverbose[39m: Rendering page: /Users/damithch/Repos/nus-cs2103/cs2103-website-base/book/documentation/tools/index.md
2026-05-19T19:13:21.285Z - [36mverbose[39m: Rendering page: /Users/damithch/Repos/nus-cs2103/cs2103-website-base/book/documentation/tools/asciiDoc/what/index.md
2026-05-19T19:13:21.413Z - [36mverbose[39m: Rendering page: /Users/damithch/Repos/nus-cs2103/cs2103-website-base/book/documentation/tools/asciiDoc/index.md
2026-05-19T19:13:21.428Z - [36mverbose[39m: Rendering page: /Users/damithch/Repos/nus-cs2103/cs2103-website-base/book/documentation/introduction/what/index.md
2026-05-19T19:13:21.434Z - [36mverbose[39m: Rendering page: /Users/damithch/Repos/nus-cs2103/cs2103-website-base/book/documentation/introduction/index.md
2026-05-19T19:13:21.478Z - [36mverbose[39m: Rendering page: /Users/damithch/Repos/nus-cs2103/cs2103-website-base/book/documentation/index.md
2026-05-19T19:13:21.514Z - [36mverbose[39m: Rendering page: /Users/damithch/Repos/nus-cs2103/cs2103-website-base/book/documentation/guidelines/index.md
2026-05-19T19:13:21.548Z - [36mverbose[39m: Rendering page: /Users/damithch/Repos/nus-cs2103/cs2103-website-base/book/documentation/guidelines/goTopDown/why/index.md
2026-05-19T19:13:21.555Z - [36mverbose[39m: Rendering page: /Users/damithch/Repos/nus-cs2103/cs2103-website-base/book/documentation/guidelines/goTopDown/what/index.md
2026-05-19T19:13:21.574Z - [36mverbose[39m: Rendering page: /Users/damithch/Repos/nus-cs2103/cs2103-website-base/book/documentation/guidelines/goTopDown/index.md
2026-05-19T19:13:21.604Z - [36mverbose[39m: Rendering page: /Users/damithch/Repos/nus-cs2103/cs2103-website-base/book/documentation/guidelines/goTopDown/how/index.md
2026-05-19T19:13:21.637Z - [36mverbose[39m: Rendering page: /Users/damithch/Repos/nus-cs2103/cs2103-website-base/book/documentation/guidelines/documentMinimally/what/index.md
2026-05-19T19:13:21.647Z - [36mverbose[39m: Rendering page: /Users/damithch/Repos/nus-cs2103/cs2103-website-base/book/documentation/guidelines/documentMinimally/index.md
2026-05-19T19:13:21.654Z - [36mverbose[39m: Rendering page: /Users/damithch/Repos/nus-cs2103/cs2103-website-base/book/documentation/guidelines/documentMinimally/how/index.md
2026-05-19T19:13:21.660Z - [36mverbose[39m: Rendering page: /Users/damithch/Repos/nus-cs2103/cs2103-website-base/book/documentation/guidelines/aimForComprehensibility/what/index.md
2026-05-19T19:13:21.761Z - [36mverbose[39m: Rendering page: /Users/damithch/Repos/nus-cs2103/cs2103-website-base/book/documentation/guidelines/aimForComprehensibility/index.md
2026-05-19T19:13:21.769Z - [36mverbose[39m: Rendering page: /Users/damithch/Repos/nus-cs2103/cs2103-website-base/book/documentation/guidelines/aimForComprehensibility/how/index.md
2026-05-19T19:13:21.774Z - [36mverbose[39m: Rendering page: /Users/damithch/Repos/nus-cs2103/cs2103-website-base/book/designPatterns/singleton/what/index.md
2026-05-19T19:13:21.798Z - [36mverbose[39m: Rendering page: /Users/damithch/Repos/nus-cs2103/cs2103-website-base/book/designPatterns/singleton/index.md
2026-05-19T19:13:21.846Z - [36mverbose[39m: Rendering page: /Users/damithch/Repos/nus-cs2103/cs2103-website-base/book/designPatterns/singleton/implementation/index.md
2026-05-19T19:13:21.884Z - [36mverbose[39m: Rendering page: /Users/damithch/Repos/nus-cs2103/cs2103-website-base/book/designPatterns/singleton/evaluation/index.md
2026-05-19T19:13:21.890Z - [36mverbose[39m: Rendering page: /Users/damithch/Repos/nus-cs2103/cs2103-website-base/book/designPatterns/observer/what/index.md
2026-05-19T19:13:21.908Z - [36mverbose[39m: Rendering page: /Users/damithch/Repos/nus-cs2103/cs2103-website-base/book/designPatterns/observer/index.md
2026-05-19T19:13:21.928Z - [36mverbose[39m: Rendering page: /Users/damithch/Repos/nus-cs2103/cs2103-website-base/book/designPatterns/more/vsPrinciples/index.md
2026-05-19T19:13:21.963Z - [36mverbose[39m: Rendering page: /Users/damithch/Repos/nus-cs2103/cs2103-website-base/book/designPatterns/more/usingDesignPatterns/index.md
2026-05-19T19:13:21.997Z - [36mverbose[39m: Rendering page: /Users/damithch/Repos/nus-cs2103/cs2103-website-base/book/designPatterns/more/otherDesignPatterns/index.md
2026-05-19T19:13:22.004Z - [36mverbose[39m: Rendering page: /Users/damithch/Repos/nus-cs2103/cs2103-website-base/book/designPatterns/more/otherTypesOfPatterns/index.md
2026-05-19T19:13:22.023Z - [36mverbose[39m: Rendering page: /Users/damithch/Repos/nus-cs2103/cs2103-website-base/book/designPatterns/more/index.md
2026-05-19T19:13:22.067Z - [36mverbose[39m: Rendering page: /Users/damithch/Repos/nus-cs2103/cs2103-website-base/book/designPatterns/more/combiningDesignPatterns/index.md
2026-05-19T19:13:22.072Z - [36mverbose[39m: Rendering page: /Users/damithch/Repos/nus-cs2103/cs2103-website-base/book/designPatterns/modelViewController/index.md
2026-05-19T19:13:22.095Z - [36mverbose[39m: Rendering page: /Users/damithch/Repos/nus-cs2103/cs2103-website-base/book/designPatterns/modelViewController/what/index.md
2026-05-19T19:13:22.296Z - [36mverbose[39m: Rendering page: /Users/damithch/Repos/nus-cs2103/cs2103-website-base/book/designPatterns/introduction/what/index.md
2026-05-19T19:13:22.304Z - [36mverbose[39m: Rendering page: /Users/damithch/Repos/nus-cs2103/cs2103-website-base/book/designPatterns/introduction/index.md
2026-05-19T19:13:22.311Z - [36mverbose[39m: Rendering page: /Users/damithch/Repos/nus-cs2103/cs2103-website-base/book/designPatterns/index.md
2026-05-19T19:13:22.329Z - [36mverbose[39m: Rendering page: /Users/damithch/Repos/nus-cs2103/cs2103-website-base/book/designPatterns/introduction/format/index.md
2026-05-19T19:13:22.403Z - [36mverbose[39m: Rendering page: /Users/damithch/Repos/nus-cs2103/cs2103-website-base/book/designPatterns/facade/what/index.md
2026-05-19T19:13:22.411Z - [36mverbose[39m: Rendering page: /Users/damithch/Repos/nus-cs2103/cs2103-website-base/book/designPatterns/command/what/index.md
2026-05-19T19:13:22.418Z - [36mverbose[39m: Rendering page: /Users/damithch/Repos/nus-cs2103/cs2103-website-base/book/designPatterns/facade/index.md
2026-05-19T19:13:22.424Z - [36mverbose[39m: Rendering page: /Users/damithch/Repos/nus-cs2103/cs2103-website-base/book/designPatterns/command/index.md
2026-05-19T19:13:22.582Z - [36mverbose[39m: Rendering page: /Users/damithch/Repos/nus-cs2103/cs2103-website-base/book/designPatterns/abstractionOccurrence/what/index.md
2026-05-19T19:13:22.591Z - [36mverbose[39m: Rendering page: /Users/damithch/Repos/nus-cs2103/cs2103-website-base/book/designFundamentals/index.md
2026-05-19T19:13:22.601Z - [36mverbose[39m: Rendering page: /Users/damithch/Repos/nus-cs2103/cs2103-website-base/book/designPatterns/abstractionOccurrence/index.md
2026-05-19T19:13:22.607Z - [36mverbose[39m: Rendering page: /Users/damithch/Repos/nus-cs2103/cs2103-website-base/book/designFundamentals/coupling/what/index.md
2026-05-19T19:13:22.703Z - [36mverbose[39m: Rendering page: /Users/damithch/Repos/nus-cs2103/cs2103-website-base/book/designFundamentals/coupling/types/index.md
2026-05-19T19:13:22.708Z - [36mverbose[39m: Rendering page: /Users/damithch/Repos/nus-cs2103/cs2103-website-base/book/designFundamentals/coupling/index.md
2026-05-19T19:13:22.715Z - [36mverbose[39m: Rendering page: /Users/damithch/Repos/nus-cs2103/cs2103-website-base/book/designFundamentals/coupling/how/index.md
2026-05-19T19:13:22.721Z - [36mverbose[39m: Rendering page: /Users/damithch/Repos/nus-cs2103/cs2103-website-base/book/designFundamentals/cohesion/what/index.md
2026-05-19T19:13:22.805Z - [36mverbose[39m: Rendering page: /Users/damithch/Repos/nus-cs2103/cs2103-website-base/book/designFundamentals/cohesion/index.md
2026-05-19T19:13:22.820Z - [36mverbose[39m: Rendering page: /Users/damithch/Repos/nus-cs2103/cs2103-website-base/book/designFundamentals/cohesion/how/index.md
2026-05-19T19:13:22.839Z - [36mverbose[39m: Rendering page: /Users/damithch/Repos/nus-cs2103/cs2103-website-base/book/designFundamentals/abstraction/what/index.md
2026-05-19T19:13:22.844Z - [36mverbose[39m: Rendering page: /Users/damithch/Repos/nus-cs2103/cs2103-website-base/book/designFundamentals/abstraction/index.md
2026-05-19T19:13:22.893Z - [36mverbose[39m: Rendering page: /Users/damithch/Repos/nus-cs2103/cs2103-website-base/book/designApproaches/topDownBottomUp/what/index.md
2026-05-19T19:13:22.899Z - [36mverbose[39m: Rendering page: /Users/damithch/Repos/nus-cs2103/cs2103-website-base/book/designApproaches/multilevelDesign/what/index.md
2026-05-19T19:13:22.935Z - [36mverbose[39m: Rendering page: /Users/damithch/Repos/nus-cs2103/cs2103-website-base/book/designApproaches/topDownBottomUp/index.md
2026-05-19T19:13:22.941Z - [36mverbose[39m: Rendering page: /Users/damithch/Repos/nus-cs2103/cs2103-website-base/book/designApproaches/multilevelDesign/index.md
2026-05-19T19:13:22.982Z - [36mverbose[39m: Rendering page: /Users/damithch/Repos/nus-cs2103/cs2103-website-base/book/designApproaches/index.md
2026-05-19T19:13:23.004Z - [36mverbose[39m: Rendering page: /Users/damithch/Repos/nus-cs2103/cs2103-website-base/book/design/introduction/what/index.md
2026-05-19T19:13:23.008Z - [36mverbose[39m: Rendering page: /Users/damithch/Repos/nus-cs2103/cs2103-website-base/book/designApproaches/agileDesign/index.md
2026-05-19T19:13:23.013Z - [36mverbose[39m: Rendering page: /Users/damithch/Repos/nus-cs2103/cs2103-website-base/book/designApproaches/agileDesign/what/index.md
2026-05-19T19:13:23.499Z - [36mverbose[39m: Rendering page: /Users/damithch/Repos/nus-cs2103/cs2103-website-base/book/design/introduction/index.md
2026-05-19T19:13:23.511Z - [36mverbose[39m: Rendering page: /Users/damithch/Repos/nus-cs2103/cs2103-website-base/book/design/index.md
2026-05-19T19:13:23.522Z - [36mverbose[39m: Rendering page: /Users/damithch/Repos/nus-cs2103/cs2103-website-base/book/cppToJava/usefulClasses/stringClass/index.md
2026-05-19T19:13:23.542Z - [36mverbose[39m: Rendering page: /Users/damithch/Repos/nus-cs2103/cs2103-website-base/book/cppToJava/usefulClasses/wrapperClasses/index.md
2026-05-19T19:13:23.806Z - [36mverbose[39m: Rendering page: /Users/damithch/Repos/nus-cs2103/cs2103-website-base/book/cppToJava/usefulClasses/scannerClass/index.md
2026-05-19T19:13:23.819Z - [36mverbose[39m: Rendering page: /Users/damithch/Repos/nus-cs2103/cs2103-website-base/book/cppToJava/usefulClasses/arraysClass/index.md
2026-05-19T19:13:23.826Z - [36mverbose[39m: Rendering page: /Users/damithch/Repos/nus-cs2103/cs2103-website-base/book/cppToJava/usefulClasses/index.md
2026-05-19T19:13:23.873Z - [36mverbose[39m: Rendering page: /Users/damithch/Repos/nus-cs2103/cs2103-website-base/book/cppToJava/usefulClasses/api/index.md
2026-05-19T19:13:23.879Z - [36mverbose[39m: Rendering page: /Users/damithch/Repos/nus-cs2103/cs2103-website-base/book/cppToJava/objects/usingObjects/index.md
2026-05-19T19:13:24.056Z - [36mverbose[39m: Rendering page: /Users/damithch/Repos/nus-cs2103/cs2103-website-base/book/cppToJava/objects/passingObjects/index.md
2026-05-19T19:13:24.065Z - [36mverbose[39m: Rendering page: /Users/damithch/Repos/nus-cs2103/cs2103-website-base/book/cppToJava/objects/instanceMembers/index.md
2026-05-19T19:13:24.074Z - [36mverbose[39m: Rendering page: /Users/damithch/Repos/nus-cs2103/cs2103-website-base/book/cppToJava/objects/index.md
2026-05-19T19:13:24.093Z - [36mverbose[39m: Rendering page: /Users/damithch/Repos/nus-cs2103/cs2103-website-base/book/cppToJava/objects/garbageCollection/index.md
2026-05-19T19:13:24.204Z - [36mverbose[39m: Rendering page: /Users/damithch/Repos/nus-cs2103/cs2103-website-base/book/cppToJava/misc/varargs/index.md
2026-05-19T19:13:24.209Z - [36mverbose[39m: Rendering page: /Users/damithch/Repos/nus-cs2103/cs2103-website-base/book/cppToJava/misc/packages/index.md
2026-05-19T19:13:24.216Z - [36mverbose[39m: Rendering page: /Users/damithch/Repos/nus-cs2103/cs2103-website-base/book/cppToJava/misc/streams/index.md
2026-05-19T19:13:24.258Z - [36mverbose[39m: Rendering page: /Users/damithch/Repos/nus-cs2103/cs2103-website-base/book/cppToJava/misc/javaFX/part02/index.md
2026-05-19T19:13:24.294Z - [36mverbose[39m: Rendering page: /Users/damithch/Repos/nus-cs2103/cs2103-website-base/book/cppToJava/misc/javaFX/part01/index.md
2026-05-19T19:13:24.440Z - [36mverbose[39m: Rendering page: /Users/damithch/Repos/nus-cs2103/cs2103-website-base/book/cppToJava/misc/javaFX/index.md
2026-05-19T19:13:24.446Z - [36mverbose[39m: Rendering page: /Users/damithch/Repos/nus-cs2103/cs2103-website-base/book/cppToJava/misc/jar/index.md
2026-05-19T19:13:24.481Z - [36mverbose[39m: Rendering page: /Users/damithch/Repos/nus-cs2103/cs2103-website-base/book/cppToJava/misc/index.md
2026-05-19T19:13:24.501Z - [36mverbose[39m: Rendering page: /Users/damithch/Repos/nus-cs2103/cs2103-website-base/book/cppToJava/misc/fileAccess/index.md
2026-05-19T19:13:24.599Z - [36mverbose[39m: Rendering page: /Users/damithch/Repos/nus-cs2103/cs2103-website-base/book/cppToJava/misc/enums/index.md
2026-05-19T19:13:24.605Z - [36mverbose[39m: Rendering page: /Users/damithch/Repos/nus-cs2103/cs2103-website-base/book/cppToJava/misc/constants/index.md
2026-05-19T19:13:24.612Z - [36mverbose[39m: Rendering page: /Users/damithch/Repos/nus-cs2103/cs2103-website-base/book/cppToJava/misc/casting/index.md
2026-05-19T19:13:24.619Z - [36mverbose[39m: Rendering page: /Users/damithch/Repos/nus-cs2103/cs2103-website-base/book/cppToJava/misc/accessModifiers/index.md
2026-05-19T19:13:24.704Z - [36mverbose[39m: Rendering page: /Users/damithch/Repos/nus-cs2103/cs2103-website-base/book/cppToJava/junit/intermediate/index.md
2026-05-19T19:13:24.724Z - [36mverbose[39m: Rendering page: /Users/damithch/Repos/nus-cs2103/cs2103-website-base/book/cppToJava/junit/index.md
2026-05-19T19:13:24.731Z - [36mverbose[39m: Rendering page: /Users/damithch/Repos/nus-cs2103/cs2103-website-base/book/cppToJava/junit/basic/index.md
2026-05-19T19:13:24.760Z - [36mverbose[39m: Rendering page: /Users/damithch/Repos/nus-cs2103/cs2103-website-base/book/cppToJava/javaWorld/what/index.md
2026-05-19T19:13:24.781Z - [36mverbose[39m: Rendering page: /Users/damithch/Repos/nus-cs2103/cs2103-website-base/book/cppToJava/javaWorld/index.md
2026-05-19T19:13:24.852Z - [36mverbose[39m: Rendering page: /Users/damithch/Repos/nus-cs2103/cs2103-website-base/book/cppToJava/javaWorld/how/index.md
2026-05-19T19:13:24.900Z - [36mverbose[39m: Rendering page: /Users/damithch/Repos/nus-cs2103/cs2103-website-base/book/cppToJava/javaWorld/editions/index.md
2026-05-19T19:13:24.909Z - [36mverbose[39m: Rendering page: /Users/damithch/Repos/nus-cs2103/cs2103-website-base/book/cppToJava/inheritance/polymorphism/index.md
2026-05-19T19:13:25.186Z - [36mverbose[39m: Rendering page: /Users/damithch/Repos/nus-cs2103/cs2103-website-base/book/cppToJava/inheritance/objectClass/index.md
2026-05-19T19:13:25.267Z - [36mverbose[39m: Rendering page: /Users/damithch/Repos/nus-cs2103/cs2103-website-base/book/cppToJava/inheritance/interfaces/index.md
2026-05-19T19:13:25.277Z - [36mverbose[39m: Rendering page: /Users/damithch/Repos/nus-cs2103/cs2103-website-base/book/cppToJava/inheritance/index.md
2026-05-19T19:13:25.350Z - [36mverbose[39m: Rendering page: /Users/damithch/Repos/nus-cs2103/cs2103-website-base/book/cppToJava/inheritance/basic/index.md
2026-05-19T19:13:26.880Z - [36mverbose[39m: Rendering page: /Users/damithch/Repos/nus-cs2103/cs2103-website-base/book/cppToJava/inheritance/abstractClassesAndMethods/index.md
2026-05-19T19:13:26.904Z - [36mverbose[39m: Rendering page: /Users/damithch/Repos/nus-cs2103/cs2103-website-base/book/cppToJava/index.md
2026-05-19T19:13:27.040Z - [36mverbose[39m: Rendering page: /Users/damithch/Repos/nus-cs2103/cs2103-website-base/book/cppToJava/gettingStarted/running/index.md
2026-05-19T19:13:27.049Z - [36mverbose[39m: Rendering page: /Users/damithch/Repos/nus-cs2103/cs2103-website-base/book/cppToJava/gettingStarted/installation/index.md
2026-05-19T19:13:27.155Z - [36mverbose[39m: Rendering page: /Users/damithch/Repos/nus-cs2103/cs2103-website-base/book/cppToJava/gettingStarted/index.md
2026-05-19T19:13:27.168Z - [36mverbose[39m: Rendering page: /Users/damithch/Repos/nus-cs2103/cs2103-website-base/book/cppToJava/gettingStarted/helloWorld/index.md
2026-05-19T19:13:27.183Z - [36mverbose[39m: Rendering page: /Users/damithch/Repos/nus-cs2103/cs2103-website-base/book/cppToJava/gettingStarted/compiling/index.md
2026-05-19T19:13:27.234Z - [36mverbose[39m: Rendering page: /Users/damithch/Repos/nus-cs2103/cs2103-website-base/book/cppToJava/generics/what/index.md
2026-05-19T19:13:27.292Z - [36mverbose[39m: Rendering page: /Users/damithch/Repos/nus-cs2103/cs2103-website-base/book/cppToJava/generics/index.md
2026-05-19T19:13:27.353Z - [36mverbose[39m: Rendering page: /Users/damithch/Repos/nus-cs2103/cs2103-website-base/book/cppToJava/generics/how/index.md
2026-05-19T19:13:27.363Z - [36mverbose[39m: Rendering page: /Users/damithch/Repos/nus-cs2103/cs2103-website-base/book/cppToJava/exceptions/what/index.md
2026-05-19T19:13:27.429Z - [36mverbose[39m: Rendering page: /Users/damithch/Repos/nus-cs2103/cs2103-website-base/book/cppToJava/exceptions/index.md
2026-05-19T19:13:27.459Z - [36mverbose[39m: Rendering page: /Users/damithch/Repos/nus-cs2103/cs2103-website-base/book/cppToJava/exceptions/how/index.md
2026-05-19T19:13:27.468Z - [36mverbose[39m: Rendering page: /Users/damithch/Repos/nus-cs2103/cs2103-website-base/book/cppToJava/dataTypes/variables/index.md
2026-05-19T19:13:27.504Z - [36mverbose[39m: Rendering page: /Users/damithch/Repos/nus-cs2103/cs2103-website-base/book/cppToJava/dataTypes/primitiveTypes/index.md
2026-05-19T19:13:27.623Z - [36mverbose[39m: Rendering page: /Users/damithch/Repos/nus-cs2103/cs2103-website-base/book/cppToJava/dataTypes/operators/index.md
2026-05-19T19:13:27.672Z - [36mverbose[39m: Rendering page: /Users/damithch/Repos/nus-cs2103/cs2103-website-base/book/cppToJava/dataTypes/index.md
2026-05-19T19:13:27.684Z - [36mverbose[39m: Rendering page: /Users/damithch/Repos/nus-cs2103/cs2103-website-base/book/cppToJava/dataTypes/arrays/index.md
2026-05-19T19:13:27.742Z - [36mverbose[39m: Rendering page: /Users/damithch/Repos/nus-cs2103/cs2103-website-base/book/cppToJava/controlFlow/methods/index.md
2026-05-19T19:13:27.860Z - [36mverbose[39m: Rendering page: /Users/damithch/Repos/nus-cs2103/cs2103-website-base/book/cppToJava/controlFlow/loops/index.md
2026-05-19T19:13:28.016Z - [36mverbose[39m: Rendering page: /Users/damithch/Repos/nus-cs2103/cs2103-website-base/book/cppToJava/controlFlow/index.md
2026-05-19T19:13:28.039Z - [36mverbose[39m: Rendering page: /Users/damithch/Repos/nus-cs2103/cs2103-website-base/book/cppToJava/collections/what/index.md
2026-05-19T19:13:28.044Z - [36mverbose[39m: Rendering page: /Users/damithch/Repos/nus-cs2103/cs2103-website-base/book/cppToJava/controlFlow/branching/index.md
2026-05-19T19:13:28.169Z - [36mverbose[39m: Rendering page: /Users/damithch/Repos/nus-cs2103/cs2103-website-base/book/cppToJava/collections/index.md
2026-05-19T19:13:28.434Z - [36mverbose[39m: Rendering page: /Users/damithch/Repos/nus-cs2103/cs2103-website-base/book/cppToJava/collections/hashMapClass/index.md
2026-05-19T19:13:28.445Z - [36mverbose[39m: Rendering page: /Users/damithch/Repos/nus-cs2103/cs2103-website-base/book/cppToJava/collections/arrayListClass/index.md
2026-05-19T19:13:28.479Z - [36mverbose[39m: Rendering page: /Users/damithch/Repos/nus-cs2103/cs2103-website-base/book/cppToJava/classes/index.md
2026-05-19T19:13:28.569Z - [36mverbose[39m: Rendering page: /Users/damithch/Repos/nus-cs2103/cs2103-website-base/book/cppToJava/classes/gettersAndSetters/index.md
2026-05-19T19:13:28.592Z - [36mverbose[39m: Rendering page: /Users/damithch/Repos/nus-cs2103/cs2103-website-base/book/cppToJava/classes/definingClasses/index.md
2026-05-19T19:13:28.613Z - [36mverbose[39m: Rendering page: /Users/damithch/Repos/nus-cs2103/cs2103-website-base/book/cppToJava/classes/classLevelMembers/index.md
2026-05-19T19:13:28.622Z - [36mverbose[39m: Rendering page: /Users/damithch/Repos/nus-cs2103/cs2103-website-base/book/cppToJava/about/index.md
2026-05-19T19:13:28.641Z - [36mverbose[39m: Rendering page: /Users/damithch/Repos/nus-cs2103/cs2103-website-base/book/codeQuality/nameWell/introduction/index.md
2026-05-19T19:13:28.709Z - [36mverbose[39m: Rendering page: /Users/damithch/Repos/nus-cs2103/cs2103-website-base/book/codeQuality/nameWell/intermediate/notTooLongNorShort/index.md
2026-05-19T19:13:28.714Z - [36mverbose[39m: Rendering page: /Users/damithch/Repos/nus-cs2103/cs2103-website-base/book/codeQuality/nameWell/intermediate/useNameExplain/index.md
2026-05-19T19:13:28.720Z - [36mverbose[39m: Rendering page: /Users/damithch/Repos/nus-cs2103/cs2103-website-base/book/codeQuality/nameWell/intermediate/index.md
2026-05-19T19:13:28.726Z - [36mverbose[39m: Rendering page: /Users/damithch/Repos/nus-cs2103/cs2103-website-base/book/codeQuality/nameWell/intermediate/avoidMisleadingNames/index.md
2026-05-19T19:13:28.823Z - [36mverbose[39m: Rendering page: /Users/damithch/Repos/nus-cs2103/cs2103-website-base/book/codeQuality/nameWell/index.md
2026-05-19T19:13:28.833Z - [36mverbose[39m: Rendering page: /Users/damithch/Repos/nus-cs2103/cs2103-website-base/book/codeQuality/nameWell/basic/useStandardWords/index.md
2026-05-19T19:13:28.849Z - [36mverbose[39m: Rendering page: /Users/damithch/Repos/nus-cs2103/cs2103-website-base/book/codeQuality/nameWell/basic/nounsAndVerbsAsNames/index.md
2026-05-19T19:13:28.866Z - [36mverbose[39m: Rendering page: /Users/damithch/Repos/nus-cs2103/cs2103-website-base/book/codeQuality/nameWell/basic/index.md
2026-05-19T19:13:28.939Z - [36mverbose[39m: Rendering page: /Users/damithch/Repos/nus-cs2103/cs2103-website-base/book/codeQuality/maximizeReadability/introduction/index.md
2026-05-19T19:13:28.956Z - [36mverbose[39m: Rendering page: /Users/damithch/Repos/nus-cs2103/cs2103-website-base/book/codeQuality/maximizeReadability/intermediate/structureCodeLogically/index.md
2026-05-19T19:13:28.963Z - [36mverbose[39m: Rendering page: /Users/damithch/Repos/nus-cs2103/cs2103-website-base/book/codeQuality/maximizeReadability/intermediate/practiceKISSing/index.md
2026-05-19T19:13:28.967Z - [36mverbose[39m: Rendering page: /Users/damithch/Repos/nus-cs2103/cs2103-website-base/book/codeQuality/maximizeReadability/intermediate/slapHard/index.md
2026-05-19T19:13:29.159Z - [36mverbose[39m: Rendering page: /Users/damithch/Repos/nus-cs2103/cs2103-website-base/book/codeQuality/maximizeReadability/intermediate/index.md
2026-05-19T19:13:29.169Z - [36mverbose[39m: Rendering page: /Users/damithch/Repos/nus-cs2103/cs2103-website-base/book/codeQuality/maximizeReadability/intermediate/dontTripReader/index.md
2026-05-19T19:13:29.173Z - [36mverbose[39m: Rendering page: /Users/damithch/Repos/nus-cs2103/cs2103-website-base/book/codeQuality/maximizeReadability/index.md
2026-05-19T19:13:29.189Z - [36mverbose[39m: Rendering page: /Users/damithch/Repos/nus-cs2103/cs2103-website-base/book/codeQuality/maximizeReadability/intermediate/avoidPrematureOptimizations/index.md
2026-05-19T19:13:29.297Z - [36mverbose[39m: Rendering page: /Users/damithch/Repos/nus-cs2103/cs2103-website-base/book/codeQuality/maximizeReadability/basic/index.md
2026-05-19T19:13:29.307Z - [36mverbose[39m: Rendering page: /Users/damithch/Repos/nus-cs2103/cs2103-website-base/book/codeQuality/maximizeReadability/basic/makeCodeObvious/index.md
2026-05-19T19:13:29.313Z - [36mverbose[39m: Rendering page: /Users/damithch/Repos/nus-cs2103/cs2103-website-base/book/codeQuality/maximizeReadability/basic/avoidMagicNumbers/index.md
2026-05-19T19:13:29.319Z - [36mverbose[39m: Rendering page: /Users/damithch/Repos/nus-cs2103/cs2103-website-base/book/codeQuality/maximizeReadability/basic/avoidLongMethods/index.md
2026-05-19T19:13:29.408Z - [36mverbose[39m: Rendering page: /Users/damithch/Repos/nus-cs2103/cs2103-website-base/book/codeQuality/maximizeReadability/basic/avoidComplicatedExpressions/index.md
2026-05-19T19:13:29.414Z - [36mverbose[39m: Rendering page: /Users/damithch/Repos/nus-cs2103/cs2103-website-base/book/codeQuality/maximizeReadability/basic/avoidDeepNesting/index.md
2026-05-19T19:13:29.421Z - [36mverbose[39m: Rendering page: /Users/damithch/Repos/nus-cs2103/cs2103-website-base/book/codeQuality/maximizeReadability/advanced/makeHappyPathProminent/index.md
2026-05-19T19:13:29.427Z - [36mverbose[39m: Rendering page: /Users/damithch/Repos/nus-cs2103/cs2103-website-base/book/codeQuality/maximizeReadability/advanced/index.md
2026-05-19T19:13:29.844Z - [36mverbose[39m: Rendering page: /Users/damithch/Repos/nus-cs2103/cs2103-website-base/book/codeQuality/introduction/index.md
2026-05-19T19:13:29.854Z - [36mverbose[39m: Rendering page: /Users/damithch/Repos/nus-cs2103/cs2103-website-base/book/codeQuality/introduction/basic/index.md
2026-05-19T19:13:29.859Z - [36mverbose[39m: Rendering page: /Users/damithch/Repos/nus-cs2103/cs2103-website-base/book/codeQuality/index.md
2026-05-19T19:13:29.896Z - [36mverbose[39m: Rendering page: /Users/damithch/Repos/nus-cs2103/cs2103-website-base/book/codeQuality/followStandard/introduction/index.md
2026-05-19T19:13:30.017Z - [36mverbose[39m: Rendering page: /Users/damithch/Repos/nus-cs2103/cs2103-website-base/book/codeQuality/followStandard/intermediate/index.md
2026-05-19T19:13:30.026Z - [36mverbose[39m: Rendering page: /Users/damithch/Repos/nus-cs2103/cs2103-website-base/book/codeQuality/followStandard/index.md
2026-05-19T19:13:30.036Z - [36mverbose[39m: Rendering page: /Users/damithch/Repos/nus-cs2103/cs2103-website-base/book/codeQuality/followStandard/basic/index.md
2026-05-19T19:13:30.042Z - [36mverbose[39m: Rendering page: /Users/damithch/Repos/nus-cs2103/cs2103-website-base/book/codeQuality/commentMinimally/introduction/index.md
2026-05-19T19:13:30.158Z - [36mverbose[39m: Rendering page: /Users/damithch/Repos/nus-cs2103/cs2103-website-base/book/codeQuality/commentMinimally/intermediate/index.md
2026-05-19T19:13:30.169Z - [36mverbose[39m: Rendering page: /Users/damithch/Repos/nus-cs2103/cs2103-website-base/book/codeQuality/commentMinimally/intermediate/explainWhatWhyNotHow/index.md
2026-05-19T19:13:30.175Z - [36mverbose[39m: Rendering page: /Users/damithch/Repos/nus-cs2103/cs2103-website-base/book/codeQuality/commentMinimally/index.md
2026-05-19T19:13:30.186Z - [36mverbose[39m: Rendering page: /Users/damithch/Repos/nus-cs2103/cs2103-website-base/book/codeQuality/commentMinimally/basic/writeToReader/index.md
2026-05-19T19:13:30.265Z - [36mverbose[39m: Rendering page: /Users/damithch/Repos/nus-cs2103/cs2103-website-base/book/codeQuality/commentMinimally/basic/index.md
2026-05-19T19:13:30.273Z - [36mverbose[39m: Rendering page: /Users/damithch/Repos/nus-cs2103/cs2103-website-base/book/codeQuality/commentMinimally/basic/dontRepeatObvious/index.md
2026-05-19T19:13:30.279Z - [36mverbose[39m: Rendering page: /Users/damithch/Repos/nus-cs2103/cs2103-website-base/book/codeQuality/avoidShortcuts/introduction/index.md
2026-05-19T19:13:30.284Z - [36mverbose[39m: Rendering page: /Users/damithch/Repos/nus-cs2103/cs2103-website-base/book/codeQuality/avoidShortcuts/intermediate/minimiseVariableScope/index.md
2026-05-19T19:13:30.400Z - [36mverbose[39m: Rendering page: /Users/damithch/Repos/nus-cs2103/cs2103-website-base/book/codeQuality/avoidShortcuts/intermediate/minimiseCodeDuplication/index.md
2026-05-19T19:13:30.410Z - [36mverbose[39m: Rendering page: /Users/damithch/Repos/nus-cs2103/cs2103-website-base/book/codeQuality/avoidShortcuts/intermediate/index.md
2026-05-19T19:13:30.416Z - [36mverbose[39m: Rendering page: /Users/damithch/Repos/nus-cs2103/cs2103-website-base/book/codeQuality/avoidShortcuts/index.md
2026-05-19T19:13:30.425Z - [36mverbose[39m: Rendering page: /Users/damithch/Repos/nus-cs2103/cs2103-website-base/book/codeQuality/avoidShortcuts/basic/useDefaultBranch/index.md
2026-05-19T19:13:30.503Z - [36mverbose[39m: Rendering page: /Users/damithch/Repos/nus-cs2103/cs2103-website-base/book/codeQuality/avoidShortcuts/basic/index.md
2026-05-19T19:13:30.523Z - [36mverbose[39m: Rendering page: /Users/damithch/Repos/nus-cs2103/cs2103-website-base/book/codeQuality/avoidShortcuts/basic/dontRecycleVarsOrParams/index.md
2026-05-19T19:13:30.528Z - [36mverbose[39m: Rendering page: /Users/damithch/Repos/nus-cs2103/cs2103-website-base/book/codeQuality/avoidShortcuts/basic/deleteDeadCode/index.md
2026-05-19T19:13:30.551Z - [36mverbose[39m: Rendering page: /Users/damithch/Repos/nus-cs2103/cs2103-website-base/book/codeQuality/avoidShortcuts/basic/avoidEmptyCatchBlocks/index.md
2026-05-19T19:13:30.646Z - [36mverbose[39m: Rendering page: /Users/damithch/Repos/nus-cs2103/cs2103-website-base/book/architecture/introduction/what/index.md
2026-05-19T19:13:30.692Z - [36mverbose[39m: Rendering page: /Users/damithch/Repos/nus-cs2103/cs2103-website-base/book/architecture/index.md
2026-05-19T19:13:30.705Z - [36mverbose[39m: Rendering page: /Users/damithch/Repos/nus-cs2103/cs2103-website-base/book/architecture/introduction/index.md
2026-05-19T19:13:30.731Z - [36mverbose[39m: Rendering page: /Users/damithch/Repos/nus-cs2103/cs2103-website-base/book/architecture/architectureDiagrams/reading/index.md
2026-05-19T19:13:30.749Z - [36mverbose[39m: Rendering page: /Users/damithch/Repos/nus-cs2103/cs2103-website-base/book/architecture/architectureDiagrams/index.md
2026-05-19T19:13:30.777Z - [36mverbose[39m: Rendering page: /Users/damithch/Repos/nus-cs2103/cs2103-website-base/book/architecture/architectureDiagrams/drawing/index.md
2026-05-19T19:13:30.795Z - [36mverbose[39m: Rendering page: /Users/damithch/Repos/nus-cs2103/cs2103-website-base/book/architecture/architecturalStyles/transactionProcessing/what/index.md
2026-05-19T19:13:30.830Z - [36mverbose[39m: Rendering page: /Users/damithch/Repos/nus-cs2103/cs2103-website-base/book/architecture/architecturalStyles/transactionProcessing/index.md
2026-05-19T19:13:30.848Z - [36mverbose[39m: Rendering page: /Users/damithch/Repos/nus-cs2103/cs2103-website-base/book/architecture/architecturalStyles/serviceOriented/what/index.md
2026-05-19T19:13:30.854Z - [36mverbose[39m: Rendering page: /Users/damithch/Repos/nus-cs2103/cs2103-website-base/book/architecture/architecturalStyles/serviceOriented/index.md
2026-05-19T19:13:30.873Z - [36mverbose[39m: Rendering page: /Users/damithch/Repos/nus-cs2103/cs2103-website-base/book/architecture/architecturalStyles/nTier/what/index.md
2026-05-19T19:13:30.923Z - [36mverbose[39m: Rendering page: /Users/damithch/Repos/nus-cs2103/cs2103-website-base/book/architecture/architecturalStyles/nTier/index.md
2026-05-19T19:13:30.947Z - [36mverbose[39m: Rendering page: /Users/damithch/Repos/nus-cs2103/cs2103-website-base/book/architecture/architecturalStyles/more/usingStyles/index.md
2026-05-19T19:13:30.954Z - [36mverbose[39m: Rendering page: /Users/damithch/Repos/nus-cs2103/cs2103-website-base/book/architecture/architecturalStyles/more/moreStyles/index.md
2026-05-19T19:13:30.959Z - [36mverbose[39m: Rendering page: /Users/damithch/Repos/nus-cs2103/cs2103-website-base/book/architecture/architecturalStyles/more/index.md
2026-05-19T19:13:31.058Z - [36mverbose[39m: Rendering page: /Users/damithch/Repos/nus-cs2103/cs2103-website-base/book/architecture/architecturalStyles/introduction/index.md
2026-05-19T19:13:31.065Z - [36mverbose[39m: Rendering page: /Users/damithch/Repos/nus-cs2103/cs2103-website-base/book/architecture/architecturalStyles/introduction/what/index.md
2026-05-19T19:13:31.086Z - [36mverbose[39m: Rendering page: /Users/damithch/Repos/nus-cs2103/cs2103-website-base/book/architecture/architecturalStyles/eventDriven/what/index.md
2026-05-19T19:13:31.091Z - [36mverbose[39m: Rendering page: /Users/damithch/Repos/nus-cs2103/cs2103-website-base/book/architecture/architecturalStyles/index.md
2026-05-19T19:13:31.134Z - [36mverbose[39m: Rendering page: /Users/damithch/Repos/nus-cs2103/cs2103-website-base/book/architecture/architecturalStyles/clientServer/what/index.md
2026-05-19T19:13:31.139Z - [36mverbose[39m: Rendering page: /Users/damithch/Repos/nus-cs2103/cs2103-website-base/book/architecture/architecturalStyles/eventDriven/index.md
2026-05-19T19:13:31.386Z - [36mverbose[39m: Rendering page: /Users/damithch/Repos/nus-cs2103/cs2103-website-base/book/architecture/architecturalStyles/clientServer/index.md
2026-05-19T19:13:31.675Z - [36mverbose[39m: Rendering page: /Users/damithch/Repos/nus-cs2103/cs2103-website-base/se-book-adapted/git-trail/index.md
2026-05-19T19:13:31.794Z - [36mverbose[39m: Rendering page: /Users/damithch/Repos/nus-cs2103/cs2103-website-base/se-book-adapted/projectDuke/index.md
2026-05-19T19:13:31.814Z - [36mverbose[39m: Rendering page: /Users/damithch/Repos/nus-cs2103/cs2103-website-base/book/combined/exercises.md
2026-05-19T19:13:31.958Z - [36mverbose[39m: Rendering page: /Users/damithch/Repos/nus-cs2103/cs2103-website-base/se-book-adapted/common/exercises.md
2026-05-19T19:13:40.482Z - [32minfo[39m: Website generation started at 03:13:39
2026-05-19T19:13:40.866Z - [32minfo[39m: Building assets...
2026-05-19T19:13:42.138Z - [32minfo[39m: Assets built
2026-05-19T19:13:42.139Z - [32minfo[39m: Generating pages...
2026-05-19T19:13:45.287Z - [36mverbose[39m: Rendering page: /Users/damithch/Repos/nus-cs2103/cs2103-website-base/admin/acknowledgements.md
2026-05-19T19:13:45.306Z - [36mverbose[39m: Rendering page: /Users/damithch/Repos/nus-cs2103/cs2103-website-base/admin/appendixA-principles.md
2026-05-19T19:13:45.320Z - [36mverbose[39m: Rendering page: /Users/damithch/Repos/nus-cs2103/cs2103-website-base/admin/appendixB-policies.md
2026-05-19T19:13:45.348Z - [36mverbose[39m: Rendering page: /Users/damithch/Repos/nus-cs2103/cs2103-website-base/admin/appendixC-faq.md
2026-05-19T19:13:48.439Z - [34mdebug[39m: 
2026-05-19T19:13:48.460Z - [34mdebug[39m: 
2026-05-19T19:13:50.835Z - [34mdebug[39m: 
2026-05-19T19:13:50.835Z - [34mdebug[39m: 
2026-05-19T19:13:50.835Z - [34mdebug[39m: 
2026-05-19T19:13:50.836Z - [34mdebug[39m: 
2026-05-19T19:13:50.836Z - [34mdebug[39m: 
2026-05-19T19:13:50.836Z - [34mdebug[39m: 
2026-05-19T19:13:50.836Z - [34mdebug[39m: 
2026-05-19T19:13:50.836Z - [34mdebug[39m: 
2026-05-19T19:13:50.836Z - [34mdebug[39m: 
2026-05-19T19:13:50.836Z - [34mdebug[39m: 
2026-05-19T19:13:50.836Z - [34mdebug[39m: 
2026-05-19T19:13:50.836Z - [34mdebug[39m: 
2026-05-19T19:13:50.836Z - [34mdebug[39m: 
2026-05-19T19:13:50.836Z - [34mdebug[39m: 
2026-05-19T19:13:50.836Z - [34mdebug[39m: 
2026-05-19T19:13:50.836Z - [34mdebug[39m: 
2026-05-19T19:13:50.836Z - [36mverbose[39m: Rendering page: /Users/damithch/Repos/nus-cs2103/cs2103-website-base/book/uml/stereotypes/what/index.md
2026-05-19T19:13:50.848Z - [36mverbose[39m: Rendering page: /Users/damithch/Repos/nus-cs2103/cs2103-website-base/se-book-adapted/print.md
2026-05-19T19:13:50.997Z - [36mverbose[39m: Rendering page: /Users/damithch/Repos/nus-cs2103/cs2103-website-base/index.md
2026-05-19T19:13:51.005Z - [36mverbose[39m: Rendering page: /Users/damithch/Repos/nus-cs2103/cs2103-website-base/book/uml/stereotypes/index.md
2026-05-19T19:13:51.067Z - [36mverbose[39m: Rendering page: /Users/damithch/Repos/nus-cs2103/cs2103-website-base/book/uml/sequenceDiagrams/selfInvocation/index.md
2026-05-19T19:13:51.073Z - [36mverbose[39m: Rendering page: /Users/damithch/Repos/nus-cs2103/cs2103-website-base/book/uml/sequenceDiagrams/staticMethods/index.md
2026-05-19T19:13:51.079Z - [36mverbose[39m: Rendering page: /Users/damithch/Repos/nus-cs2103/cs2103-website-base/book/uml/sequenceDiagrams/referenceFrames/index.md
2026-05-19T19:13:51.083Z - [36mverbose[39m: Rendering page: /Users/damithch/Repos/nus-cs2103/cs2103-website-base/book/uml/sequenceDiagrams/parallelPaths/index.md
2026-05-19T19:13:51.140Z - [36mverbose[39m: Rendering page: /Users/damithch/Repos/nus-cs2103/cs2103-website-base/book/uml/sequenceDiagrams/optionalPaths/index.md
2026-05-19T19:13:51.146Z - [36mverbose[39m: Rendering page: /Users/damithch/Repos/nus-cs2103/cs2103-website-base/book/uml/sequenceDiagrams/objectDeletion/index.md
2026-05-19T19:13:51.151Z - [36mverbose[39m: Rendering page: /Users/damithch/Repos/nus-cs2103/cs2103-website-base/book/uml/sequenceDiagrams/objectCreation/index.md
2026-05-19T19:13:51.156Z - [36mverbose[39m: Rendering page: /Users/damithch/Repos/nus-cs2103/cs2103-website-base/book/uml/sequenceDiagrams/minimalNotation/index.md
2026-05-19T19:13:51.252Z - [36mverbose[39m: Rendering page: /Users/damithch/Repos/nus-cs2103/cs2103-website-base/book/uml/sequenceDiagrams/introduction/index.md
2026-05-19T19:13:51.257Z - [36mverbose[39m: Rendering page: /Users/damithch/Repos/nus-cs2103/cs2103-website-base/book/uml/sequenceDiagrams/loops/index.md
2026-05-19T19:13:51.264Z - [36mverbose[39m: Rendering page: /Users/damithch/Repos/nus-cs2103/cs2103-website-base/book/uml/sequenceDiagrams/index.md
2026-05-19T19:13:51.275Z - [36mverbose[39m: Rendering page: /Users/damithch/Repos/nus-cs2103/cs2103-website-base/book/uml/sequenceDiagrams/basic/index.md
2026-05-19T19:13:51.344Z - [36mverbose[39m: Rendering page: /Users/damithch/Repos/nus-cs2103/cs2103-website-base/book/uml/sequenceDiagrams/alternativePaths/index.md
2026-05-19T19:13:51.349Z - [36mverbose[39m: Rendering page: /Users/damithch/Repos/nus-cs2103/cs2103-website-base/book/uml/objectDiagrams/objects/index.md
2026-05-19T19:13:51.355Z - [36mverbose[39m: Rendering page: /Users/damithch/Repos/nus-cs2103/cs2103-website-base/book/uml/objectDiagrams/introduction/index.md
2026-05-19T19:13:51.361Z - [36mverbose[39m: Rendering page: /Users/damithch/Repos/nus-cs2103/cs2103-website-base/book/uml/objectDiagrams/index.md
2026-05-19T19:13:51.419Z - [36mverbose[39m: Rendering page: /Users/damithch/Repos/nus-cs2103/cs2103-website-base/book/uml/objectDiagrams/associations/index.md
2026-05-19T19:13:51.425Z - [36mverbose[39m: Rendering page: /Users/damithch/Repos/nus-cs2103/cs2103-website-base/book/uml/notes/notes/index.md
2026-05-19T19:13:51.431Z - [36mverbose[39m: Rendering page: /Users/damithch/Repos/nus-cs2103/cs2103-website-base/book/uml/notes/index.md
2026-05-19T19:13:52.795Z - [34mdebug[39m: 
2026-05-19T19:13:53.049Z - [34mdebug[39m: 
2026-05-19T19:13:53.076Z - [34mdebug[39m: 
2026-05-19T19:13:53.231Z - [34mdebug[39m: 
2026-05-19T19:13:53.231Z - [34mdebug[39m: 
2026-05-19T19:13:53.231Z - [34mdebug[39m: 
2026-05-19T19:13:53.256Z - [36mverbose[39m: Rendering page: /Users/damithch/Repos/nus-cs2103/cs2103-website-base/book/uml/notes/constraints/index.md
2026-05-19T19:13:53.341Z - [36mverbose[39m: Rendering page: /Users/damithch/Repos/nus-cs2103/cs2103-website-base/book/uml/miscellaneous/objectVsClassDiagrams/index.md
2026-05-19T19:13:53.351Z - [36mverbose[39m: Rendering page: /Users/damithch/Repos/nus-cs2103/cs2103-website-base/book/uml/miscellaneous/index.md
2026-05-19T19:13:53.374Z - [36mverbose[39m: Rendering page: /Users/damithch/Repos/nus-cs2103/cs2103-website-base/book/uml/index.md
2026-05-19T19:13:53.536Z - [36mverbose[39m: Rendering page: /Users/damithch/Repos/nus-cs2103/cs2103-website-base/book/uml/classDiagrams/introduction/what/index.md
2026-05-19T19:13:53.547Z - [36mverbose[39m: Rendering page: /Users/damithch/Repos/nus-cs2103/cs2103-website-base/book/uml/classDiagrams/introduction/index.md
2026-05-19T19:13:53.559Z - [36mverbose[39m: Rendering page: /Users/damithch/Repos/nus-cs2103/cs2103-website-base/book/uml/classDiagrams/interfaces/what/index.md
2026-05-19T19:13:53.573Z - [36mverbose[39m: Rendering page: /Users/damithch/Repos/nus-cs2103/cs2103-website-base/book/uml/classDiagrams/interfaces/index.md
2026-05-19T19:13:53.893Z - [36mverbose[39m: Rendering page: /Users/damithch/Repos/nus-cs2103/cs2103-website-base/book/uml/classDiagrams/index.md
2026-05-19T19:13:53.925Z - [36mverbose[39m: Rendering page: /Users/damithch/Repos/nus-cs2103/cs2103-website-base/book/uml/classDiagrams/enumerations/what/index.md
2026-05-19T19:13:53.937Z - [36mverbose[39m: Rendering page: /Users/damithch/Repos/nus-cs2103/cs2103-website-base/book/uml/classDiagrams/enumerations/index.md
2026-05-19T19:13:53.946Z - [36mverbose[39m: Rendering page: /Users/damithch/Repos/nus-cs2103/cs2103-website-base/book/uml/classDiagrams/dependencies/what/index.md
2026-05-19T19:13:54.025Z - [36mverbose[39m: Rendering page: /Users/damithch/Repos/nus-cs2103/cs2103-website-base/book/uml/classDiagrams/dependencies/index.md
2026-05-19T19:13:54.031Z - [36mverbose[39m: Rendering page: /Users/damithch/Repos/nus-cs2103/cs2103-website-base/book/uml/classDiagrams/composition/what/index.md
2026-05-19T19:13:54.036Z - [36mverbose[39m: Rendering page: /Users/damithch/Repos/nus-cs2103/cs2103-website-base/book/uml/classDiagrams/composition/index.md
2026-05-19T19:13:54.041Z - [36mverbose[39m: Rendering page: /Users/damithch/Repos/nus-cs2103/cs2103-website-base/book/uml/classDiagrams/combine/index.md
2026-05-19T19:13:54.150Z - [36mverbose[39m: Rendering page: /Users/damithch/Repos/nus-cs2103/cs2103-website-base/book/uml/classDiagrams/combine/basic/index.md
2026-05-19T19:13:54.157Z - [36mverbose[39m: Rendering page: /Users/damithch/Repos/nus-cs2103/cs2103-website-base/book/uml/classDiagrams/classes/what/index.md
2026-05-19T19:13:54.164Z - [36mverbose[39m: Rendering page: /Users/damithch/Repos/nus-cs2103/cs2103-website-base/book/uml/classDiagrams/classLevelMembers/what/index.md
2026-05-19T19:13:54.169Z - [36mverbose[39m: Rendering page: /Users/damithch/Repos/nus-cs2103/cs2103-website-base/book/uml/classDiagrams/classes/index.md
2026-05-19T19:13:54.217Z - [36mverbose[39m: Rendering page: /Users/damithch/Repos/nus-cs2103/cs2103-website-base/book/uml/classDiagrams/classLevelMembers/index.md
2026-05-19T19:13:54.235Z - [36mverbose[39m: Rendering page: /Users/damithch/Repos/nus-cs2103/cs2103-website-base/book/uml/classDiagrams/classInheritance/what/index.md
2026-05-19T19:13:54.242Z - [36mverbose[39m: Rendering page: /Users/damithch/Repos/nus-cs2103/cs2103-website-base/book/uml/classDiagrams/classInheritance/index.md
2026-05-19T19:13:54.261Z - [36mverbose[39m: Rendering page: /Users/damithch/Repos/nus-cs2103/cs2103-website-base/book/uml/classDiagrams/associationsAsAttributes/what/index.md
2026-05-19T19:13:54.317Z - [36mverbose[39m: Rendering page: /Users/damithch/Repos/nus-cs2103/cs2103-website-base/book/uml/classDiagrams/associationsAsAttributes/index.md
2026-05-19T19:13:54.323Z - [36mverbose[39m: Rendering page: /Users/damithch/Repos/nus-cs2103/cs2103-website-base/book/uml/classDiagrams/associations/what/index.md
2026-05-19T19:13:54.330Z - [36mverbose[39m: Rendering page: /Users/damithch/Repos/nus-cs2103/cs2103-website-base/book/uml/classDiagrams/associations/roles/index.md
2026-05-19T19:13:54.351Z - [36mverbose[39m: Rendering page: /Users/damithch/Repos/nus-cs2103/cs2103-website-base/book/uml/classDiagrams/associations/navigability/index.md
2026-05-19T19:13:54.414Z - [36mverbose[39m: Rendering page: /Users/damithch/Repos/nus-cs2103/cs2103-website-base/book/uml/classDiagrams/associations/multiplicity/index.md
2026-05-19T19:13:54.432Z - [36mverbose[39m: Rendering page: /Users/damithch/Repos/nus-cs2103/cs2103-website-base/book/uml/classDiagrams/associations/labels/index.md
2026-05-19T19:13:54.438Z - [36mverbose[39m: Rendering page: /Users/damithch/Repos/nus-cs2103/cs2103-website-base/book/uml/classDiagrams/associations/index.md
2026-05-19T19:13:54.463Z - [36mverbose[39m: Rendering page: /Users/damithch/Repos/nus-cs2103/cs2103-website-base/book/uml/classDiagrams/associationClasses/what/index.md
2026-05-19T19:13:54.500Z - [36mverbose[39m: Rendering page: /Users/damithch/Repos/nus-cs2103/cs2103-website-base/book/uml/classDiagrams/aggregation/what/index.md
2026-05-19T19:13:54.506Z - [36mverbose[39m: Rendering page: /Users/damithch/Repos/nus-cs2103/cs2103-website-base/book/uml/classDiagrams/associationClasses/index.md
2026-05-19T19:13:54.523Z - [36mverbose[39m: Rendering page: /Users/damithch/Repos/nus-cs2103/cs2103-website-base/book/uml/classDiagrams/aggregation/index.md
2026-05-19T19:13:54.554Z - [36mverbose[39m: Rendering page: /Users/damithch/Repos/nus-cs2103/cs2103-website-base/book/uml/classDiagrams/abstractClasses/what/index.md
2026-05-19T19:13:54.574Z - [36mverbose[39m: Rendering page: /Users/damithch/Repos/nus-cs2103/cs2103-website-base/book/uml/classDiagrams/abstractClasses/index.md
2026-05-19T19:13:54.579Z - [36mverbose[39m: Rendering page: /Users/damithch/Repos/nus-cs2103/cs2103-website-base/book/uml/activityDiagrams/introduction/what/index.md
2026-05-19T19:13:54.626Z - [36mverbose[39m: Rendering page: /Users/damithch/Repos/nus-cs2103/cs2103-website-base/book/uml/activityDiagrams/introduction/index.md
2026-05-19T19:13:54.652Z - [36mverbose[39m: Rendering page: /Users/damithch/Repos/nus-cs2103/cs2103-website-base/book/uml/activityDiagrams/index.md
2026-05-19T19:13:54.678Z - [36mverbose[39m: Rendering page: /Users/damithch/Repos/nus-cs2103/cs2103-website-base/book/uml/activityDiagrams/basicNotations/rakes/index.md
2026-05-19T19:13:54.683Z - [36mverbose[39m: Rendering page: /Users/damithch/Repos/nus-cs2103/cs2103-website-base/book/uml/activityDiagrams/basicNotations/swimlanes/index.md
2026-05-19T19:13:54.702Z - [36mverbose[39m: Rendering page: /Users/damithch/Repos/nus-cs2103/cs2103-website-base/book/uml/activityDiagrams/basicNotations/parallelPaths/index.md
2026-05-19T19:13:54.756Z - [36mverbose[39m: Rendering page: /Users/damithch/Repos/nus-cs2103/cs2103-website-base/book/uml/activityDiagrams/basicNotations/linearPaths/index.md
2026-05-19T19:13:54.782Z - [36mverbose[39m: Rendering page: /Users/damithch/Repos/nus-cs2103/cs2103-website-base/book/uml/activityDiagrams/basicNotations/alternatePaths/index.md
2026-05-19T19:13:54.787Z - [36mverbose[39m: Rendering page: /Users/damithch/Repos/nus-cs2103/cs2103-website-base/book/uml/activityDiagrams/basicNotations/index.md
2026-05-19T19:13:54.894Z - [36mverbose[39m: Rendering page: /Users/damithch/Repos/nus-cs2103/cs2103-website-base/book/testing/testingTypes/unitTesting/what/index.md
2026-05-19T19:13:54.902Z - [36mverbose[39m: Rendering page: /Users/damithch/Repos/nus-cs2103/cs2103-website-base/book/testing/testingTypes/unitTesting/stubs/index.md
2026-05-19T19:13:54.910Z - [36mverbose[39m: Rendering page: /Users/damithch/Repos/nus-cs2103/cs2103-website-base/book/testing/testingTypes/unitTesting/index.md
2026-05-19T19:13:54.936Z - [36mverbose[39m: Rendering page: /Users/damithch/Repos/nus-cs2103/cs2103-website-base/book/testing/testingTypes/systemTesting/what/index.md
2026-05-19T19:13:54.954Z - [36mverbose[39m: Rendering page: /Users/damithch/Repos/nus-cs2103/cs2103-website-base/book/testing/testingTypes/systemTesting/index.md
2026-05-19T19:13:55.001Z - [36mverbose[39m: Rendering page: /Users/damithch/Repos/nus-cs2103/cs2103-website-base/book/testing/testingTypes/regressionTesting/index.md
2026-05-19T19:13:55.008Z - [36mverbose[39m: Rendering page: /Users/damithch/Repos/nus-cs2103/cs2103-website-base/book/testing/testingTypes/regressionTesting/what/index.md
2026-05-19T19:13:55.012Z - [36mverbose[39m: Rendering page: /Users/damithch/Repos/nus-cs2103/cs2103-website-base/book/testing/testingTypes/integrationTesting/index.md
2026-05-19T19:13:55.031Z - [36mverbose[39m: Rendering page: /Users/damithch/Repos/nus-cs2103/cs2103-website-base/book/testing/testingTypes/integrationTesting/what/index.md
2026-05-19T19:13:55.179Z - [36mverbose[39m: Rendering page: /Users/damithch/Repos/nus-cs2103/cs2103-website-base/book/testing/testingTypes/index.md
2026-05-19T19:13:55.197Z - [36mverbose[39m: Rendering page: /Users/damithch/Repos/nus-cs2103/cs2103-website-base/book/testing/testingTypes/integrationTesting/how/index.md
2026-05-19T19:13:55.228Z - [36mverbose[39m: Rendering page: /Users/damithch/Repos/nus-cs2103/cs2103-website-base/book/testing/testingTypes/exploratoryVsScriptedTesting/what/index.md
2026-05-19T19:13:55.246Z - [36mverbose[39m: Rendering page: /Users/damithch/Repos/nus-cs2103/cs2103-website-base/book/testing/testingTypes/exploratoryVsScriptedTesting/when/index.md
2026-05-19T19:13:55.266Z - [36mverbose[39m: Rendering page: /Users/damithch/Repos/nus-cs2103/cs2103-website-base/book/testing/testingTypes/exploratoryVsScriptedTesting/index.md
2026-05-19T19:13:55.289Z - [36mverbose[39m: Rendering page: /Users/damithch/Repos/nus-cs2103/cs2103-website-base/book/testing/testingTypes/dogfooding/what/index.md
2026-05-19T19:13:55.294Z - [36mverbose[39m: Rendering page: /Users/damithch/Repos/nus-cs2103/cs2103-website-base/book/testing/testingTypes/dogfooding/index.md
2026-05-19T19:13:55.309Z - [36mverbose[39m: Rendering page: /Users/damithch/Repos/nus-cs2103/cs2103-website-base/book/testing/testingTypes/developerTesting/why/index.md
2026-05-19T19:13:55.316Z - [36mverbose[39m: Rendering page: /Users/damithch/Repos/nus-cs2103/cs2103-website-base/book/testing/testingTypes/developerTesting/what/index.md
2026-05-19T19:13:55.372Z - [36mverbose[39m: Rendering page: /Users/damithch/Repos/nus-cs2103/cs2103-website-base/book/testing/testingTypes/developerTesting/index.md
2026-05-19T19:13:55.378Z - [36mverbose[39m: Rendering page: /Users/damithch/Repos/nus-cs2103/cs2103-website-base/book/testing/testingTypes/alphaBetaTesting/index.md
2026-05-19T19:13:55.385Z - [36mverbose[39m: Rendering page: /Users/damithch/Repos/nus-cs2103/cs2103-website-base/book/testing/testingTypes/alphaBetaTesting/what/index.md
2026-05-19T19:13:55.426Z - [36mverbose[39m: Rendering page: /Users/damithch/Repos/nus-cs2103/cs2103-website-base/book/testing/testingTypes/acceptanceTesting/what/index.md
2026-05-19T19:13:55.454Z - [36mverbose[39m: Rendering page: /Users/damithch/Repos/nus-cs2103/cs2103-website-base/book/testing/testingTypes/acceptanceTesting/index.md
2026-05-19T19:13:55.461Z - [36mverbose[39m: Rendering page: /Users/damithch/Repos/nus-cs2103/cs2103-website-base/book/testing/testingTypes/acceptanceTesting/acceptanceVsSystemTesting/index.md
2026-05-19T19:13:55.491Z - [36mverbose[39m: Rendering page: /Users/damithch/Repos/nus-cs2103/cs2103-website-base/book/testing/testCoverage/what/index.md
2026-05-19T19:13:55.522Z - [36mverbose[39m: Rendering page: /Users/damithch/Repos/nus-cs2103/cs2103-website-base/book/testing/testCoverage/index.md
2026-05-19T19:13:55.555Z - [36mverbose[39m: Rendering page: /Users/damithch/Repos/nus-cs2103/cs2103-website-base/book/testing/testCoverage/how/index.md
2026-05-19T19:13:55.560Z - [36mverbose[39m: Rendering page: /Users/damithch/Repos/nus-cs2103/cs2103-website-base/book/testing/testAutomation/what/index.md
2026-05-19T19:13:55.565Z - [36mverbose[39m: Rendering page: /Users/damithch/Repos/nus-cs2103/cs2103-website-base/book/testing/testAutomation/usingTestDrivers/index.md
2026-05-19T19:13:55.571Z - [36mverbose[39m: Rendering page: /Users/damithch/Repos/nus-cs2103/cs2103-website-base/book/testing/testAutomation/tools/index.md
2026-05-19T19:13:55.671Z - [36mverbose[39m: Rendering page: /Users/damithch/Repos/nus-cs2103/cs2103-website-base/book/testing/testAutomation/testingGuis/index.md
2026-05-19T19:13:55.676Z - [36mverbose[39m: Rendering page: /Users/damithch/Repos/nus-cs2103/cs2103-website-base/book/testing/testAutomation/testingTextUis/index.md
2026-05-19T19:13:55.684Z - [36mverbose[39m: Rendering page: /Users/damithch/Repos/nus-cs2103/cs2103-website-base/book/testing/testAutomation/index.md
2026-05-19T19:13:55.721Z - [36mverbose[39m: Rendering page: /Users/damithch/Repos/nus-cs2103/cs2103-website-base/book/testing/tdd/what/index.md
2026-05-19T19:13:55.757Z - [36mverbose[39m: Rendering page: /Users/damithch/Repos/nus-cs2103/cs2103-website-base/book/testing/tdd/index.md
2026-05-19T19:13:55.763Z - [36mverbose[39m: Rendering page: /Users/damithch/Repos/nus-cs2103/cs2103-website-base/book/testing/tdd/how/index.md
2026-05-19T19:13:55.769Z - [36mverbose[39m: Rendering page: /Users/damithch/Repos/nus-cs2103/cs2103-website-base/book/testing/introduction/what/index.md
2026-05-19T19:13:55.795Z - [36mverbose[39m: Rendering page: /Users/damithch/Repos/nus-cs2103/cs2103-website-base/book/testing/introduction/testability/index.md
2026-05-19T19:13:56.087Z - [36mverbose[39m: Rendering page: /Users/damithch/Repos/nus-cs2103/cs2103-website-base/book/testing/introduction/index.md
2026-05-19T19:13:56.153Z - [36mverbose[39m: Rendering page: /Users/damithch/Repos/nus-cs2103/cs2103-website-base/book/testing/index.md
2026-05-19T19:13:56.185Z - [36mverbose[39m: Rendering page: /Users/damithch/Repos/nus-cs2103/cs2103-website-base/book/testing/dependencyInjection/what/index.md
2026-05-19T19:13:56.254Z - [36mverbose[39m: Rendering page: /Users/damithch/Repos/nus-cs2103/cs2103-website-base/book/testing/dependencyInjection/index.md
2026-05-19T19:13:56.314Z - [36mverbose[39m: Rendering page: /Users/damithch/Repos/nus-cs2103/cs2103-website-base/book/testing/dependencyInjection/how/index.md
2026-05-19T19:13:56.355Z - [36mverbose[39m: Rendering page: /Users/damithch/Repos/nus-cs2103/cs2103-website-base/book/testCaseDesign/summary/recap/index.md
2026-05-19T19:13:56.360Z - [36mverbose[39m: Rendering page: /Users/damithch/Repos/nus-cs2103/cs2103-website-base/book/testCaseDesign/summary/index.md
2026-05-19T19:13:56.387Z - [36mverbose[39m: Rendering page: /Users/damithch/Repos/nus-cs2103/cs2103-website-base/book/testCaseDesign/summary/exercises/index.md
2026-05-19T19:13:56.447Z - [36mverbose[39m: Rendering page: /Users/damithch/Repos/nus-cs2103/cs2103-website-base/book/testCaseDesign/more/index.md
2026-05-19T19:13:56.453Z - [36mverbose[39m: Rendering page: /Users/damithch/Repos/nus-cs2103/cs2103-website-base/book/testCaseDesign/more/testingUseCases/index.md
2026-05-19T19:13:56.499Z - [36mverbose[39m: Rendering page: /Users/damithch/Repos/nus-cs2103/cs2103-website-base/book/testCaseDesign/introduction/what/index.md
2026-05-19T19:13:56.507Z - [36mverbose[39m: Rendering page: /Users/damithch/Repos/nus-cs2103/cs2103-website-base/book/testCaseDesign/introduction/positiveVsNegative/index.md
2026-05-19T19:13:56.512Z - [36mverbose[39m: Rendering page: /Users/damithch/Repos/nus-cs2103/cs2103-website-base/book/testCaseDesign/introduction/index.md
2026-05-19T19:13:56.694Z - [36mverbose[39m: Rendering page: /Users/damithch/Repos/nus-cs2103/cs2103-website-base/book/testCaseDesign/introduction/blackVsGlass/index.md
2026-05-19T19:13:56.759Z - [36mverbose[39m: Rendering page: /Users/damithch/Repos/nus-cs2103/cs2103-website-base/book/testCaseDesign/index.md
2026-05-19T19:13:56.785Z - [36mverbose[39m: Rendering page: /Users/damithch/Repos/nus-cs2103/cs2103-website-base/book/testCaseDesign/equivalencePartitions/what/index.md
2026-05-19T19:13:56.790Z - [36mverbose[39m: Rendering page: /Users/damithch/Repos/nus-cs2103/cs2103-website-base/book/testCaseDesign/equivalencePartitions/intermediate/index.md
2026-05-19T19:13:56.794Z - [36mverbose[39m: Rendering page: /Users/damithch/Repos/nus-cs2103/cs2103-website-base/book/testCaseDesign/equivalencePartitions/index.md
2026-05-19T19:13:56.921Z - [36mverbose[39m: Rendering page: /Users/damithch/Repos/nus-cs2103/cs2103-website-base/book/testCaseDesign/equivalencePartitions/basic/index.md
2026-05-19T19:13:56.926Z - [36mverbose[39m: Rendering page: /Users/damithch/Repos/nus-cs2103/cs2103-website-base/book/testCaseDesign/combiningTestInputs/why/index.md
2026-05-19T19:13:56.931Z - [36mverbose[39m: Rendering page: /Users/damithch/Repos/nus-cs2103/cs2103-website-base/book/testCaseDesign/combiningTestInputs/mix/index.md
2026-05-19T19:13:56.969Z - [36mverbose[39m: Rendering page: /Users/damithch/Repos/nus-cs2103/cs2103-website-base/book/testCaseDesign/combiningTestInputs/index.md
2026-05-19T19:13:57.015Z - [36mverbose[39m: Rendering page: /Users/damithch/Repos/nus-cs2103/cs2103-website-base/book/testCaseDesign/combiningTestInputs/heuristicInvalid/index.md
2026-05-19T19:13:57.021Z - [36mverbose[39m: Rendering page: /Users/damithch/Repos/nus-cs2103/cs2103-website-base/book/testCaseDesign/combiningTestInputs/heuristicValid/index.md
2026-05-19T19:13:57.044Z - [36mverbose[39m: Rendering page: /Users/damithch/Repos/nus-cs2103/cs2103-website-base/book/testCaseDesign/boundaryValueAnalysis/what/index.md
2026-05-19T19:13:57.049Z - [36mverbose[39m: Rendering page: /Users/damithch/Repos/nus-cs2103/cs2103-website-base/book/testCaseDesign/combiningTestInputs/combinationStrategies/index.md
2026-05-19T19:13:57.083Z - [36mverbose[39m: Rendering page: /Users/damithch/Repos/nus-cs2103/cs2103-website-base/book/testCaseDesign/boundaryValueAnalysis/index.md
2026-05-19T19:13:57.104Z - [36mverbose[39m: Rendering page: /Users/damithch/Repos/nus-cs2103/cs2103-website-base/book/testCaseDesign/boundaryValueAnalysis/how/index.md
2026-05-19T19:13:57.136Z - [36mverbose[39m: Rendering page: /Users/damithch/Repos/nus-cs2103/cs2103-website-base/book/teamwork/teamStructures/index.md
2026-05-19T19:13:57.141Z - [36mverbose[39m: Rendering page: /Users/damithch/Repos/nus-cs2103/cs2103-website-base/book/teamwork/index.md
2026-05-19T19:13:57.249Z - [36mverbose[39m: Rendering page: /Users/damithch/Repos/nus-cs2103/cs2103-website-base/book/specifyingRequirements/userStories/usage/index.md
2026-05-19T19:13:57.257Z - [36mverbose[39m: Rendering page: /Users/damithch/Repos/nus-cs2103/cs2103-website-base/book/specifyingRequirements/userStories/introduction/index.md
2026-05-19T19:13:57.264Z - [36mverbose[39m: Rendering page: /Users/damithch/Repos/nus-cs2103/cs2103-website-base/book/specifyingRequirements/userStories/index.md
2026-05-19T19:13:57.290Z - [36mverbose[39m: Rendering page: /Users/damithch/Repos/nus-cs2103/cs2103-website-base/book/specifyingRequirements/userStories/details/index.md
2026-05-19T19:13:57.378Z - [36mverbose[39m: Rendering page: /Users/damithch/Repos/nus-cs2103/cs2103-website-base/book/specifyingRequirements/useCases/usage/index.md
2026-05-19T19:13:57.404Z - [36mverbose[39m: Rendering page: /Users/damithch/Repos/nus-cs2103/cs2103-website-base/book/specifyingRequirements/useCases/introduction/index.md
2026-05-19T19:13:57.438Z - [36mverbose[39m: Rendering page: /Users/damithch/Repos/nus-cs2103/cs2103-website-base/book/specifyingRequirements/useCases/index.md
2026-05-19T19:13:57.449Z - [36mverbose[39m: Rendering page: /Users/damithch/Repos/nus-cs2103/cs2103-website-base/book/specifyingRequirements/useCases/identifying/index.md
2026-05-19T19:13:57.487Z - [36mverbose[39m: Rendering page: /Users/damithch/Repos/nus-cs2103/cs2103-website-base/book/specifyingRequirements/useCases/details/index.md
2026-05-19T19:13:57.518Z - [36mverbose[39m: Rendering page: /Users/damithch/Repos/nus-cs2103/cs2103-website-base/book/specifyingRequirements/supplementaryRequirements/what/index.md
2026-05-19T19:13:57.524Z - [36mverbose[39m: Rendering page: /Users/damithch/Repos/nus-cs2103/cs2103-website-base/book/specifyingRequirements/supplementaryRequirements/index.md
2026-05-19T19:13:57.531Z - [36mverbose[39m: Rendering page: /Users/damithch/Repos/nus-cs2103/cs2103-website-base/book/specifyingRequirements/prose/index.md
2026-05-19T19:13:57.685Z - [36mverbose[39m: Rendering page: /Users/damithch/Repos/nus-cs2103/cs2103-website-base/book/specifyingRequirements/prose/what/index.md
2026-05-19T19:13:57.732Z - [36mverbose[39m: Rendering page: /Users/damithch/Repos/nus-cs2103/cs2103-website-base/book/specifyingRequirements/index.md
2026-05-19T19:13:57.754Z - [36mverbose[39m: Rendering page: /Users/damithch/Repos/nus-cs2103/cs2103-website-base/book/specifyingRequirements/glossary/index.md
2026-05-19T19:13:57.760Z - [36mverbose[39m: Rendering page: /Users/damithch/Repos/nus-cs2103/cs2103-website-base/book/specifyingRequirements/glossary/what/index.md
2026-05-19T19:13:57.804Z - [36mverbose[39m: Rendering page: /Users/damithch/Repos/nus-cs2103/cs2103-website-base/book/specifyingRequirements/featureList/what/index.md
2026-05-19T19:13:57.835Z - [36mverbose[39m: Rendering page: /Users/damithch/Repos/nus-cs2103/cs2103-website-base/book/specifyingRequirements/featureList/index.md
2026-05-19T19:13:57.888Z - [36mverbose[39m: Rendering page: /Users/damithch/Repos/nus-cs2103/cs2103-website-base/book/softwareEngineering/index.md
2026-05-19T19:13:57.896Z - [36mverbose[39m: Rendering page: /Users/damithch/Repos/nus-cs2103/cs2103-website-base/book/softwareEngineering/introduction/index.md
2026-05-19T19:13:57.911Z - [36mverbose[39m: Rendering page: /Users/damithch/Repos/nus-cs2103/cs2103-website-base/book/softwareEngineering/introduction/prosAndCons/index.md
2026-05-19T19:13:57.960Z - [36mverbose[39m: Rendering page: /Users/damithch/Repos/nus-cs2103/cs2103-website-base/book/reuse/platforms/what/index.md
2026-05-19T19:13:57.966Z - [36mverbose[39m: Rendering page: /Users/damithch/Repos/nus-cs2103/cs2103-website-base/book/reuse/platforms/index.md
2026-05-19T19:13:57.970Z - [36mverbose[39m: Rendering page: /Users/damithch/Repos/nus-cs2103/cs2103-website-base/book/reuse/libraries/index.md
2026-05-19T19:13:57.988Z - [36mverbose[39m: Rendering page: /Users/damithch/Repos/nus-cs2103/cs2103-website-base/book/reuse/libraries/what/index.md
2026-05-19T19:13:58.017Z - [36mverbose[39m: Rendering page: /Users/damithch/Repos/nus-cs2103/cs2103-website-base/book/reuse/libraries/how/index.md
2026-05-19T19:13:58.038Z - [36mverbose[39m: Rendering page: /Users/damithch/Repos/nus-cs2103/cs2103-website-base/book/reuse/introduction/index.md
2026-05-19T19:13:58.043Z - [36mverbose[39m: Rendering page: /Users/damithch/Repos/nus-cs2103/cs2103-website-base/book/reuse/introduction/what/index.md
2026-05-19T19:13:58.114Z - [36mverbose[39m: Rendering page: /Users/damithch/Repos/nus-cs2103/cs2103-website-base/book/reuse/introduction/when/index.md
2026-05-19T19:13:58.163Z - [36mverbose[39m: Rendering page: /Users/damithch/Repos/nus-cs2103/cs2103-website-base/book/reuse/index.md
2026-05-19T19:13:58.178Z - [36mverbose[39m: Rendering page: /Users/damithch/Repos/nus-cs2103/cs2103-website-base/book/reuse/frameworks/index.md
2026-05-19T19:13:58.199Z - [36mverbose[39m: Rendering page: /Users/damithch/Repos/nus-cs2103/cs2103-website-base/book/reuse/frameworks/frameworksVsLibraries/index.md
2026-05-19T19:13:58.206Z - [36mverbose[39m: Rendering page: /Users/damithch/Repos/nus-cs2103/cs2103-website-base/book/reuse/frameworks/what/index.md
2026-05-19T19:13:58.229Z - [36mverbose[39m: Rendering page: /Users/damithch/Repos/nus-cs2103/cs2103-website-base/book/reuse/cloudComputing/what/index.md
2026-05-19T19:13:58.268Z - [36mverbose[39m: Rendering page: /Users/damithch/Repos/nus-cs2103/cs2103-website-base/book/reuse/cloudComputing/services/index.md
2026-05-19T19:13:58.274Z - [36mverbose[39m: Rendering page: /Users/damithch/Repos/nus-cs2103/cs2103-website-base/book/reuse/cloudComputing/index.md
2026-05-19T19:13:58.313Z - [36mverbose[39m: Rendering page: /Users/damithch/Repos/nus-cs2103/cs2103-website-base/book/reuse/apis/what/index.md
2026-05-19T19:13:58.330Z - [36mverbose[39m: Rendering page: /Users/damithch/Repos/nus-cs2103/cs2103-website-base/book/reuse/apis/index.md
2026-05-19T19:13:58.338Z - [36mverbose[39m: Rendering page: /Users/damithch/Repos/nus-cs2103/cs2103-website-base/book/reuse/apis/designingAPIs/index.md
2026-05-19T19:13:58.370Z - [36mverbose[39m: Rendering page: /Users/damithch/Repos/nus-cs2103/cs2103-website-base/book/requirements/quality/index.md
2026-05-19T19:13:58.425Z - [36mverbose[39m: Rendering page: /Users/damithch/Repos/nus-cs2103/cs2103-website-base/book/requirements/prioritizing/index.md
2026-05-19T19:13:58.432Z - [36mverbose[39m: Rendering page: /Users/damithch/Repos/nus-cs2103/cs2103-website-base/book/requirements/nonFunctionalRequirements/index.md
2026-05-19T19:13:58.438Z - [36mverbose[39m: Rendering page: /Users/damithch/Repos/nus-cs2103/cs2103-website-base/book/requirements/introduction/index.md
2026-05-19T19:13:58.443Z - [36mverbose[39m: Rendering page: /Users/damithch/Repos/nus-cs2103/cs2103-website-base/book/requirements/index.md
2026-05-19T19:13:58.557Z - [36mverbose[39m: Rendering page: /Users/damithch/Repos/nus-cs2103/cs2103-website-base/book/refactoring/when/index.md
2026-05-19T19:13:58.562Z - [36mverbose[39m: Rendering page: /Users/damithch/Repos/nus-cs2103/cs2103-website-base/book/refactoring/index.md
2026-05-19T19:13:58.573Z - [36mverbose[39m: Rendering page: /Users/damithch/Repos/nus-cs2103/cs2103-website-base/book/refactoring/what/index.md
2026-05-19T19:13:58.595Z - [36mverbose[39m: Rendering page: /Users/damithch/Repos/nus-cs2103/cs2103-website-base/book/refactoring/how/index.md
2026-05-19T19:13:58.643Z - [36mverbose[39m: Rendering page: /Users/damithch/Repos/nus-cs2103/cs2103-website-base/book/qualityAssurance/staticAnalysis/what/index.md
2026-05-19T19:13:58.648Z - [36mverbose[39m: Rendering page: /Users/damithch/Repos/nus-cs2103/cs2103-website-base/book/qualityAssurance/staticAnalysis/index.md
2026-05-19T19:13:58.654Z - [36mverbose[39m: Rendering page: /Users/damithch/Repos/nus-cs2103/cs2103-website-base/book/qualityAssurance/introduction/what/index.md
2026-05-19T19:13:58.659Z - [36mverbose[39m: Rendering page: /Users/damithch/Repos/nus-cs2103/cs2103-website-base/book/qualityAssurance/introduction/validationVsVerification/index.md
2026-05-19T19:13:58.751Z - [36mverbose[39m: Rendering page: /Users/damithch/Repos/nus-cs2103/cs2103-website-base/book/qualityAssurance/introduction/index.md
2026-05-19T19:13:58.758Z - [36mverbose[39m: Rendering page: /Users/damithch/Repos/nus-cs2103/cs2103-website-base/book/qualityAssurance/index.md
2026-05-19T19:13:58.784Z - [36mverbose[39m: Rendering page: /Users/damithch/Repos/nus-cs2103/cs2103-website-base/book/qualityAssurance/formalVerification/what/index.md
2026-05-19T19:13:58.806Z - [36mverbose[39m: Rendering page: /Users/damithch/Repos/nus-cs2103/cs2103-website-base/book/qualityAssurance/formalVerification/index.md
2026-05-19T19:13:58.843Z - [36mverbose[39m: Rendering page: /Users/damithch/Repos/nus-cs2103/cs2103-website-base/book/qualityAssurance/codeReviews/what/index.md
2026-05-19T19:13:58.849Z - [36mverbose[39m: Rendering page: /Users/damithch/Repos/nus-cs2103/cs2103-website-base/book/qualityAssurance/codeReviews/index.md
2026-05-19T19:13:58.855Z - [36mverbose[39m: Rendering page: /Users/damithch/Repos/nus-cs2103/cs2103-website-base/book/projectPlanning/pertCharts/index.md
2026-05-19T19:13:58.882Z - [36mverbose[39m: Rendering page: /Users/damithch/Repos/nus-cs2103/cs2103-website-base/book/projectPlanning/workBreakdownStructure/index.md
2026-05-19T19:13:58.931Z - [36mverbose[39m: Rendering page: /Users/damithch/Repos/nus-cs2103/cs2103-website-base/book/projectPlanning/issueTrackers/index.md
2026-05-19T19:13:58.936Z - [36mverbose[39m: Rendering page: /Users/damithch/Repos/nus-cs2103/cs2103-website-base/book/projectPlanning/milestones/index.md
2026-05-19T19:13:58.942Z - [36mverbose[39m: Rendering page: /Users/damithch/Repos/nus-cs2103/cs2103-website-base/book/projectPlanning/ganttCharts/index.md
2026-05-19T19:13:58.947Z - [36mverbose[39m: Rendering page: /Users/damithch/Repos/nus-cs2103/cs2103-website-base/book/projectPlanning/index.md
2026-05-19T19:13:59.137Z - [36mverbose[39m: Rendering page: /Users/damithch/Repos/nus-cs2103/cs2103-website-base/book/projectPlanning/buffers/index.md
2026-05-19T19:13:59.165Z - [36mverbose[39m: Rendering page: /Users/damithch/Repos/nus-cs2103/cs2103-website-base/book/projectDuke/index.md
2026-05-19T19:13:59.199Z - [36mverbose[39m: Rendering page: /Users/damithch/Repos/nus-cs2103/cs2103-website-base/book/processModels/summary/recap/index.md
2026-05-19T19:13:59.205Z - [36mverbose[39m: Rendering page: /Users/damithch/Repos/nus-cs2103/cs2103-website-base/book/processModels/summary/index.md
2026-05-19T19:13:59.246Z - [36mverbose[39m: Rendering page: /Users/damithch/Repos/nus-cs2103/cs2103-website-base/book/processModels/more/index.md
2026-05-19T19:13:59.252Z - [36mverbose[39m: Rendering page: /Users/damithch/Repos/nus-cs2103/cs2103-website-base/book/processModels/more/cmmi/index.md
2026-05-19T19:13:59.258Z - [36mverbose[39m: Rendering page: /Users/damithch/Repos/nus-cs2103/cs2103-website-base/book/processModels/introduction/sequentialModels/index.md
2026-05-19T19:13:59.276Z - [36mverbose[39m: Rendering page: /Users/damithch/Repos/nus-cs2103/cs2103-website-base/book/processModels/introduction/what/index.md
2026-05-19T19:13:59.306Z - [36mverbose[39m: Rendering page: /Users/damithch/Repos/nus-cs2103/cs2103-website-base/book/processModels/introduction/iterativeModels/index.md
2026-05-19T19:13:59.391Z - [36mverbose[39m: Rendering page: /Users/damithch/Repos/nus-cs2103/cs2103-website-base/book/processModels/introduction/index.md
2026-05-19T19:13:59.409Z - [36mverbose[39m: Rendering page: /Users/damithch/Repos/nus-cs2103/cs2103-website-base/book/processModels/introduction/agileModels/index.md
2026-05-19T19:13:59.415Z - [36mverbose[39m: Rendering page: /Users/damithch/Repos/nus-cs2103/cs2103-website-base/book/processModels/index.md
2026-05-19T19:13:59.442Z - [36mverbose[39m: Rendering page: /Users/damithch/Repos/nus-cs2103/cs2103-website-base/book/processModels/exampleProcessModels/xp/index.md
2026-05-19T19:13:59.486Z - [36mverbose[39m: Rendering page: /Users/damithch/Repos/nus-cs2103/cs2103-website-base/book/processModels/exampleProcessModels/unifiedProcess/index.md
2026-05-19T19:13:59.506Z - [36mverbose[39m: Rendering page: /Users/damithch/Repos/nus-cs2103/cs2103-website-base/book/processModels/exampleProcessModels/scrum/index.md
2026-05-19T19:13:59.573Z - [36mverbose[39m: Rendering page: /Users/damithch/Repos/nus-cs2103/cs2103-website-base/book/processModels/exampleProcessModels/index.md
2026-05-19T19:13:59.596Z - [36mverbose[39m: Rendering page: /Users/damithch/Repos/nus-cs2103/cs2103-website-base/book/principles/yagniPrinciple/index.md
2026-05-19T19:13:59.647Z - [36mverbose[39m: Rendering page: /Users/damithch/Repos/nus-cs2103/cs2103-website-base/book/principles/solidPrinciples/index.md
2026-05-19T19:13:59.656Z - [36mverbose[39m: Rendering page: /Users/damithch/Repos/nus-cs2103/cs2103-website-base/book/principles/singleResponsibilityPrinciple/index.md
2026-05-19T19:13:59.733Z - [36mverbose[39m: Rendering page: /Users/damithch/Repos/nus-cs2103/cs2103-website-base/book/principles/separationOfConcernsPrinciple/index.md
2026-05-19T19:13:59.788Z - [36mverbose[39m: Rendering page: /Users/damithch/Repos/nus-cs2103/cs2103-website-base/book/principles/openClosedPrinciple/index.md
2026-05-19T19:13:59.816Z - [36mverbose[39m: Rendering page: /Users/damithch/Repos/nus-cs2103/cs2103-website-base/book/principles/liskovSubstitutionPrinciple/index.md
2026-05-19T19:13:59.824Z - [36mverbose[39m: Rendering page: /Users/damithch/Repos/nus-cs2103/cs2103-website-base/book/principles/review/index.md
2026-05-19T19:14:00.022Z - [36mverbose[39m: Rendering page: /Users/damithch/Repos/nus-cs2103/cs2103-website-base/book/principles/lawOfDemeter/index.md
2026-05-19T19:14:00.028Z - [36mverbose[39m: Rendering page: /Users/damithch/Repos/nus-cs2103/cs2103-website-base/book/principles/interfaceSegregationPrinciple/index.md
2026-05-19T19:14:00.047Z - [36mverbose[39m: Rendering page: /Users/damithch/Repos/nus-cs2103/cs2103-website-base/book/principles/index.md
2026-05-19T19:14:00.097Z - [36mverbose[39m: Rendering page: /Users/damithch/Repos/nus-cs2103/cs2103-website-base/book/principles/dryPrinciple/index.md
2026-05-19T19:14:00.117Z - [36mverbose[39m: Rendering page: /Users/damithch/Repos/nus-cs2103/cs2103-website-base/book/principles/dependencyInversionPrinciple/index.md
2026-05-19T19:14:00.124Z - [36mverbose[39m: Rendering page: /Users/damithch/Repos/nus-cs2103/cs2103-website-base/book/principles/brooksLaw/index.md
2026-05-19T19:14:00.188Z - [36mverbose[39m: Rendering page: /Users/damithch/Repos/nus-cs2103/cs2103-website-base/book/oop/polymorphism/what/index.md
2026-05-19T19:14:00.194Z - [36mverbose[39m: Rendering page: /Users/damithch/Repos/nus-cs2103/cs2103-website-base/book/oop/polymorphism/index.md
2026-05-19T19:14:00.235Z - [36mverbose[39m: Rendering page: /Users/damithch/Repos/nus-cs2103/cs2103-website-base/book/oop/polymorphism/how/index.md
2026-05-19T19:14:00.242Z - [36mverbose[39m: Rendering page: /Users/damithch/Repos/nus-cs2103/cs2103-website-base/book/oop/objects/what/index.md
2026-05-19T19:14:00.275Z - [36mverbose[39m: Rendering page: /Users/damithch/Repos/nus-cs2103/cs2103-website-base/book/oop/objects/index.md
2026-05-19T19:14:00.300Z - [36mverbose[39m: Rendering page: /Users/damithch/Repos/nus-cs2103/cs2103-website-base/book/oop/objects/encapsulation/index.md
2026-05-19T19:14:00.317Z - [36mverbose[39m: Rendering page: /Users/damithch/Repos/nus-cs2103/cs2103-website-base/book/oop/objects/abstraction/index.md
2026-05-19T19:14:00.341Z - [36mverbose[39m: Rendering page: /Users/damithch/Repos/nus-cs2103/cs2103-website-base/book/oop/more/review/index.md
2026-05-19T19:14:00.368Z - [36mverbose[39m: Rendering page: /Users/damithch/Repos/nus-cs2103/cs2103-website-base/book/oop/more/miscellaneous/index.md
2026-05-19T19:14:00.392Z - [36mverbose[39m: Rendering page: /Users/damithch/Repos/nus-cs2103/cs2103-website-base/book/oop/more/index.md
2026-05-19T19:14:00.433Z - [36mverbose[39m: Rendering page: /Users/damithch/Repos/nus-cs2103/cs2103-website-base/book/oop/introduction/index.md
2026-05-19T19:14:00.439Z - [36mverbose[39m: Rendering page: /Users/damithch/Repos/nus-cs2103/cs2103-website-base/book/oop/introduction/what/index.md
2026-05-19T19:14:00.445Z - [36mverbose[39m: Rendering page: /Users/damithch/Repos/nus-cs2103/cs2103-website-base/book/oop/inheritance/what/index.md
2026-05-19T19:14:00.450Z - [36mverbose[39m: Rendering page: /Users/damithch/Repos/nus-cs2103/cs2103-website-base/book/oop/inheritance/substitutability/index.md
2026-05-19T19:14:00.593Z - [36mverbose[39m: Rendering page: /Users/damithch/Repos/nus-cs2103/cs2103-website-base/book/oop/inheritance/overriding/index.md
2026-05-19T19:14:00.599Z - [36mverbose[39m: Rendering page: /Users/damithch/Repos/nus-cs2103/cs2103-website-base/book/oop/inheritance/overloading/index.md
2026-05-19T19:14:00.604Z - [36mverbose[39m: Rendering page: /Users/damithch/Repos/nus-cs2103/cs2103-website-base/book/oop/inheritance/interfaces/index.md
2026-05-19T19:14:00.665Z - [36mverbose[39m: Rendering page: /Users/damithch/Repos/nus-cs2103/cs2103-website-base/book/oop/inheritance/index.md
2026-05-19T19:14:00.919Z - [36mverbose[39m: Rendering page: /Users/damithch/Repos/nus-cs2103/cs2103-website-base/book/oop/inheritance/abstractClasses/index.md
2026-05-19T19:14:00.942Z - [36mverbose[39m: Rendering page: /Users/damithch/Repos/nus-cs2103/cs2103-website-base/book/oop/inheritance/dynamicAndStaticBinding/index.md
2026-05-19T19:14:00.950Z - [36mverbose[39m: Rendering page: /Users/damithch/Repos/nus-cs2103/cs2103-website-base/book/oop/index.md
2026-05-19T19:14:01.024Z - [36mverbose[39m: Rendering page: /Users/damithch/Repos/nus-cs2103/cs2103-website-base/book/oop/classes/what/index.md
2026-05-19T19:14:01.048Z - [36mverbose[39m: Rendering page: /Users/damithch/Repos/nus-cs2103/cs2103-website-base/book/oop/classes/index.md
2026-05-19T19:14:01.055Z - [36mverbose[39m: Rendering page: /Users/damithch/Repos/nus-cs2103/cs2103-website-base/book/oop/classes/enumerations/index.md
2026-05-19T19:14:01.094Z - [36mverbose[39m: Rendering page: /Users/damithch/Repos/nus-cs2103/cs2103-website-base/book/oop/classes/classLevelMembers/index.md
2026-05-19T19:14:01.121Z - [36mverbose[39m: Rendering page: /Users/damithch/Repos/nus-cs2103/cs2103-website-base/book/oop/associations/what/index.md
2026-05-19T19:14:01.195Z - [36mverbose[39m: Rendering page: /Users/damithch/Repos/nus-cs2103/cs2103-website-base/book/oop/associations/navigability/index.md
2026-05-19T19:14:01.218Z - [36mverbose[39m: Rendering page: /Users/damithch/Repos/nus-cs2103/cs2103-website-base/book/oop/associations/multiplicity/index.md
2026-05-19T19:14:01.243Z - [36mverbose[39m: Rendering page: /Users/damithch/Repos/nus-cs2103/cs2103-website-base/book/oop/associations/index.md
2026-05-19T19:14:01.257Z - [36mverbose[39m: Rendering page: /Users/damithch/Repos/nus-cs2103/cs2103-website-base/book/oop/associations/dependencies/index.md
2026-05-19T19:14:01.279Z - [36mverbose[39m: Rendering page: /Users/damithch/Repos/nus-cs2103/cs2103-website-base/book/oop/associations/composition/index.md
2026-05-19T19:14:01.301Z - [36mverbose[39m: Rendering page: /Users/damithch/Repos/nus-cs2103/cs2103-website-base/book/oop/associations/associationClasses/index.md
2026-05-19T19:14:01.332Z - [36mverbose[39m: Rendering page: /Users/damithch/Repos/nus-cs2103/cs2103-website-base/book/modeling/modelingStructures/packageDiagrams/index.md
2026-05-19T19:14:01.337Z - [36mverbose[39m: Rendering page: /Users/damithch/Repos/nus-cs2103/cs2103-website-base/book/oop/associations/aggregation/index.md
2026-05-19T19:14:01.362Z - [36mverbose[39m: Rendering page: /Users/damithch/Repos/nus-cs2103/cs2103-website-base/book/modeling/modelingStructures/ooStructures/index.md
2026-05-19T19:14:02.361Z - [34mdebug[39m: 
2026-05-19T19:14:02.386Z - [36mverbose[39m: Rendering page: /Users/damithch/Repos/nus-cs2103/cs2103-website-base/book/modeling/modelingStructures/objectOrientedDomainModels/index.md
2026-05-19T19:14:02.412Z - [36mverbose[39m: Rendering page: /Users/damithch/Repos/nus-cs2103/cs2103-website-base/book/modeling/modelingStructures/index.md
2026-05-19T19:14:02.434Z - [36mverbose[39m: Rendering page: /Users/damithch/Repos/nus-cs2103/cs2103-website-base/book/modeling/modelingStructures/objectDiagrams/index.md
2026-05-19T19:14:02.443Z - [36mverbose[39m: Rendering page: /Users/damithch/Repos/nus-cs2103/cs2103-website-base/book/modeling/modelingStructures/deploymentDiagrams/index.md
2026-05-19T19:14:02.524Z - [36mverbose[39m: Rendering page: /Users/damithch/Repos/nus-cs2103/cs2103-website-base/book/modeling/modelingStructures/customisingUml/index.md
2026-05-19T19:14:02.532Z - [36mverbose[39m: Rendering page: /Users/damithch/Repos/nus-cs2103/cs2103-website-base/book/modeling/modelingStructures/componentDiagrams/index.md
2026-05-19T19:14:02.537Z - [36mverbose[39m: Rendering page: /Users/damithch/Repos/nus-cs2103/cs2103-website-base/book/modeling/modelingStructures/compositeStructureDiagrams/index.md
2026-05-19T19:14:02.541Z - [36mverbose[39m: Rendering page: /Users/damithch/Repos/nus-cs2103/cs2103-website-base/book/modeling/modelingStructures/classDiagramsIntermediate/index.md
2026-05-19T19:14:02.671Z - [36mverbose[39m: Rendering page: /Users/damithch/Repos/nus-cs2103/cs2103-website-base/book/modeling/modelingStructures/classDiagramsBasic/index.md
2026-05-19T19:14:02.683Z - [36mverbose[39m: Rendering page: /Users/damithch/Repos/nus-cs2103/cs2103-website-base/book/modeling/modelingStructures/classDiagramsAdvanced/index.md
2026-05-19T19:14:02.690Z - [36mverbose[39m: Rendering page: /Users/damithch/Repos/nus-cs2103/cs2103-website-base/book/modeling/modelingStructures/addingMoreInfo/index.md
2026-05-19T19:14:02.708Z - [36mverbose[39m: Rendering page: /Users/damithch/Repos/nus-cs2103/cs2103-website-base/book/modeling/modelingBehaviors/useCaseDiagrams/index.md
2026-05-19T19:14:02.754Z - [36mverbose[39m: Rendering page: /Users/damithch/Repos/nus-cs2103/cs2103-website-base/book/modeling/modelingBehaviors/timingDiagrams/index.md
2026-05-19T19:14:02.787Z - [36mverbose[39m: Rendering page: /Users/damithch/Repos/nus-cs2103/cs2103-website-base/book/modeling/modelingBehaviors/stateMachineDiagrams/index.md
2026-05-19T19:14:02.805Z - [36mverbose[39m: Rendering page: /Users/damithch/Repos/nus-cs2103/cs2103-website-base/book/modeling/modelingBehaviors/sequenceDiagramsIntermediate/index.md
2026-05-19T19:14:02.811Z - [36mverbose[39m: Rendering page: /Users/damithch/Repos/nus-cs2103/cs2103-website-base/book/modeling/modelingBehaviors/sequenceDiagramsBasic/index.md
2026-05-19T19:14:02.916Z - [36mverbose[39m: Rendering page: /Users/damithch/Repos/nus-cs2103/cs2103-website-base/book/modeling/modelingBehaviors/sequenceDiagramsAdvanced/index.md
2026-05-19T19:14:02.936Z - [36mverbose[39m: Rendering page: /Users/damithch/Repos/nus-cs2103/cs2103-website-base/book/modeling/modelingBehaviors/interactionOverviewDiagrams/index.md
2026-05-19T19:14:02.942Z - [36mverbose[39m: Rendering page: /Users/damithch/Repos/nus-cs2103/cs2103-website-base/book/modeling/modelingBehaviors/communicationDiagrams/index.md
2026-05-19T19:14:02.985Z - [36mverbose[39m: Rendering page: /Users/damithch/Repos/nus-cs2103/cs2103-website-base/book/modeling/modelingBehaviors/index.md
2026-05-19T19:14:03.037Z - [36mverbose[39m: Rendering page: /Users/damithch/Repos/nus-cs2103/cs2103-website-base/book/modeling/modelingBehaviors/activityDiagrams/index.md
2026-05-19T19:14:03.045Z - [36mverbose[39m: Rendering page: /Users/damithch/Repos/nus-cs2103/cs2103-website-base/book/modeling/modelingBehaviors/activityDiagramsIntermediate/index.md
2026-05-19T19:14:03.050Z - [36mverbose[39m: Rendering page: /Users/damithch/Repos/nus-cs2103/cs2103-website-base/book/modeling/modelingASolution/introduction/index.md
2026-05-19T19:14:03.055Z - [36mverbose[39m: Rendering page: /Users/damithch/Repos/nus-cs2103/cs2103-website-base/book/modeling/modelingASolution/intermediate/index.md
2026-05-19T19:14:03.149Z - [36mverbose[39m: Rendering page: /Users/damithch/Repos/nus-cs2103/cs2103-website-base/book/modeling/modelingASolution/index.md
2026-05-19T19:14:03.158Z - [36mverbose[39m: Rendering page: /Users/damithch/Repos/nus-cs2103/cs2103-website-base/book/modeling/modelingASolution/basic/index.md
2026-05-19T19:14:03.165Z - [36mverbose[39m: Rendering page: /Users/damithch/Repos/nus-cs2103/cs2103-website-base/book/modeling/introduction/umlModels/index.md
2026-05-19T19:14:03.170Z - [36mverbose[39m: Rendering page: /Users/damithch/Repos/nus-cs2103/cs2103-website-base/book/modeling/introduction/what/index.md
2026-05-19T19:14:03.530Z - [36mverbose[39m: Rendering page: /Users/damithch/Repos/nus-cs2103/cs2103-website-base/book/modeling/introduction/index.md
2026-05-19T19:14:03.538Z - [36mverbose[39m: Rendering page: /Users/damithch/Repos/nus-cs2103/cs2103-website-base/book/modeling/index.md
2026-05-19T19:14:03.574Z - [36mverbose[39m: Rendering page: /Users/damithch/Repos/nus-cs2103/cs2103-website-base/book/modeling/introduction/how/index.md
2026-05-19T19:14:03.592Z - [36mverbose[39m: Rendering page: /Users/damithch/Repos/nus-cs2103/cs2103-website-base/book/intellij/refactoring/index.md
2026-05-19T19:14:03.643Z - [36mverbose[39m: Rendering page: /Users/damithch/Repos/nus-cs2103/cs2103-website-base/book/intellij/projectSetup/index.md
2026-05-19T19:14:03.648Z - [36mverbose[39m: Rendering page: /Users/damithch/Repos/nus-cs2103/cs2103-website-base/book/intellij/index.md
2026-05-19T19:14:03.656Z - [36mverbose[39m: Rendering page: /Users/damithch/Repos/nus-cs2103/cs2103-website-base/book/intellij/productivityShortcuts/index.md
2026-05-19T19:14:03.672Z - [36mverbose[39m: Rendering page: /Users/damithch/Repos/nus-cs2103/cs2103-website-base/book/intellij/debuggingBasic/index.md
2026-05-19T19:14:03.712Z - [36mverbose[39m: Rendering page: /Users/damithch/Repos/nus-cs2103/cs2103-website-base/book/intellij/codeNavigation/index.md
2026-05-19T19:14:03.755Z - [36mverbose[39m: Rendering page: /Users/damithch/Repos/nus-cs2103/cs2103-website-base/book/integration/more/index.md
2026-05-19T19:14:03.760Z - [36mverbose[39m: Rendering page: /Users/damithch/Repos/nus-cs2103/cs2103-website-base/book/integration/introduction/what/index.md
2026-05-19T19:14:03.764Z - [36mverbose[39m: Rendering page: /Users/damithch/Repos/nus-cs2103/cs2103-website-base/book/integration/introduction/index.md
2026-05-19T19:14:03.769Z - [36mverbose[39m: Rendering page: /Users/damithch/Repos/nus-cs2103/cs2103-website-base/book/integration/more/review/index.md
2026-05-19T19:14:03.865Z - [36mverbose[39m: Rendering page: /Users/damithch/Repos/nus-cs2103/cs2103-website-base/book/integration/index.md
2026-05-19T19:14:03.875Z - [36mverbose[39m: Rendering page: /Users/damithch/Repos/nus-cs2103/cs2103-website-base/book/integration/buildAutomation/index.md
2026-05-19T19:14:03.880Z - [36mverbose[39m: Rendering page: /Users/damithch/Repos/nus-cs2103/cs2103-website-base/book/integration/buildAutomation/what/index.md
2026-05-19T19:14:03.916Z - [36mverbose[39m: Rendering page: /Users/damithch/Repos/nus-cs2103/cs2103-website-base/book/integration/buildAutomation/continuousIntegrationDeployment/index.md
2026-05-19T19:14:03.951Z - [36mverbose[39m: Rendering page: /Users/damithch/Repos/nus-cs2103/cs2103-website-base/book/integration/approaches/index.md
2026-05-19T19:14:03.958Z - [36mverbose[39m: Rendering page: /Users/damithch/Repos/nus-cs2103/cs2103-website-base/book/integration/approaches/lateVsEarly/index.md
2026-05-19T19:14:03.964Z - [36mverbose[39m: Rendering page: /Users/damithch/Repos/nus-cs2103/cs2103-website-base/book/integration/approaches/topDownVsBottomUp/index.md
2026-05-19T19:14:04.028Z - [36mverbose[39m: Rendering page: /Users/damithch/Repos/nus-cs2103/cs2103-website-base/book/integration/approaches/bigBangVsIncremental/index.md
2026-05-19T19:14:04.034Z - [36mverbose[39m: Rendering page: /Users/damithch/Repos/nus-cs2103/cs2103-website-base/book/index.md
2026-05-19T19:14:04.063Z - [36mverbose[39m: Rendering page: /Users/damithch/Repos/nus-cs2103/cs2103-website-base/book/ides/introduction/index.md
2026-05-19T19:14:04.080Z - [36mverbose[39m: Rendering page: /Users/damithch/Repos/nus-cs2103/cs2103-website-base/book/ides/introduction/what/index.md
2026-05-19T19:14:04.086Z - [36mverbose[39m: Rendering page: /Users/damithch/Repos/nus-cs2103/cs2103-website-base/book/ides/index.md
2026-05-19T19:14:04.135Z - [36mverbose[39m: Rendering page: /Users/damithch/Repos/nus-cs2103/cs2103-website-base/book/ides/debugging/index.md
2026-05-19T19:14:04.141Z - [36mverbose[39m: Rendering page: /Users/damithch/Repos/nus-cs2103/cs2103-website-base/book/ides/debugging/what/index.md
2026-05-19T19:14:04.146Z - [36mverbose[39m: Rendering page: /Users/damithch/Repos/nus-cs2103/cs2103-website-base/book/gitAndGithub/trail/workingWithRemotes/index.md
2026-05-19T19:14:04.150Z - [36mverbose[39m: Rendering page: /Users/damithch/Repos/nus-cs2103/cs2103-website-base/book/gitAndGithub/trail/usingRevisionHistory/index.md
2026-05-19T19:14:04.343Z - [36mverbose[39m: Rendering page: /Users/damithch/Repos/nus-cs2103/cs2103-website-base/book/gitAndGithub/trail/syncingBranches/index.md
2026-05-19T19:14:04.348Z - [36mverbose[39m: Rendering page: /Users/damithch/Repos/nus-cs2103/cs2103-website-base/book/gitAndGithub/trail/remoteBranches/index.md
2026-05-19T19:14:04.352Z - [36mverbose[39m: Rendering page: /Users/damithch/Repos/nus-cs2103/cs2103-website-base/book/gitAndGithub/trail/recordingFolderHistory/index.md
2026-05-19T19:14:04.356Z - [36mverbose[39m: Rendering page: /Users/damithch/Repos/nus-cs2103/cs2103-website-base/book/gitAndGithub/trail/index.md
2026-05-19T19:14:04.412Z - [36mverbose[39m: Rendering page: /Users/damithch/Repos/nus-cs2103/cs2103-website-base/book/gitAndGithub/trail/fineTuningHistory/index.md
2026-05-19T19:14:04.417Z - [36mverbose[39m: Rendering page: /Users/damithch/Repos/nus-cs2103/cs2103-website-base/book/gitAndGithub/trail/branchingLocally/index.md
2026-05-19T19:14:04.422Z - [36mverbose[39m: Rendering page: /Users/damithch/Repos/nus-cs2103/cs2103-website-base/book/gitAndGithub/trail/backingUpOnCloud/index.md
2026-05-19T19:14:04.466Z - [36mverbose[39m: Rendering page: /Users/damithch/Repos/nus-cs2103/cs2103-website-base/book/gitAndGithub/template/index.md
2026-05-19T19:14:04.602Z - [36mverbose[39m: Rendering page: /Users/damithch/Repos/nus-cs2103/cs2103-website-base/book/gitAndGithub/tag/index.md
2026-05-19T19:14:04.613Z - [36mverbose[39m: Rendering page: /Users/damithch/Repos/nus-cs2103/cs2103-website-base/book/gitAndGithub/syncByRebase/index.md
2026-05-19T19:14:04.619Z - [36mverbose[39m: Rendering page: /Users/damithch/Repos/nus-cs2103/cs2103-website-base/book/gitAndGithub/syncByMerge/index.md
2026-05-19T19:14:04.673Z - [36mverbose[39m: Rendering page: /Users/damithch/Repos/nus-cs2103/cs2103-website-base/book/gitAndGithub/stage/index.md
2026-05-19T19:14:04.743Z - [36mverbose[39m: Rendering page: /Users/damithch/Repos/nus-cs2103/cs2103-website-base/book/gitAndGithub/show/index.md
2026-05-19T19:14:04.767Z - [36mverbose[39m: Rendering page: /Users/damithch/Repos/nus-cs2103/cs2103-website-base/book/gitAndGithub/setRemote/index.md
2026-05-19T19:14:04.776Z - [36mverbose[39m: Rendering page: /Users/damithch/Repos/nus-cs2103/cs2103-website-base/book/gitAndGithub/selectiveStage/index.md
2026-05-19T19:14:04.803Z - [36mverbose[39m: Rendering page: /Users/damithch/Repos/nus-cs2103/cs2103-website-base/book/gitAndGithub/reviewPRs/index.md
2026-05-19T19:14:04.883Z - [36mverbose[39m: Rendering page: /Users/damithch/Repos/nus-cs2103/cs2103-website-base/book/gitAndGithub/revert/index.md
2026-05-19T19:14:04.916Z - [36mverbose[39m: Rendering page: /Users/damithch/Repos/nus-cs2103/cs2103-website-base/book/gitAndGithub/reset/index.md
2026-05-19T19:14:04.932Z - [36mverbose[39m: Rendering page: /Users/damithch/Repos/nus-cs2103/cs2103-website-base/book/gitAndGithub/remoteRepos/index.md
2026-05-19T19:14:04.954Z - [36mverbose[39m: Rendering page: /Users/damithch/Repos/nus-cs2103/cs2103-website-base/book/gitAndGithub/remoteBranches/index.md
2026-05-19T19:14:05.039Z - [36mverbose[39m: Rendering page: /Users/damithch/Repos/nus-cs2103/cs2103-website-base/book/gitAndGithub/remoteBranchPush/index.md
2026-05-19T19:14:05.047Z - [36mverbose[39m: Rendering page: /Users/damithch/Repos/nus-cs2103/cs2103-website-base/book/gitAndGithub/remoteBranchRename/index.md
2026-05-19T19:14:05.055Z - [36mverbose[39m: Rendering page: /Users/damithch/Repos/nus-cs2103/cs2103-website-base/book/gitAndGithub/remoteBranchPull/index.md
2026-05-19T19:14:05.199Z - [36mverbose[39m: Rendering page: /Users/damithch/Repos/nus-cs2103/cs2103-website-base/book/gitAndGithub/remoteBranchDelete/index.md
2026-05-19T19:14:05.290Z - [36mverbose[39m: Rendering page: /Users/damithch/Repos/nus-cs2103/cs2103-website-base/book/gitAndGithub/pull/index.md
2026-05-19T19:14:05.303Z - [36mverbose[39m: Rendering page: /Users/damithch/Repos/nus-cs2103/cs2103-website-base/book/gitAndGithub/push/index.md
2026-05-19T19:14:05.317Z - [36mverbose[39m: Rendering page: /Users/damithch/Repos/nus-cs2103/cs2103-website-base/book/gitAndGithub/mergeConflicts/index.md
2026-05-19T19:14:05.324Z - [36mverbose[39m: Rendering page: /Users/damithch/Repos/nus-cs2103/cs2103-website-base/book/gitAndGithub/merge/index.md
2026-05-19T19:14:05.542Z - [36mverbose[39m: Rendering page: /Users/damithch/Repos/nus-cs2103/cs2103-website-base/book/gitAndGithub/managePRs/index.md
2026-05-19T19:14:05.550Z - [36mverbose[39m: Rendering page: /Users/damithch/Repos/nus-cs2103/cs2103-website-base/book/gitAndGithub/log/index.md
2026-05-19T19:14:05.561Z - [36mverbose[39m: Rendering page: /Users/damithch/Repos/nus-cs2103/cs2103-website-base/book/gitAndGithub/intro/index.md
2026-05-19T19:14:05.566Z - [36mverbose[39m: Rendering page: /Users/damithch/Repos/nus-cs2103/cs2103-website-base/book/gitAndGithub/interactiveRebase/index.md
2026-05-19T19:14:06.159Z - [36mverbose[39m: Rendering page: /Users/damithch/Repos/nus-cs2103/cs2103-website-base/book/gitAndGithub/init/index.md
2026-05-19T19:14:06.168Z - [36mverbose[39m: Rendering page: /Users/damithch/Repos/nus-cs2103/cs2103-website-base/book/gitAndGithub/ignore/index.md
2026-05-19T19:14:06.220Z - [36mverbose[39m: Rendering page: /Users/damithch/Repos/nus-cs2103/cs2103-website-base/book/gitAndGithub/index.md
2026-05-19T19:14:06.280Z - [36mverbose[39m: Rendering page: /Users/damithch/Repos/nus-cs2103/cs2103-website-base/book/gitAndGithub/githubPrep/index.md
2026-05-19T19:14:06.319Z - [36mverbose[39m: Rendering page: /Users/damithch/Repos/nus-cs2103/cs2103-website-base/book/gitAndGithub/gitPrep/index.md
2026-05-19T19:14:06.344Z - [36mverbose[39m: Rendering page: /Users/damithch/Repos/nus-cs2103/cs2103-website-base/book/gitAndGithub/forkingWorkflow/index.md
2026-05-19T19:14:06.349Z - [36mverbose[39m: Rendering page: /Users/damithch/Repos/nus-cs2103/cs2103-website-base/book/gitAndGithub/featureBranchFlow/index.md
2026-05-19T19:14:06.364Z - [36mverbose[39m: Rendering page: /Users/damithch/Repos/nus-cs2103/cs2103-website-base/book/gitAndGithub/fork/index.md
2026-05-19T19:14:06.406Z - [36mverbose[39m: Rendering page: /Users/damithch/Repos/nus-cs2103/cs2103-website-base/book/gitAndGithub/drcsVsCrcs/index.md
2026-05-19T19:14:06.442Z - [36mverbose[39m: Rendering page: /Users/damithch/Repos/nus-cs2103/cs2103-website-base/book/gitAndGithub/diff/index.md
2026-05-19T19:14:06.453Z - [36mverbose[39m: Rendering page: /Users/damithch/Repos/nus-cs2103/cs2103-website-base/book/gitAndGithub/createPRs/index.md
2026-05-19T19:14:06.464Z - [36mverbose[39m: Rendering page: /Users/damithch/Repos/nus-cs2103/cs2103-website-base/book/gitAndGithub/createRemoteRepo/index.md
2026-05-19T19:14:06.584Z - [36mverbose[39m: Rendering page: /Users/damithch/Repos/nus-cs2103/cs2103-website-base/book/gitAndGithub/commitMessage/index.md
2026-05-19T19:14:06.594Z - [36mverbose[39m: Rendering page: /Users/damithch/Repos/nus-cs2103/cs2103-website-base/book/gitAndGithub/commit/index.md
2026-05-19T19:14:06.603Z - [36mverbose[39m: Rendering page: /Users/damithch/Repos/nus-cs2103/cs2103-website-base/book/gitAndGithub/clone/index.md
2026-05-19T19:14:06.672Z - [36mverbose[39m: Rendering page: /Users/damithch/Repos/nus-cs2103/cs2103-website-base/book/gitAndGithub/cherryPick/index.md
2026-05-19T19:14:06.728Z - [36mverbose[39m: Rendering page: /Users/damithch/Repos/nus-cs2103/cs2103-website-base/book/gitAndGithub/checkout/index.md
2026-05-19T19:14:06.788Z - [36mverbose[39m: Rendering page: /Users/damithch/Repos/nus-cs2103/cs2103-website-base/book/gitAndGithub/branchRename/index.md
2026-05-19T19:14:06.796Z - [36mverbose[39m: Rendering page: /Users/damithch/Repos/nus-cs2103/cs2103-website-base/book/gitAndGithub/centralizedFlow/index.md
2026-05-19T19:14:06.854Z - [36mverbose[39m: Rendering page: /Users/damithch/Repos/nus-cs2103/cs2103-website-base/book/gitAndGithub/branchDelete/index.md
2026-05-19T19:14:06.901Z - [36mverbose[39m: Rendering page: /Users/damithch/Repos/nus-cs2103/cs2103-website-base/book/gitAndGithub/branch/index.md
2026-05-19T19:14:06.929Z - [36mverbose[39m: Rendering page: /Users/damithch/Repos/nus-cs2103/cs2103-website-base/book/gatheringRequirements/prototyping/index.md
2026-05-19T19:14:06.934Z - [36mverbose[39m: Rendering page: /Users/damithch/Repos/nus-cs2103/cs2103-website-base/book/gatheringRequirements/userSurveys/index.md
2026-05-19T19:14:06.951Z - [36mverbose[39m: Rendering page: /Users/damithch/Repos/nus-cs2103/cs2103-website-base/book/gatheringRequirements/productSurveys/index.md
2026-05-19T19:14:07.013Z - [36mverbose[39m: Rendering page: /Users/damithch/Repos/nus-cs2103/cs2103-website-base/book/gatheringRequirements/observation/index.md
2026-05-19T19:14:07.038Z - [36mverbose[39m: Rendering page: /Users/damithch/Repos/nus-cs2103/cs2103-website-base/book/gatheringRequirements/index.md
2026-05-19T19:14:07.046Z - [36mverbose[39m: Rendering page: /Users/damithch/Repos/nus-cs2103/cs2103-website-base/book/gatheringRequirements/interviews/index.md
2026-05-19T19:14:07.085Z - [36mverbose[39m: Rendering page: /Users/damithch/Repos/nus-cs2103/cs2103-website-base/book/gatheringRequirements/focusGroups/index.md
2026-05-19T19:14:07.134Z - [36mverbose[39m: Rendering page: /Users/damithch/Repos/nus-cs2103/cs2103-website-base/book/gatheringRequirements/brainstorming/index.md
2026-05-19T19:14:07.140Z - [36mverbose[39m: Rendering page: /Users/damithch/Repos/nus-cs2103/cs2103-website-base/book/errorHandling/logging/index.md
2026-05-19T19:14:07.148Z - [36mverbose[39m: Rendering page: /Users/damithch/Repos/nus-cs2103/cs2103-website-base/book/errorHandling/logging/what/index.md
2026-05-19T19:14:07.153Z - [36mverbose[39m: Rendering page: /Users/damithch/Repos/nus-cs2103/cs2103-website-base/book/errorHandling/logging/how/index.md
2026-05-19T19:14:07.379Z - [36mverbose[39m: Rendering page: /Users/damithch/Repos/nus-cs2103/cs2103-website-base/book/errorHandling/introduction/index.md
2026-05-19T19:14:07.386Z - [36mverbose[39m: Rendering page: /Users/damithch/Repos/nus-cs2103/cs2103-website-base/book/errorHandling/index.md
2026-05-19T19:14:07.411Z - [36mverbose[39m: Rendering page: /Users/damithch/Repos/nus-cs2103/cs2103-website-base/book/errorHandling/introduction/what/index.md
2026-05-19T19:14:07.416Z - [36mverbose[39m: Rendering page: /Users/damithch/Repos/nus-cs2103/cs2103-website-base/book/errorHandling/exceptions/when/index.md
2026-05-19T19:14:07.492Z - [36mverbose[39m: Rendering page: /Users/damithch/Repos/nus-cs2103/cs2103-website-base/book/errorHandling/exceptions/index.md
2026-05-19T19:14:07.498Z - [36mverbose[39m: Rendering page: /Users/damithch/Repos/nus-cs2103/cs2103-website-base/book/errorHandling/exceptions/what/index.md
2026-05-19T19:14:07.502Z - [36mverbose[39m: Rendering page: /Users/damithch/Repos/nus-cs2103/cs2103-website-base/book/errorHandling/exceptions/how/index.md
2026-05-19T19:14:07.524Z - [36mverbose[39m: Rendering page: /Users/damithch/Repos/nus-cs2103/cs2103-website-base/book/errorHandling/designByContract/what/index.md
2026-05-19T19:14:07.558Z - [36mverbose[39m: Rendering page: /Users/damithch/Repos/nus-cs2103/cs2103-website-base/book/errorHandling/designByContract/index.md
2026-05-19T19:14:07.617Z - [36mverbose[39m: Rendering page: /Users/damithch/Repos/nus-cs2103/cs2103-website-base/book/errorHandling/defensiveProgramming/when/index.md
2026-05-19T19:14:07.622Z - [36mverbose[39m: Rendering page: /Users/damithch/Repos/nus-cs2103/cs2103-website-base/book/errorHandling/defensiveProgramming/what/index.md
2026-05-19T19:14:07.783Z - [36mverbose[39m: Rendering page: /Users/damithch/Repos/nus-cs2103/cs2103-website-base/book/errorHandling/defensiveProgramming/referentialIntegrity/index.md
2026-05-19T19:14:07.871Z - [36mverbose[39m: Rendering page: /Users/damithch/Repos/nus-cs2103/cs2103-website-base/book/errorHandling/defensiveProgramming/index.md
2026-05-19T19:14:07.904Z - [36mverbose[39m: Rendering page: /Users/damithch/Repos/nus-cs2103/cs2103-website-base/book/errorHandling/defensiveProgramming/1to1Associations/index.md
2026-05-19T19:14:07.910Z - [36mverbose[39m: Rendering page: /Users/damithch/Repos/nus-cs2103/cs2103-website-base/book/errorHandling/defensiveProgramming/compulsoryAssociations/index.md
2026-05-19T19:14:07.917Z - [36mverbose[39m: Rendering page: /Users/damithch/Repos/nus-cs2103/cs2103-website-base/book/errorHandling/assertions/when/index.md
2026-05-19T19:14:07.996Z - [36mverbose[39m: Rendering page: /Users/damithch/Repos/nus-cs2103/cs2103-website-base/book/errorHandling/assertions/what/index.md
2026-05-19T19:14:08.001Z - [36mverbose[39m: Rendering page: /Users/damithch/Repos/nus-cs2103/cs2103-website-base/book/errorHandling/assertions/index.md
2026-05-19T19:14:08.007Z - [36mverbose[39m: Rendering page: /Users/damithch/Repos/nus-cs2103/cs2103-website-base/book/errorHandling/assertions/how/index.md
2026-05-19T19:14:08.039Z - [36mverbose[39m: Rendering page: /Users/damithch/Repos/nus-cs2103/cs2103-website-base/book/documentation/tools/markdown/what/index.md
2026-05-19T19:14:08.059Z - [36mverbose[39m: Rendering page: /Users/damithch/Repos/nus-cs2103/cs2103-website-base/book/documentation/tools/markdown/index.md
2026-05-19T19:14:08.088Z - [36mverbose[39m: Rendering page: /Users/damithch/Repos/nus-cs2103/cs2103-website-base/book/documentation/tools/markdown/how/index.md
2026-05-19T19:14:08.093Z - [36mverbose[39m: Rendering page: /Users/damithch/Repos/nus-cs2103/cs2103-website-base/book/documentation/tools/javaDoc/what/index.md
2026-05-19T19:14:08.147Z - [36mverbose[39m: Rendering page: /Users/damithch/Repos/nus-cs2103/cs2103-website-base/book/documentation/tools/javaDoc/index.md
2026-05-19T19:14:08.186Z - [36mverbose[39m: Rendering page: /Users/damithch/Repos/nus-cs2103/cs2103-website-base/book/documentation/tools/javaDoc/how/index.md
2026-05-19T19:14:08.200Z - [36mverbose[39m: Rendering page: /Users/damithch/Repos/nus-cs2103/cs2103-website-base/book/documentation/tools/index.md
2026-05-19T19:14:08.247Z - [36mverbose[39m: Rendering page: /Users/damithch/Repos/nus-cs2103/cs2103-website-base/book/documentation/tools/asciiDoc/index.md
2026-05-19T19:14:08.272Z - [36mverbose[39m: Rendering page: /Users/damithch/Repos/nus-cs2103/cs2103-website-base/book/documentation/tools/asciiDoc/what/index.md
2026-05-19T19:14:08.395Z - [36mverbose[39m: Rendering page: /Users/damithch/Repos/nus-cs2103/cs2103-website-base/book/documentation/introduction/index.md
2026-05-19T19:14:08.402Z - [36mverbose[39m: Rendering page: /Users/damithch/Repos/nus-cs2103/cs2103-website-base/book/documentation/introduction/what/index.md
2026-05-19T19:14:08.408Z - [36mverbose[39m: Rendering page: /Users/damithch/Repos/nus-cs2103/cs2103-website-base/book/documentation/guidelines/index.md
2026-05-19T19:14:08.415Z - [36mverbose[39m: Rendering page: /Users/damithch/Repos/nus-cs2103/cs2103-website-base/book/documentation/index.md
2026-05-19T19:14:08.488Z - [36mverbose[39m: Rendering page: /Users/damithch/Repos/nus-cs2103/cs2103-website-base/book/documentation/guidelines/goTopDown/index.md
2026-05-19T19:14:08.494Z - [36mverbose[39m: Rendering page: /Users/damithch/Repos/nus-cs2103/cs2103-website-base/book/documentation/guidelines/goTopDown/what/index.md
2026-05-19T19:14:08.498Z - [36mverbose[39m: Rendering page: /Users/damithch/Repos/nus-cs2103/cs2103-website-base/book/documentation/guidelines/goTopDown/why/index.md
2026-05-19T19:14:08.502Z - [36mverbose[39m: Rendering page: /Users/damithch/Repos/nus-cs2103/cs2103-website-base/book/documentation/guidelines/goTopDown/how/index.md
2026-05-19T19:14:08.564Z - [36mverbose[39m: Rendering page: /Users/damithch/Repos/nus-cs2103/cs2103-website-base/book/documentation/guidelines/documentMinimally/index.md
2026-05-19T19:14:08.570Z - [36mverbose[39m: Rendering page: /Users/damithch/Repos/nus-cs2103/cs2103-website-base/book/documentation/guidelines/documentMinimally/what/index.md
2026-05-19T19:14:08.575Z - [36mverbose[39m: Rendering page: /Users/damithch/Repos/nus-cs2103/cs2103-website-base/book/documentation/guidelines/documentMinimally/how/index.md
2026-05-19T19:14:08.630Z - [36mverbose[39m: Rendering page: /Users/damithch/Repos/nus-cs2103/cs2103-website-base/book/documentation/guidelines/aimForComprehensibility/what/index.md
2026-05-19T19:14:08.635Z - [36mverbose[39m: Rendering page: /Users/damithch/Repos/nus-cs2103/cs2103-website-base/book/documentation/guidelines/aimForComprehensibility/index.md
2026-05-19T19:14:08.640Z - [36mverbose[39m: Rendering page: /Users/damithch/Repos/nus-cs2103/cs2103-website-base/book/designPatterns/singleton/what/index.md
2026-05-19T19:14:08.673Z - [36mverbose[39m: Rendering page: /Users/damithch/Repos/nus-cs2103/cs2103-website-base/book/documentation/guidelines/aimForComprehensibility/how/index.md
2026-05-19T19:14:08.736Z - [36mverbose[39m: Rendering page: /Users/damithch/Repos/nus-cs2103/cs2103-website-base/book/designPatterns/singleton/index.md
2026-05-19T19:14:08.744Z - [36mverbose[39m: Rendering page: /Users/damithch/Repos/nus-cs2103/cs2103-website-base/book/designPatterns/singleton/implementation/index.md
2026-05-19T19:14:08.778Z - [36mverbose[39m: Rendering page: /Users/damithch/Repos/nus-cs2103/cs2103-website-base/book/designPatterns/singleton/evaluation/index.md
2026-05-19T19:14:08.785Z - [36mverbose[39m: Rendering page: /Users/damithch/Repos/nus-cs2103/cs2103-website-base/book/designPatterns/observer/what/index.md
2026-05-19T19:14:08.829Z - [36mverbose[39m: Rendering page: /Users/damithch/Repos/nus-cs2103/cs2103-website-base/book/designPatterns/observer/index.md
2026-05-19T19:14:08.850Z - [36mverbose[39m: Rendering page: /Users/damithch/Repos/nus-cs2103/cs2103-website-base/book/designPatterns/more/usingDesignPatterns/index.md
2026-05-19T19:14:08.854Z - [36mverbose[39m: Rendering page: /Users/damithch/Repos/nus-cs2103/cs2103-website-base/book/designPatterns/more/vsPrinciples/index.md
2026-05-19T19:14:08.861Z - [36mverbose[39m: Rendering page: /Users/damithch/Repos/nus-cs2103/cs2103-website-base/book/designPatterns/more/otherTypesOfPatterns/index.md
2026-05-19T19:14:08.907Z - [36mverbose[39m: Rendering page: /Users/damithch/Repos/nus-cs2103/cs2103-website-base/book/designPatterns/more/otherDesignPatterns/index.md
2026-05-19T19:14:08.924Z - [36mverbose[39m: Rendering page: /Users/damithch/Repos/nus-cs2103/cs2103-website-base/book/designPatterns/more/index.md
2026-05-19T19:14:08.933Z - [36mverbose[39m: Rendering page: /Users/damithch/Repos/nus-cs2103/cs2103-website-base/book/designPatterns/modelViewController/what/index.md
2026-05-19T19:14:08.951Z - [36mverbose[39m: Rendering page: /Users/damithch/Repos/nus-cs2103/cs2103-website-base/book/designPatterns/more/combiningDesignPatterns/index.md
2026-05-19T19:14:08.975Z - [36mverbose[39m: Rendering page: /Users/damithch/Repos/nus-cs2103/cs2103-website-base/book/designPatterns/modelViewController/index.md
2026-05-19T19:14:09.023Z - [36mverbose[39m: Rendering page: /Users/damithch/Repos/nus-cs2103/cs2103-website-base/book/designPatterns/introduction/what/index.md
2026-05-19T19:14:09.029Z - [36mverbose[39m: Rendering page: /Users/damithch/Repos/nus-cs2103/cs2103-website-base/book/designPatterns/introduction/index.md
2026-05-19T19:14:09.159Z - [36mverbose[39m: Rendering page: /Users/damithch/Repos/nus-cs2103/cs2103-website-base/book/designPatterns/introduction/format/index.md
2026-05-19T19:14:09.193Z - [36mverbose[39m: Rendering page: /Users/damithch/Repos/nus-cs2103/cs2103-website-base/book/designPatterns/index.md
2026-05-19T19:14:09.228Z - [36mverbose[39m: Rendering page: /Users/damithch/Repos/nus-cs2103/cs2103-website-base/book/designPatterns/facade/what/index.md
2026-05-19T19:14:09.233Z - [36mverbose[39m: Rendering page: /Users/damithch/Repos/nus-cs2103/cs2103-website-base/book/designPatterns/facade/index.md
2026-05-19T19:14:09.252Z - [36mverbose[39m: Rendering page: /Users/damithch/Repos/nus-cs2103/cs2103-website-base/book/designPatterns/command/what/index.md
2026-05-19T19:14:09.297Z - [36mverbose[39m: Rendering page: /Users/damithch/Repos/nus-cs2103/cs2103-website-base/book/designPatterns/command/index.md
2026-05-19T19:14:09.380Z - [36mverbose[39m: Rendering page: /Users/damithch/Repos/nus-cs2103/cs2103-website-base/book/designPatterns/abstractionOccurrence/index.md
2026-05-19T19:14:09.386Z - [36mverbose[39m: Rendering page: /Users/damithch/Repos/nus-cs2103/cs2103-website-base/book/designPatterns/abstractionOccurrence/what/index.md
2026-05-19T19:14:09.394Z - [36mverbose[39m: Rendering page: /Users/damithch/Repos/nus-cs2103/cs2103-website-base/book/designFundamentals/index.md
2026-05-19T19:14:09.449Z - [36mverbose[39m: Rendering page: /Users/damithch/Repos/nus-cs2103/cs2103-website-base/book/designFundamentals/coupling/what/index.md
2026-05-19T19:14:09.456Z - [36mverbose[39m: Rendering page: /Users/damithch/Repos/nus-cs2103/cs2103-website-base/book/designFundamentals/coupling/index.md
2026-05-19T19:14:09.493Z - [36mverbose[39m: Rendering page: /Users/damithch/Repos/nus-cs2103/cs2103-website-base/book/designFundamentals/coupling/types/index.md
2026-05-19T19:14:09.537Z - [36mverbose[39m: Rendering page: /Users/damithch/Repos/nus-cs2103/cs2103-website-base/book/designFundamentals/coupling/how/index.md
2026-05-19T19:14:09.543Z - [36mverbose[39m: Rendering page: /Users/damithch/Repos/nus-cs2103/cs2103-website-base/book/designFundamentals/cohesion/what/index.md
2026-05-19T19:14:09.548Z - [36mverbose[39m: Rendering page: /Users/damithch/Repos/nus-cs2103/cs2103-website-base/book/designFundamentals/cohesion/index.md
2026-05-19T19:14:09.571Z - [36mverbose[39m: Rendering page: /Users/damithch/Repos/nus-cs2103/cs2103-website-base/book/designFundamentals/cohesion/how/index.md
2026-05-19T19:14:09.623Z - [36mverbose[39m: Rendering page: /Users/damithch/Repos/nus-cs2103/cs2103-website-base/book/designFundamentals/abstraction/index.md
2026-05-19T19:14:09.628Z - [36mverbose[39m: Rendering page: /Users/damithch/Repos/nus-cs2103/cs2103-website-base/book/designFundamentals/abstraction/what/index.md
2026-05-19T19:14:09.633Z - [36mverbose[39m: Rendering page: /Users/damithch/Repos/nus-cs2103/cs2103-website-base/book/designApproaches/topDownBottomUp/index.md
2026-05-19T19:14:09.653Z - [36mverbose[39m: Rendering page: /Users/damithch/Repos/nus-cs2103/cs2103-website-base/book/designApproaches/topDownBottomUp/what/index.md
2026-05-19T19:14:09.713Z - [36mverbose[39m: Rendering page: /Users/damithch/Repos/nus-cs2103/cs2103-website-base/book/designApproaches/multilevelDesign/index.md
2026-05-19T19:14:09.719Z - [36mverbose[39m: Rendering page: /Users/damithch/Repos/nus-cs2103/cs2103-website-base/book/designApproaches/multilevelDesign/what/index.md
2026-05-19T19:14:09.725Z - [36mverbose[39m: Rendering page: /Users/damithch/Repos/nus-cs2103/cs2103-website-base/book/designApproaches/index.md
2026-05-19T19:14:09.758Z - [36mverbose[39m: Rendering page: /Users/damithch/Repos/nus-cs2103/cs2103-website-base/book/designApproaches/agileDesign/what/index.md
2026-05-19T19:14:09.775Z - [36mverbose[39m: Rendering page: /Users/damithch/Repos/nus-cs2103/cs2103-website-base/book/designApproaches/agileDesign/index.md
2026-05-19T19:14:09.797Z - [36mverbose[39m: Rendering page: /Users/damithch/Repos/nus-cs2103/cs2103-website-base/book/design/introduction/index.md
2026-05-19T19:14:09.828Z - [36mverbose[39m: Rendering page: /Users/damithch/Repos/nus-cs2103/cs2103-website-base/book/design/index.md
2026-05-19T19:14:09.833Z - [36mverbose[39m: Rendering page: /Users/damithch/Repos/nus-cs2103/cs2103-website-base/book/design/introduction/what/index.md
2026-05-19T19:14:09.917Z - [36mverbose[39m: Rendering page: /Users/damithch/Repos/nus-cs2103/cs2103-website-base/book/cppToJava/usefulClasses/wrapperClasses/index.md
2026-05-19T19:14:10.067Z - [36mverbose[39m: Rendering page: /Users/damithch/Repos/nus-cs2103/cs2103-website-base/book/cppToJava/usefulClasses/stringClass/index.md
2026-05-19T19:14:10.080Z - [36mverbose[39m: Rendering page: /Users/damithch/Repos/nus-cs2103/cs2103-website-base/book/cppToJava/usefulClasses/scannerClass/index.md
2026-05-19T19:14:10.087Z - [36mverbose[39m: Rendering page: /Users/damithch/Repos/nus-cs2103/cs2103-website-base/book/cppToJava/usefulClasses/index.md
2026-05-19T19:14:10.139Z - [36mverbose[39m: Rendering page: /Users/damithch/Repos/nus-cs2103/cs2103-website-base/book/cppToJava/usefulClasses/arraysClass/index.md
2026-05-19T19:14:10.210Z - [36mverbose[39m: Rendering page: /Users/damithch/Repos/nus-cs2103/cs2103-website-base/book/cppToJava/objects/usingObjects/index.md
2026-05-19T19:14:10.218Z - [36mverbose[39m: Rendering page: /Users/damithch/Repos/nus-cs2103/cs2103-website-base/book/cppToJava/usefulClasses/api/index.md
2026-05-19T19:14:10.223Z - [36mverbose[39m: Rendering page: /Users/damithch/Repos/nus-cs2103/cs2103-website-base/book/cppToJava/objects/passingObjects/index.md
2026-05-19T19:14:10.312Z - [36mverbose[39m: Rendering page: /Users/damithch/Repos/nus-cs2103/cs2103-website-base/book/cppToJava/objects/instanceMembers/index.md
2026-05-19T19:14:10.346Z - [36mverbose[39m: Rendering page: /Users/damithch/Repos/nus-cs2103/cs2103-website-base/book/cppToJava/objects/index.md
2026-05-19T19:14:10.376Z - [36mverbose[39m: Rendering page: /Users/damithch/Repos/nus-cs2103/cs2103-website-base/book/cppToJava/objects/garbageCollection/index.md
2026-05-19T19:14:10.382Z - [36mverbose[39m: Rendering page: /Users/damithch/Repos/nus-cs2103/cs2103-website-base/book/cppToJava/misc/varargs/index.md
2026-05-19T19:14:10.453Z - [36mverbose[39m: Rendering page: /Users/damithch/Repos/nus-cs2103/cs2103-website-base/book/cppToJava/misc/streams/index.md
2026-05-19T19:14:10.490Z - [36mverbose[39m: Rendering page: /Users/damithch/Repos/nus-cs2103/cs2103-website-base/book/cppToJava/misc/packages/index.md
2026-05-19T19:14:10.497Z - [36mverbose[39m: Rendering page: /Users/damithch/Repos/nus-cs2103/cs2103-website-base/book/cppToJava/misc/javaFX/part02/index.md
2026-05-19T19:14:10.520Z - [36mverbose[39m: Rendering page: /Users/damithch/Repos/nus-cs2103/cs2103-website-base/book/cppToJava/misc/javaFX/part01/index.md
2026-05-19T19:14:10.659Z - [36mverbose[39m: Rendering page: /Users/damithch/Repos/nus-cs2103/cs2103-website-base/book/cppToJava/misc/javaFX/index.md
2026-05-19T19:14:10.718Z - [36mverbose[39m: Rendering page: /Users/damithch/Repos/nus-cs2103/cs2103-website-base/book/cppToJava/misc/jar/index.md
2026-05-19T19:14:10.724Z - [36mverbose[39m: Rendering page: /Users/damithch/Repos/nus-cs2103/cs2103-website-base/book/cppToJava/misc/index.md
2026-05-19T19:14:10.745Z - [36mverbose[39m: Rendering page: /Users/damithch/Repos/nus-cs2103/cs2103-website-base/book/cppToJava/misc/fileAccess/index.md
2026-05-19T19:14:10.820Z - [36mverbose[39m: Rendering page: /Users/damithch/Repos/nus-cs2103/cs2103-website-base/book/cppToJava/misc/enums/index.md
2026-05-19T19:14:10.844Z - [36mverbose[39m: Rendering page: /Users/damithch/Repos/nus-cs2103/cs2103-website-base/book/cppToJava/misc/constants/index.md
2026-05-19T19:14:10.865Z - [36mverbose[39m: Rendering page: /Users/damithch/Repos/nus-cs2103/cs2103-website-base/book/cppToJava/misc/casting/index.md
2026-05-19T19:14:10.906Z - [36mverbose[39m: Rendering page: /Users/damithch/Repos/nus-cs2103/cs2103-website-base/book/cppToJava/misc/accessModifiers/index.md
2026-05-19T19:14:10.915Z - [36mverbose[39m: Rendering page: /Users/damithch/Repos/nus-cs2103/cs2103-website-base/book/cppToJava/junit/intermediate/index.md
2026-05-19T19:14:10.960Z - [36mverbose[39m: Rendering page: /Users/damithch/Repos/nus-cs2103/cs2103-website-base/book/cppToJava/junit/index.md
2026-05-19T19:14:10.995Z - [36mverbose[39m: Rendering page: /Users/damithch/Repos/nus-cs2103/cs2103-website-base/book/cppToJava/junit/basic/index.md
2026-05-19T19:14:11.016Z - [36mverbose[39m: Rendering page: /Users/damithch/Repos/nus-cs2103/cs2103-website-base/book/cppToJava/javaWorld/what/index.md
2026-05-19T19:14:11.021Z - [36mverbose[39m: Rendering page: /Users/damithch/Repos/nus-cs2103/cs2103-website-base/book/cppToJava/javaWorld/index.md
2026-05-19T19:14:11.095Z - [36mverbose[39m: Rendering page: /Users/damithch/Repos/nus-cs2103/cs2103-website-base/book/cppToJava/javaWorld/how/index.md
2026-05-19T19:14:11.193Z - [36mverbose[39m: Rendering page: /Users/damithch/Repos/nus-cs2103/cs2103-website-base/book/cppToJava/javaWorld/editions/index.md
2026-05-19T19:14:11.198Z - [36mverbose[39m: Rendering page: /Users/damithch/Repos/nus-cs2103/cs2103-website-base/book/cppToJava/inheritance/polymorphism/index.md
2026-05-19T19:14:11.211Z - [36mverbose[39m: Rendering page: /Users/damithch/Repos/nus-cs2103/cs2103-website-base/book/cppToJava/inheritance/objectClass/index.md
2026-05-19T19:14:11.516Z - [36mverbose[39m: Rendering page: /Users/damithch/Repos/nus-cs2103/cs2103-website-base/book/cppToJava/inheritance/interfaces/index.md
2026-05-19T19:14:13.027Z - [36mverbose[39m: Rendering page: /Users/damithch/Repos/nus-cs2103/cs2103-website-base/book/cppToJava/inheritance/index.md
2026-05-19T19:14:13.064Z - [36mverbose[39m: Rendering page: /Users/damithch/Repos/nus-cs2103/cs2103-website-base/book/cppToJava/inheritance/basic/index.md
2026-05-19T19:14:13.074Z - [36mverbose[39m: Rendering page: /Users/damithch/Repos/nus-cs2103/cs2103-website-base/book/cppToJava/inheritance/abstractClassesAndMethods/index.md
2026-05-19T19:14:13.121Z - [36mverbose[39m: Rendering page: /Users/damithch/Repos/nus-cs2103/cs2103-website-base/book/cppToJava/index.md
2026-05-19T19:14:13.340Z - [36mverbose[39m: Rendering page: /Users/damithch/Repos/nus-cs2103/cs2103-website-base/book/cppToJava/gettingStarted/installation/index.md
2026-05-19T19:14:13.345Z - [36mverbose[39m: Rendering page: /Users/damithch/Repos/nus-cs2103/cs2103-website-base/book/cppToJava/gettingStarted/running/index.md
2026-05-19T19:14:13.372Z - [36mverbose[39m: Rendering page: /Users/damithch/Repos/nus-cs2103/cs2103-website-base/book/cppToJava/gettingStarted/index.md
2026-05-19T19:14:13.458Z - [36mverbose[39m: Rendering page: /Users/damithch/Repos/nus-cs2103/cs2103-website-base/book/cppToJava/gettingStarted/helloWorld/index.md
2026-05-19T19:14:13.467Z - [36mverbose[39m: Rendering page: /Users/damithch/Repos/nus-cs2103/cs2103-website-base/book/cppToJava/generics/index.md
2026-05-19T19:14:13.476Z - [36mverbose[39m: Rendering page: /Users/damithch/Repos/nus-cs2103/cs2103-website-base/book/cppToJava/gettingStarted/compiling/index.md
2026-05-19T19:14:13.480Z - [36mverbose[39m: Rendering page: /Users/damithch/Repos/nus-cs2103/cs2103-website-base/book/cppToJava/generics/what/index.md
2026-05-19T19:14:13.624Z - [36mverbose[39m: Rendering page: /Users/damithch/Repos/nus-cs2103/cs2103-website-base/book/cppToJava/generics/how/index.md
2026-05-19T19:14:13.633Z - [36mverbose[39m: Rendering page: /Users/damithch/Repos/nus-cs2103/cs2103-website-base/book/cppToJava/exceptions/what/index.md
2026-05-19T19:14:13.638Z - [36mverbose[39m: Rendering page: /Users/damithch/Repos/nus-cs2103/cs2103-website-base/book/cppToJava/exceptions/index.md
2026-05-19T19:14:13.648Z - [36mverbose[39m: Rendering page: /Users/damithch/Repos/nus-cs2103/cs2103-website-base/book/cppToJava/exceptions/how/index.md
2026-05-19T19:14:13.790Z - [36mverbose[39m: Rendering page: /Users/damithch/Repos/nus-cs2103/cs2103-website-base/book/cppToJava/dataTypes/primitiveTypes/index.md
2026-05-19T19:14:13.795Z - [36mverbose[39m: Rendering page: /Users/damithch/Repos/nus-cs2103/cs2103-website-base/book/cppToJava/dataTypes/variables/index.md
2026-05-19T19:14:13.802Z - [36mverbose[39m: Rendering page: /Users/damithch/Repos/nus-cs2103/cs2103-website-base/book/cppToJava/dataTypes/operators/index.md
2026-05-19T19:14:13.845Z - [36mverbose[39m: Rendering page: /Users/damithch/Repos/nus-cs2103/cs2103-website-base/book/cppToJava/dataTypes/index.md
2026-05-19T19:14:14.045Z - [36mverbose[39m: Rendering page: /Users/damithch/Repos/nus-cs2103/cs2103-website-base/book/cppToJava/dataTypes/arrays/index.md
2026-05-19T19:14:14.054Z - [36mverbose[39m: Rendering page: /Users/damithch/Repos/nus-cs2103/cs2103-website-base/book/cppToJava/controlFlow/methods/index.md
2026-05-19T19:14:14.062Z - [36mverbose[39m: Rendering page: /Users/damithch/Repos/nus-cs2103/cs2103-website-base/book/cppToJava/controlFlow/loops/index.md
2026-05-19T19:14:14.073Z - [36mverbose[39m: Rendering page: /Users/damithch/Repos/nus-cs2103/cs2103-website-base/book/cppToJava/controlFlow/index.md
2026-05-19T19:14:14.221Z - [36mverbose[39m: Rendering page: /Users/damithch/Repos/nus-cs2103/cs2103-website-base/book/cppToJava/controlFlow/branching/index.md
2026-05-19T19:14:14.231Z - [36mverbose[39m: Rendering page: /Users/damithch/Repos/nus-cs2103/cs2103-website-base/book/cppToJava/collections/what/index.md
2026-05-19T19:14:14.236Z - [36mverbose[39m: Rendering page: /Users/damithch/Repos/nus-cs2103/cs2103-website-base/book/cppToJava/collections/index.md
2026-05-19T19:14:14.272Z - [36mverbose[39m: Rendering page: /Users/damithch/Repos/nus-cs2103/cs2103-website-base/book/cppToJava/collections/hashMapClass/index.md
2026-05-19T19:14:14.438Z - [36mverbose[39m: Rendering page: /Users/damithch/Repos/nus-cs2103/cs2103-website-base/book/cppToJava/collections/arrayListClass/index.md
2026-05-19T19:14:14.445Z - [36mverbose[39m: Rendering page: /Users/damithch/Repos/nus-cs2103/cs2103-website-base/book/cppToJava/classes/index.md
2026-05-19T19:14:14.462Z - [36mverbose[39m: Rendering page: /Users/damithch/Repos/nus-cs2103/cs2103-website-base/book/cppToJava/classes/gettersAndSetters/index.md
2026-05-19T19:14:14.523Z - [36mverbose[39m: Rendering page: /Users/damithch/Repos/nus-cs2103/cs2103-website-base/book/cppToJava/classes/definingClasses/index.md
2026-05-19T19:14:14.564Z - [36mverbose[39m: Rendering page: /Users/damithch/Repos/nus-cs2103/cs2103-website-base/book/cppToJava/classes/classLevelMembers/index.md
2026-05-19T19:14:14.574Z - [36mverbose[39m: Rendering page: /Users/damithch/Repos/nus-cs2103/cs2103-website-base/book/cppToJava/about/index.md
2026-05-19T19:14:14.582Z - [36mverbose[39m: Rendering page: /Users/damithch/Repos/nus-cs2103/cs2103-website-base/book/codeQuality/nameWell/introduction/index.md
2026-05-19T19:14:14.672Z - [36mverbose[39m: Rendering page: /Users/damithch/Repos/nus-cs2103/cs2103-website-base/book/codeQuality/nameWell/intermediate/useNameExplain/index.md
2026-05-19T19:14:14.677Z - [36mverbose[39m: Rendering page: /Users/damithch/Repos/nus-cs2103/cs2103-website-base/book/codeQuality/nameWell/intermediate/index.md
2026-05-19T19:14:14.687Z - [36mverbose[39m: Rendering page: /Users/damithch/Repos/nus-cs2103/cs2103-website-base/book/codeQuality/nameWell/intermediate/notTooLongNorShort/index.md
2026-05-19T19:14:14.745Z - [36mverbose[39m: Rendering page: /Users/damithch/Repos/nus-cs2103/cs2103-website-base/book/codeQuality/nameWell/intermediate/avoidMisleadingNames/index.md
2026-05-19T19:14:14.767Z - [36mverbose[39m: Rendering page: /Users/damithch/Repos/nus-cs2103/cs2103-website-base/book/codeQuality/nameWell/index.md
2026-05-19T19:14:14.801Z - [36mverbose[39m: Rendering page: /Users/damithch/Repos/nus-cs2103/cs2103-website-base/book/codeQuality/nameWell/basic/useStandardWords/index.md
2026-05-19T19:14:14.807Z - [36mverbose[39m: Rendering page: /Users/damithch/Repos/nus-cs2103/cs2103-website-base/book/codeQuality/nameWell/basic/nounsAndVerbsAsNames/index.md
2026-05-19T19:14:14.825Z - [36mverbose[39m: Rendering page: /Users/damithch/Repos/nus-cs2103/cs2103-website-base/book/codeQuality/nameWell/basic/index.md
2026-05-19T19:14:14.887Z - [36mverbose[39m: Rendering page: /Users/damithch/Repos/nus-cs2103/cs2103-website-base/book/codeQuality/maximizeReadability/introduction/index.md
2026-05-19T19:14:14.893Z - [36mverbose[39m: Rendering page: /Users/damithch/Repos/nus-cs2103/cs2103-website-base/book/codeQuality/maximizeReadability/intermediate/practiceKISSing/index.md
2026-05-19T19:14:14.941Z - [36mverbose[39m: Rendering page: /Users/damithch/Repos/nus-cs2103/cs2103-website-base/book/codeQuality/maximizeReadability/intermediate/structureCodeLogically/index.md
2026-05-19T19:14:14.948Z - [36mverbose[39m: Rendering page: /Users/damithch/Repos/nus-cs2103/cs2103-website-base/book/codeQuality/maximizeReadability/intermediate/slapHard/index.md
2026-05-19T19:14:14.982Z - [36mverbose[39m: Rendering page: /Users/damithch/Repos/nus-cs2103/cs2103-website-base/book/codeQuality/maximizeReadability/intermediate/index.md
2026-05-19T19:14:15.113Z - [36mverbose[39m: Rendering page: /Users/damithch/Repos/nus-cs2103/cs2103-website-base/book/codeQuality/maximizeReadability/intermediate/dontTripReader/index.md
2026-05-19T19:14:15.118Z - [36mverbose[39m: Rendering page: /Users/damithch/Repos/nus-cs2103/cs2103-website-base/book/codeQuality/maximizeReadability/intermediate/avoidPrematureOptimizations/index.md
2026-05-19T19:14:15.123Z - [36mverbose[39m: Rendering page: /Users/damithch/Repos/nus-cs2103/cs2103-website-base/book/codeQuality/maximizeReadability/index.md
2026-05-19T19:14:15.209Z - [36mverbose[39m: Rendering page: /Users/damithch/Repos/nus-cs2103/cs2103-website-base/book/codeQuality/maximizeReadability/basic/makeCodeObvious/index.md
2026-05-19T19:14:15.225Z - [36mverbose[39m: Rendering page: /Users/damithch/Repos/nus-cs2103/cs2103-website-base/book/codeQuality/maximizeReadability/basic/index.md
2026-05-19T19:14:15.257Z - [36mverbose[39m: Rendering page: /Users/damithch/Repos/nus-cs2103/cs2103-website-base/book/codeQuality/maximizeReadability/basic/avoidMagicNumbers/index.md
2026-05-19T19:14:15.265Z - [36mverbose[39m: Rendering page: /Users/damithch/Repos/nus-cs2103/cs2103-website-base/book/codeQuality/maximizeReadability/basic/avoidLongMethods/index.md
2026-05-19T19:14:15.311Z - [36mverbose[39m: Rendering page: /Users/damithch/Repos/nus-cs2103/cs2103-website-base/book/codeQuality/maximizeReadability/basic/avoidDeepNesting/index.md
2026-05-19T19:14:15.362Z - [36mverbose[39m: Rendering page: /Users/damithch/Repos/nus-cs2103/cs2103-website-base/book/codeQuality/maximizeReadability/basic/avoidComplicatedExpressions/index.md
2026-05-19T19:14:15.398Z - [36mverbose[39m: Rendering page: /Users/damithch/Repos/nus-cs2103/cs2103-website-base/book/codeQuality/maximizeReadability/advanced/index.md
2026-05-19T19:14:15.405Z - [36mverbose[39m: Rendering page: /Users/damithch/Repos/nus-cs2103/cs2103-website-base/book/codeQuality/maximizeReadability/advanced/makeHappyPathProminent/index.md
2026-05-19T19:14:15.683Z - [36mverbose[39m: Rendering page: /Users/damithch/Repos/nus-cs2103/cs2103-website-base/book/codeQuality/introduction/index.md
2026-05-19T19:14:15.706Z - [36mverbose[39m: Rendering page: /Users/damithch/Repos/nus-cs2103/cs2103-website-base/book/codeQuality/introduction/basic/index.md
2026-05-19T19:14:15.733Z - [36mverbose[39m: Rendering page: /Users/damithch/Repos/nus-cs2103/cs2103-website-base/book/codeQuality/index.md
2026-05-19T19:14:15.800Z - [36mverbose[39m: Rendering page: /Users/damithch/Repos/nus-cs2103/cs2103-website-base/book/codeQuality/followStandard/introduction/index.md
2026-05-19T19:14:15.806Z - [36mverbose[39m: Rendering page: /Users/damithch/Repos/nus-cs2103/cs2103-website-base/book/codeQuality/followStandard/index.md
2026-05-19T19:14:15.840Z - [36mverbose[39m: Rendering page: /Users/damithch/Repos/nus-cs2103/cs2103-website-base/book/codeQuality/followStandard/intermediate/index.md
2026-05-19T19:14:15.883Z - [36mverbose[39m: Rendering page: /Users/damithch/Repos/nus-cs2103/cs2103-website-base/book/codeQuality/followStandard/basic/index.md
2026-05-19T19:14:15.890Z - [36mverbose[39m: Rendering page: /Users/damithch/Repos/nus-cs2103/cs2103-website-base/book/codeQuality/commentMinimally/introduction/index.md
2026-05-19T19:14:15.934Z - [36mverbose[39m: Rendering page: /Users/damithch/Repos/nus-cs2103/cs2103-website-base/book/codeQuality/commentMinimally/intermediate/index.md
2026-05-19T19:14:15.941Z - [36mverbose[39m: Rendering page: /Users/damithch/Repos/nus-cs2103/cs2103-website-base/book/codeQuality/commentMinimally/intermediate/explainWhatWhyNotHow/index.md
2026-05-19T19:14:15.988Z - [36mverbose[39m: Rendering page: /Users/damithch/Repos/nus-cs2103/cs2103-website-base/book/codeQuality/commentMinimally/index.md
2026-05-19T19:14:16.028Z - [36mverbose[39m: Rendering page: /Users/damithch/Repos/nus-cs2103/cs2103-website-base/book/codeQuality/commentMinimally/basic/writeToReader/index.md
2026-05-19T19:14:16.035Z - [36mverbose[39m: Rendering page: /Users/damithch/Repos/nus-cs2103/cs2103-website-base/book/codeQuality/commentMinimally/basic/index.md
2026-05-19T19:14:16.042Z - [36mverbose[39m: Rendering page: /Users/damithch/Repos/nus-cs2103/cs2103-website-base/book/codeQuality/commentMinimally/basic/dontRepeatObvious/index.md
2026-05-19T19:14:16.047Z - [36mverbose[39m: Rendering page: /Users/damithch/Repos/nus-cs2103/cs2103-website-base/book/codeQuality/avoidShortcuts/introduction/index.md
2026-05-19T19:14:16.152Z - [36mverbose[39m: Rendering page: /Users/damithch/Repos/nus-cs2103/cs2103-website-base/book/codeQuality/avoidShortcuts/intermediate/index.md
2026-05-19T19:14:16.157Z - [36mverbose[39m: Rendering page: /Users/damithch/Repos/nus-cs2103/cs2103-website-base/book/codeQuality/avoidShortcuts/intermediate/minimiseVariableScope/index.md
2026-05-19T19:14:16.164Z - [36mverbose[39m: Rendering page: /Users/damithch/Repos/nus-cs2103/cs2103-website-base/book/codeQuality/avoidShortcuts/intermediate/minimiseCodeDuplication/index.md
2026-05-19T19:14:16.168Z - [36mverbose[39m: Rendering page: /Users/damithch/Repos/nus-cs2103/cs2103-website-base/book/codeQuality/avoidShortcuts/index.md
2026-05-19T19:14:16.252Z - [36mverbose[39m: Rendering page: /Users/damithch/Repos/nus-cs2103/cs2103-website-base/book/codeQuality/avoidShortcuts/basic/index.md
2026-05-19T19:14:16.259Z - [36mverbose[39m: Rendering page: /Users/damithch/Repos/nus-cs2103/cs2103-website-base/book/codeQuality/avoidShortcuts/basic/deleteDeadCode/index.md
2026-05-19T19:14:16.263Z - [36mverbose[39m: Rendering page: /Users/damithch/Repos/nus-cs2103/cs2103-website-base/book/codeQuality/avoidShortcuts/basic/dontRecycleVarsOrParams/index.md
2026-05-19T19:14:16.271Z - [36mverbose[39m: Rendering page: /Users/damithch/Repos/nus-cs2103/cs2103-website-base/book/codeQuality/avoidShortcuts/basic/useDefaultBranch/index.md
2026-05-19T19:14:16.416Z - [36mverbose[39m: Rendering page: /Users/damithch/Repos/nus-cs2103/cs2103-website-base/book/codeQuality/avoidShortcuts/basic/avoidEmptyCatchBlocks/index.md
2026-05-19T19:14:16.422Z - [36mverbose[39m: Rendering page: /Users/damithch/Repos/nus-cs2103/cs2103-website-base/book/architecture/introduction/what/index.md
2026-05-19T19:14:16.428Z - [36mverbose[39m: Rendering page: /Users/damithch/Repos/nus-cs2103/cs2103-website-base/book/architecture/introduction/index.md
2026-05-19T19:14:16.433Z - [36mverbose[39m: Rendering page: /Users/damithch/Repos/nus-cs2103/cs2103-website-base/book/architecture/index.md
2026-05-19T19:14:16.520Z - [36mverbose[39m: Rendering page: /Users/damithch/Repos/nus-cs2103/cs2103-website-base/book/architecture/architectureDiagrams/index.md
2026-05-19T19:14:16.528Z - [36mverbose[39m: Rendering page: /Users/damithch/Repos/nus-cs2103/cs2103-website-base/book/architecture/architectureDiagrams/drawing/index.md
2026-05-19T19:14:16.533Z - [36mverbose[39m: Rendering page: /Users/damithch/Repos/nus-cs2103/cs2103-website-base/book/architecture/architectureDiagrams/reading/index.md
2026-05-19T19:14:16.541Z - [36mverbose[39m: Rendering page: /Users/damithch/Repos/nus-cs2103/cs2103-website-base/book/architecture/architecturalStyles/transactionProcessing/what/index.md
2026-05-19T19:14:16.601Z - [36mverbose[39m: Rendering page: /Users/damithch/Repos/nus-cs2103/cs2103-website-base/book/architecture/architecturalStyles/transactionProcessing/index.md
2026-05-19T19:14:16.606Z - [36mverbose[39m: Rendering page: /Users/damithch/Repos/nus-cs2103/cs2103-website-base/book/architecture/architecturalStyles/serviceOriented/what/index.md
2026-05-19T19:14:16.612Z - [36mverbose[39m: Rendering page: /Users/damithch/Repos/nus-cs2103/cs2103-website-base/book/architecture/architecturalStyles/serviceOriented/index.md
2026-05-19T19:14:16.636Z - [36mverbose[39m: Rendering page: /Users/damithch/Repos/nus-cs2103/cs2103-website-base/book/architecture/architecturalStyles/nTier/what/index.md
2026-05-19T19:14:16.774Z - [36mverbose[39m: Rendering page: /Users/damithch/Repos/nus-cs2103/cs2103-website-base/book/architecture/architecturalStyles/nTier/index.md
2026-05-19T19:14:16.781Z - [36mverbose[39m: Rendering page: /Users/damithch/Repos/nus-cs2103/cs2103-website-base/book/architecture/architecturalStyles/more/usingStyles/index.md
2026-05-19T19:14:16.791Z - [36mverbose[39m: Rendering page: /Users/damithch/Repos/nus-cs2103/cs2103-website-base/book/architecture/architecturalStyles/more/index.md
2026-05-19T19:14:16.836Z - [36mverbose[39m: Rendering page: /Users/damithch/Repos/nus-cs2103/cs2103-website-base/book/architecture/architecturalStyles/more/moreStyles/index.md
2026-05-19T19:14:16.910Z - [36mverbose[39m: Rendering page: /Users/damithch/Repos/nus-cs2103/cs2103-website-base/book/architecture/architecturalStyles/introduction/index.md
2026-05-19T19:14:16.916Z - [36mverbose[39m: Rendering page: /Users/damithch/Repos/nus-cs2103/cs2103-website-base/book/architecture/architecturalStyles/index.md
2026-05-19T19:14:16.924Z - [36mverbose[39m: Rendering page: /Users/damithch/Repos/nus-cs2103/cs2103-website-base/book/architecture/architecturalStyles/introduction/what/index.md
2026-05-19T19:14:16.929Z - [36mverbose[39m: Rendering page: /Users/damithch/Repos/nus-cs2103/cs2103-website-base/book/architecture/architecturalStyles/eventDriven/what/index.md
2026-05-19T19:14:17.070Z - [36mverbose[39m: Rendering page: /Users/damithch/Repos/nus-cs2103/cs2103-website-base/book/architecture/architecturalStyles/eventDriven/index.md
2026-05-19T19:14:17.075Z - [36mverbose[39m: Rendering page: /Users/damithch/Repos/nus-cs2103/cs2103-website-base/book/architecture/architecturalStyles/clientServer/what/index.md
2026-05-19T19:14:17.082Z - [36mverbose[39m: Rendering page: /Users/damithch/Repos/nus-cs2103/cs2103-website-base/book/architecture/architecturalStyles/clientServer/index.md
2026-05-19T19:14:17.607Z - [36mverbose[39m: Rendering page: /Users/damithch/Repos/nus-cs2103/cs2103-website-base/book/combined/exercises.md
2026-05-19T19:14:17.616Z - [36mverbose[39m: Rendering page: /Users/damithch/Repos/nus-cs2103/cs2103-website-base/se-book-adapted/git-trail/index.md
2026-05-19T19:14:17.751Z - [36mverbose[39m: Rendering page: /Users/damithch/Repos/nus-cs2103/cs2103-website-base/se-book-adapted/projectDuke/index.md
2026-05-19T19:14:17.771Z - [36mverbose[39m: Rendering page: /Users/damithch/Repos/nus-cs2103/cs2103-website-base/se-book-adapted/common/exercises.md
2026-05-19T19:14:18.085Z - [36mverbose[39m: Rendering page: /Users/damithch/Repos/nus-cs2103/cs2103-website-base/se-book-adapted/common/definitions.md
2026-05-19T19:14:18.211Z - [36mverbose[39m: Rendering page: /Users/damithch/Repos/nus-cs2103/cs2103-website-base/se-book-adapted/chapters-printable/testCaseDesign-printable.md
2026-05-19T19:14:18.226Z - [36mverbose[39m: Rendering page: /Users/damithch/Repos/nus-cs2103/cs2103-website-base/se-book-adapted/chapters-printable/uml-printable.md
2026-05-19T19:14:18.250Z - [36mverbose[39m: Rendering page: /Users/damithch/Repos/nus-cs2103/cs2103-website-base/se-book-adapted/chapters-printable/testing-printable.md
2026-05-19T19:14:18.274Z - [36mverbose[39m: Rendering page: /Users/damithch/Repos/nus-cs2103/cs2103-website-base/se-book-adapted/chapters-printable/teamwork-printable.md
2026-05-19T19:14:18.473Z - [36mverbose[39m: Rendering page: /Users/damithch/Repos/nus-cs2103/cs2103-website-base/se-book-adapted/chapters-printable/specifyingRequirements-printable.md
2026-05-19T19:14:18.524Z - [36mverbose[39m: Rendering page: /Users/damithch/Repos/nus-cs2103/cs2103-website-base/se-book-adapted/chapters-printable/softwareEngineering-printable.md
2026-05-19T19:14:18.529Z - [36mverbose[39m: Rendering page: /Users/damithch/Repos/nus-cs2103/cs2103-website-base/se-book-adapted/chapters-printable/reuse-printable.md
2026-05-19T19:14:18.624Z - [36mverbose[39m: Rendering page: /Users/damithch/Repos/nus-cs2103/cs2103-website-base/se-book-adapted/chapters-printable/requirements-printable.md
2026-05-19T19:14:18.753Z - [36mverbose[39m: Rendering page: /Users/damithch/Repos/nus-cs2103/cs2103-website-base/se-book-adapted/chapters-printable/refactoring-printable.md
2026-05-19T19:14:18.941Z - [36mverbose[39m: Rendering page: /Users/damithch/Repos/nus-cs2103/cs2103-website-base/se-book-adapted/chapters-printable/qualityAssurance-printable.md
2026-05-19T19:14:19.092Z - [36mverbose[39m: Rendering page: /Users/damithch/Repos/nus-cs2103/cs2103-website-base/se-book-adapted/chapters-printable/projectPlanning-printable.md
2026-05-19T19:14:19.588Z - [36mverbose[39m: Rendering page: /Users/damithch/Repos/nus-cs2103/cs2103-website-base/se-book-adapted/chapters-printable/processModels-printable.md
2026-05-19T19:14:19.606Z - [36mverbose[39m: Rendering page: /Users/damithch/Repos/nus-cs2103/cs2103-website-base/se-book-adapted/chapters-printable/principles-printable.md
2026-05-19T19:14:19.711Z - [36mverbose[39m: Rendering page: /Users/damithch/Repos/nus-cs2103/cs2103-website-base/se-book-adapted/chapters-printable/modeling-printable.md
2026-05-19T19:14:19.733Z - [36mverbose[39m: Rendering page: /Users/damithch/Repos/nus-cs2103/cs2103-website-base/se-book-adapted/chapters-printable/oop-printable.md
2026-05-19T19:14:19.793Z - [36mverbose[39m: Rendering page: /Users/damithch/Repos/nus-cs2103/cs2103-website-base/se-book-adapted/chapters-printable/intellij-printable.md
2026-05-19T19:14:19.924Z - [36mverbose[39m: Rendering page: /Users/damithch/Repos/nus-cs2103/cs2103-website-base/se-book-adapted/chapters-printable/integration-printable.md
2026-05-19T19:14:19.933Z - [36mverbose[39m: Rendering page: /Users/damithch/Repos/nus-cs2103/cs2103-website-base/se-book-adapted/chapters-printable/ides-printable.md
2026-05-19T19:14:19.938Z - [36mverbose[39m: Rendering page: /Users/damithch/Repos/nus-cs2103/cs2103-website-base/se-book-adapted/chapters-printable/gatheringRequirements-printable.md
2026-05-19T19:14:19.993Z - [36mverbose[39m: Rendering page: /Users/damithch/Repos/nus-cs2103/cs2103-website-base/se-book-adapted/chapters-printable/errorHandling-printable.md
2026-05-19T19:14:20.127Z - [36mverbose[39m: Rendering page: /Users/damithch/Repos/nus-cs2103/cs2103-website-base/se-book-adapted/chapters-printable/documentation-printable.md
2026-05-19T19:14:20.138Z - [36mverbose[39m: Rendering page: /Users/damithch/Repos/nus-cs2103/cs2103-website-base/se-book-adapted/chapters-printable/designPatterns-printable.md
2026-05-19T19:14:20.147Z - [36mverbose[39m: Rendering page: /Users/damithch/Repos/nus-cs2103/cs2103-website-base/se-book-adapted/chapters-printable/designFundamentals-printable.md
2026-05-19T19:14:20.182Z - [36mverbose[39m: Rendering page: /Users/damithch/Repos/nus-cs2103/cs2103-website-base/se-book-adapted/chapters-printable/designApproaches-printable.md
2026-05-19T19:14:21.066Z - [36mverbose[39m: Rendering page: /Users/damithch/Repos/nus-cs2103/cs2103-website-base/se-book-adapted/chapters-printable/design-printable.md
2026-05-19T19:14:21.126Z - [36mverbose[39m: Rendering page: /Users/damithch/Repos/nus-cs2103/cs2103-website-base/se-book-adapted/chapters-printable/codeQuality-printable.md
2026-05-19T19:14:21.150Z - [36mverbose[39m: Rendering page: /Users/damithch/Repos/nus-cs2103/cs2103-website-base/se-book-adapted/chapters-printable/cppToJava-printable.md
2026-05-19T19:14:21.596Z - [36mverbose[39m: Rendering page: /Users/damithch/Repos/nus-cs2103/cs2103-website-base/se-book-adapted/chapters-printable/architecture-printable.md
2026-05-19T19:14:22.124Z - [36mverbose[39m: Rendering page: /Users/damithch/Repos/nus-cs2103/cs2103-website-base/se-book-adapted/chapters/uml.md
2026-05-19T19:14:22.173Z - [36mverbose[39m: Rendering page: /Users/damithch/Repos/nus-cs2103/cs2103-website-base/se-book-adapted/chapters/test.md
2026-05-19T19:14:22.178Z - [36mverbose[39m: Rendering page: /Users/damithch/Repos/nus-cs2103/cs2103-website-base/se-book-adapted/chapters/testing.md
2026-05-19T19:14:22.212Z - [36mverbose[39m: Rendering page: /Users/damithch/Repos/nus-cs2103/cs2103-website-base/se-book-adapted/chapters/testCaseDesign.md
2026-05-19T19:14:22.482Z - [36mverbose[39m: Rendering page: /Users/damithch/Repos/nus-cs2103/cs2103-website-base/se-book-adapted/chapters/teamwork.md
2026-05-19T19:14:22.568Z - [36mverbose[39m: Rendering page: /Users/damithch/Repos/nus-cs2103/cs2103-website-base/se-book-adapted/chapters/softwareEngineering.md
2026-05-19T19:14:22.576Z - [36mverbose[39m: Rendering page: /Users/damithch/Repos/nus-cs2103/cs2103-website-base/se-book-adapted/chapters/specifyingRequirements.md
2026-05-19T19:14:22.639Z - [36mverbose[39m: Rendering page: /Users/damithch/Repos/nus-cs2103/cs2103-website-base/se-book-adapted/chapters/reuse.md
2026-05-19T19:14:22.755Z - [36mverbose[39m: Rendering page: /Users/damithch/Repos/nus-cs2103/cs2103-website-base/se-book-adapted/chapters/requirements.md
2026-05-19T19:14:22.817Z - [36mverbose[39m: Rendering page: /Users/damithch/Repos/nus-cs2103/cs2103-website-base/se-book-adapted/chapters/refactoring.md
2026-05-19T19:14:22.913Z - [36mverbose[39m: Rendering page: /Users/damithch/Repos/nus-cs2103/cs2103-website-base/se-book-adapted/chapters/qualityAssurance.md
2026-05-19T19:14:22.923Z - [36mverbose[39m: Rendering page: /Users/damithch/Repos/nus-cs2103/cs2103-website-base/se-book-adapted/chapters/projectPlanning.md
2026-05-19T19:14:23.402Z - [36mverbose[39m: Rendering page: /Users/damithch/Repos/nus-cs2103/cs2103-website-base/se-book-adapted/chapters/processModels.md
2026-05-19T19:14:23.877Z - [36mverbose[39m: Rendering page: /Users/damithch/Repos/nus-cs2103/cs2103-website-base/se-book-adapted/chapters/principles.md
2026-05-19T19:14:23.943Z - [36mverbose[39m: Rendering page: /Users/damithch/Repos/nus-cs2103/cs2103-website-base/se-book-adapted/chapters/oop.md
2026-05-19T19:14:23.977Z - [36mverbose[39m: Rendering page: /Users/damithch/Repos/nus-cs2103/cs2103-website-base/se-book-adapted/chapters/modeling.md
2026-05-19T19:14:24.079Z - [36mverbose[39m: Rendering page: /Users/damithch/Repos/nus-cs2103/cs2103-website-base/se-book-adapted/chapters/intellij.md
2026-05-19T19:14:24.160Z - [36mverbose[39m: Rendering page: /Users/damithch/Repos/nus-cs2103/cs2103-website-base/se-book-adapted/chapters/integration.md
2026-05-19T19:14:24.434Z - [36mverbose[39m: Rendering page: /Users/damithch/Repos/nus-cs2103/cs2103-website-base/se-book-adapted/chapters/ides.md
2026-05-19T19:14:24.444Z - [36mverbose[39m: Rendering page: /Users/damithch/Repos/nus-cs2103/cs2103-website-base/se-book-adapted/chapters/gatheringRequirements.md
2026-05-19T19:14:24.589Z - [36mverbose[39m: Rendering page: /Users/damithch/Repos/nus-cs2103/cs2103-website-base/se-book-adapted/chapters/documentation.md
2026-05-19T19:14:24.670Z - [36mverbose[39m: Rendering page: /Users/damithch/Repos/nus-cs2103/cs2103-website-base/se-book-adapted/chapters/errorHandling.md
2026-05-19T19:14:24.747Z - [36mverbose[39m: Rendering page: /Users/damithch/Repos/nus-cs2103/cs2103-website-base/se-book-adapted/chapters/designPatterns.md
2026-05-19T19:14:24.768Z - [36mverbose[39m: Rendering page: /Users/damithch/Repos/nus-cs2103/cs2103-website-base/se-book-adapted/chapters/designFundamentals.md
2026-05-19T19:14:26.317Z - [36mverbose[39m: Rendering page: /Users/damithch/Repos/nus-cs2103/cs2103-website-base/se-book-adapted/chapters/designApproaches.md
2026-05-19T19:14:26.587Z - [36mverbose[39m: Rendering page: /Users/damithch/Repos/nus-cs2103/cs2103-website-base/se-book-adapted/chapters/design.md
2026-05-19T19:14:26.685Z - [36mverbose[39m: Rendering page: /Users/damithch/Repos/nus-cs2103/cs2103-website-base/se-book-adapted/chapters/codeQuality.md
2026-05-19T19:14:26.723Z - [36mverbose[39m: Rendering page: /Users/damithch/Repos/nus-cs2103/cs2103-website-base/se-book-adapted/chapters/cppToJava.md
2026-05-19T19:14:27.035Z - [36mverbose[39m: Rendering page: /Users/damithch/Repos/nus-cs2103/cs2103-website-base/se-book-adapted/chapters/architecture.md
2026-05-19T19:14:27.061Z - [36mverbose[39m: Rendering page: /Users/damithch/Repos/nus-cs2103/cs2103-website-base/se-book-adapted/index.md
2026-05-19T19:14:27.396Z - [36mverbose[39m: Rendering page: /Users/damithch/Repos/nus-cs2103/cs2103-website-base/book/about/acknowledgements.md
2026-05-19T19:14:27.402Z - [36mverbose[39m: Rendering page: /Users/damithch/Repos/nus-cs2103/cs2103-website-base/schedule/week9/tutorial.md
2026-05-19T19:14:27.434Z - [36mverbose[39m: Rendering page: /Users/damithch/Repos/nus-cs2103/cs2103-website-base/schedule/week7/tutorial.md
2026-05-19T19:14:27.440Z - [36mverbose[39m: Rendering page: /Users/damithch/Repos/nus-cs2103/cs2103-website-base/schedule/week8/tutorial.md
2026-05-19T19:14:27.895Z - [36mverbose[39m: Rendering page: /Users/damithch/Repos/nus-cs2103/cs2103-website-base/schedule/week6/tutorial.md
2026-05-19T19:14:28.587Z - [36mverbose[39m: Rendering page: /Users/damithch/Repos/nus-cs2103/cs2103-website-base/schedule/week5/tutorial.md
2026-05-19T19:14:28.613Z - [36mverbose[39m: Rendering page: /Users/damithch/Repos/nus-cs2103/cs2103-website-base/schedule/week4/tutorial.md
2026-05-19T19:14:28.619Z - [36mverbose[39m: Rendering page: /Users/damithch/Repos/nus-cs2103/cs2103-website-base/schedule/week3/tutorial.md
2026-05-19T19:14:28.636Z - [36mverbose[39m: Rendering page: /Users/damithch/Repos/nus-cs2103/cs2103-website-base/schedule/week2/tutorial.md
2026-05-19T19:14:28.843Z - [36mverbose[39m: Rendering page: /Users/damithch/Repos/nus-cs2103/cs2103-website-base/schedule/week12/tutorial.md
2026-05-19T19:14:28.851Z - [36mverbose[39m: Rendering page: /Users/damithch/Repos/nus-cs2103/cs2103-website-base/schedule/week13/tutorial.md
2026-05-19T19:14:28.856Z - [36mverbose[39m: Rendering page: /Users/damithch/Repos/nus-cs2103/cs2103-website-base/schedule/week11/tutorial.md
2026-05-19T19:14:28.878Z - [36mverbose[39m: Rendering page: /Users/damithch/Repos/nus-cs2103/cs2103-website-base/schedule/week10/tutorial.md
2026-05-19T19:14:30.390Z - [36mverbose[39m: Rendering page: /Users/damithch/Repos/nus-cs2103/cs2103-website-base/schedule/week1/tutorial.md
2026-05-19T19:14:30.396Z - [36mverbose[39m: Rendering page: /Users/damithch/Repos/nus-cs2103/cs2103-website-base/schedule/week9/topics.md
2026-05-19T19:14:30.442Z - [36mverbose[39m: Rendering page: /Users/damithch/Repos/nus-cs2103/cs2103-website-base/schedule/week8/topics.md
2026-05-19T19:14:30.494Z - [36mverbose[39m: Rendering page: /Users/damithch/Repos/nus-cs2103/cs2103-website-base/schedule/week7/topics.md
2026-05-19T19:14:32.382Z - [36mverbose[39m: Rendering page: /Users/damithch/Repos/nus-cs2103/cs2103-website-base/schedule/week6/topics.md
2026-05-19T19:14:32.421Z - [36mverbose[39m: Rendering page: /Users/damithch/Repos/nus-cs2103/cs2103-website-base/schedule/week4/topics.md
2026-05-19T19:14:32.467Z - [36mverbose[39m: Rendering page: /Users/damithch/Repos/nus-cs2103/cs2103-website-base/schedule/week5/topics.md
2026-05-19T19:14:32.842Z - [36mverbose[39m: Rendering page: /Users/damithch/Repos/nus-cs2103/cs2103-website-base/schedule/week3/topics.md
2026-05-19T19:14:33.504Z - [36mverbose[39m: Rendering page: /Users/damithch/Repos/nus-cs2103/cs2103-website-base/schedule/week2/topics.md
2026-05-19T19:14:33.527Z - [36mverbose[39m: Rendering page: /Users/damithch/Repos/nus-cs2103/cs2103-website-base/schedule/week13/topics.md
2026-05-19T19:14:33.532Z - [36mverbose[39m: Rendering page: /Users/damithch/Repos/nus-cs2103/cs2103-website-base/schedule/week12/topics.md
2026-05-19T19:14:33.950Z - [36mverbose[39m: Rendering page: /Users/damithch/Repos/nus-cs2103/cs2103-website-base/schedule/week11/topics.md
2026-05-19T19:14:35.593Z - [36mverbose[39m: Rendering page: /Users/damithch/Repos/nus-cs2103/cs2103-website-base/schedule/week10/topics.md
2026-05-19T19:14:37.728Z - [36mverbose[39m: Rendering page: /Users/damithch/Repos/nus-cs2103/cs2103-website-base/schedule/week1/topics.md
2026-05-19T19:14:37.851Z - [36mverbose[39m: Rendering page: /Users/damithch/Repos/nus-cs2103/cs2103-website-base/schedule/week9/project.md
2026-05-19T19:14:37.865Z - [36mverbose[39m: Rendering page: /Users/damithch/Repos/nus-cs2103/cs2103-website-base/schedule/week8/project.md
2026-05-19T19:14:37.892Z - [36mverbose[39m: Rendering page: /Users/damithch/Repos/nus-cs2103/cs2103-website-base/schedule/week7/project.md
2026-05-19T19:14:42.447Z - [36mverbose[39m: Rendering page: /Users/damithch/Repos/nus-cs2103/cs2103-website-base/schedule/week5/project.md
2026-05-19T19:14:42.464Z - [36mverbose[39m: Rendering page: /Users/damithch/Repos/nus-cs2103/cs2103-website-base/schedule/week6/project.md
2026-05-19T19:14:42.489Z - [36mverbose[39m: Rendering page: /Users/damithch/Repos/nus-cs2103/cs2103-website-base/schedule/week4/project.md
2026-05-19T19:14:42.529Z - [36mverbose[39m: Rendering page: /Users/damithch/Repos/nus-cs2103/cs2103-website-base/schedule/week3/project.md
2026-05-19T19:14:46.873Z - [34mdebug[39m: 
2026-05-19T19:14:46.873Z - [34mdebug[39m: 
2026-05-19T19:14:48.222Z - [36mverbose[39m: Rendering page: /Users/damithch/Repos/nus-cs2103/cs2103-website-base/schedule/week2/project.md
2026-05-19T19:14:48.248Z - [36mverbose[39m: Rendering page: /Users/damithch/Repos/nus-cs2103/cs2103-website-base/schedule/week13/project.md
2026-05-19T19:14:48.291Z - [36mverbose[39m: Rendering page: /Users/damithch/Repos/nus-cs2103/cs2103-website-base/schedule/week12/project.md
2026-05-19T19:14:49.343Z - [36mverbose[39m: Rendering page: /Users/damithch/Repos/nus-cs2103/cs2103-website-base/schedule/week11/project.md
2026-05-19T19:14:49.562Z - [36mverbose[39m: Rendering page: /Users/damithch/Repos/nus-cs2103/cs2103-website-base/schedule/week10/project.md
2026-05-19T19:14:49.578Z - [36mverbose[39m: Rendering page: /Users/damithch/Repos/nus-cs2103/cs2103-website-base/schedule/week1/project.md
2026-05-19T19:14:49.784Z - [36mverbose[39m: Rendering page: /Users/damithch/Repos/nus-cs2103/cs2103-website-base/schedule/week9/index.md
2026-05-19T19:14:50.268Z - [36mverbose[39m: Rendering page: /Users/damithch/Repos/nus-cs2103/cs2103-website-base/schedule/week8/index.md
2026-05-19T19:14:50.494Z - [36mverbose[39m: Rendering page: /Users/damithch/Repos/nus-cs2103/cs2103-website-base/schedule/week6/index.md
2026-05-19T19:14:50.774Z - [36mverbose[39m: Rendering page: /Users/damithch/Repos/nus-cs2103/cs2103-website-base/schedule/week7/index.md
2026-05-19T19:14:51.017Z - [36mverbose[39m: Rendering page: /Users/damithch/Repos/nus-cs2103/cs2103-website-base/schedule/week5/index.md
2026-05-19T19:14:51.024Z - [36mverbose[39m: Rendering page: /Users/damithch/Repos/nus-cs2103/cs2103-website-base/schedule/week4/index.md
2026-05-19T19:14:51.532Z - [36mverbose[39m: Rendering page: /Users/damithch/Repos/nus-cs2103/cs2103-website-base/schedule/week3/index.md
2026-05-19T19:14:51.542Z - [36mverbose[39m: Rendering page: /Users/damithch/Repos/nus-cs2103/cs2103-website-base/schedule/week2/index.md
2026-05-19T19:14:51.551Z - [36mverbose[39m: Rendering page: /Users/damithch/Repos/nus-cs2103/cs2103-website-base/schedule/week12/index.md
2026-05-19T19:14:52.026Z - [36mverbose[39m: Rendering page: /Users/damithch/Repos/nus-cs2103/cs2103-website-base/schedule/week13/index.md
2026-05-19T19:14:52.177Z - [36mverbose[39m: Rendering page: /Users/damithch/Repos/nus-cs2103/cs2103-website-base/schedule/week10/index.md
2026-05-19T19:14:52.183Z - [36mverbose[39m: Rendering page: /Users/damithch/Repos/nus-cs2103/cs2103-website-base/schedule/week11/index.md
2026-05-19T19:14:52.311Z - [36mverbose[39m: Rendering page: /Users/damithch/Repos/nus-cs2103/cs2103-website-base/schedule/week9/admin.md
2026-05-19T19:14:52.315Z - [36mverbose[39m: Rendering page: /Users/damithch/Repos/nus-cs2103/cs2103-website-base/schedule/week1/index.md
2026-05-19T19:14:52.326Z - [36mverbose[39m: Rendering page: /Users/damithch/Repos/nus-cs2103/cs2103-website-base/schedule/week8/admin.md
2026-05-19T19:14:52.708Z - [36mverbose[39m: Rendering page: /Users/damithch/Repos/nus-cs2103/cs2103-website-base/schedule/week7/admin.md
2026-05-19T19:14:53.455Z - [36mverbose[39m: Rendering page: /Users/damithch/Repos/nus-cs2103/cs2103-website-base/schedule/week6/admin.md
2026-05-19T19:14:53.462Z - [36mverbose[39m: Rendering page: /Users/damithch/Repos/nus-cs2103/cs2103-website-base/schedule/week5/admin.md
2026-05-19T19:14:53.476Z - [36mverbose[39m: Rendering page: /Users/damithch/Repos/nus-cs2103/cs2103-website-base/schedule/week4/admin.md
2026-05-19T19:14:53.796Z - [36mverbose[39m: Rendering page: /Users/damithch/Repos/nus-cs2103/cs2103-website-base/schedule/week3/admin.md
2026-05-19T19:14:53.898Z - [36mverbose[39m: Rendering page: /Users/damithch/Repos/nus-cs2103/cs2103-website-base/schedule/week2/admin.md
2026-05-19T19:14:53.911Z - [36mverbose[39m: Rendering page: /Users/damithch/Repos/nus-cs2103/cs2103-website-base/schedule/week13/admin.md
2026-05-19T19:14:54.148Z - [36mverbose[39m: Rendering page: /Users/damithch/Repos/nus-cs2103/cs2103-website-base/schedule/week12/admin.md
2026-05-19T19:14:57.566Z - [34mdebug[39m: 
2026-05-19T19:14:57.566Z - [36mverbose[39m: Rendering page: /Users/damithch/Repos/nus-cs2103/cs2103-website-base/schedule/week1/admin.md
2026-05-19T19:14:57.594Z - [36mverbose[39m: Rendering page: /Users/damithch/Repos/nus-cs2103/cs2103-website-base/schedule/timeline.md
2026-05-19T19:14:57.740Z - [36mverbose[39m: Rendering page: /Users/damithch/Repos/nus-cs2103/cs2103-website-base/schedule/week11/admin.md
2026-05-19T19:14:57.748Z - [36mverbose[39m: Rendering page: /Users/damithch/Repos/nus-cs2103/cs2103-website-base/schedule/week10/admin.md
2026-05-19T19:14:57.854Z - [36mverbose[39m: Rendering page: /Users/damithch/Repos/nus-cs2103/cs2103-website-base/schedule/index.md
2026-05-19T19:14:57.866Z - [36mverbose[39m: Rendering page: /Users/damithch/Repos/nus-cs2103/cs2103-website-base/admin/weeklySchedule.md
2026-05-19T19:14:57.874Z - [36mverbose[39m: Rendering page: /Users/damithch/Repos/nus-cs2103/cs2103-website-base/admin/uml-reference-sheet.md
2026-05-19T19:14:57.916Z - [36mverbose[39m: Rendering page: /Users/damithch/Repos/nus-cs2103/cs2103-website-base/admin/usingThisWebsite.md
2026-05-19T19:14:58.408Z - [36mverbose[39m: Rendering page: /Users/damithch/Repos/nus-cs2103/cs2103-website-base/admin/tutors-info.md
2026-05-19T19:15:00.021Z - [36mverbose[39m: Rendering page: /Users/damithch/Repos/nus-cs2103/cs2103-website-base/admin/tp-w8.md
2026-05-19T19:15:00.043Z - [36mverbose[39m: Rendering page: /Users/damithch/Repos/nus-cs2103/cs2103-website-base/admin/tp-w9.md
2026-05-19T19:15:00.056Z - [36mverbose[39m: Rendering page: /Users/damithch/Repos/nus-cs2103/cs2103-website-base/admin/tutorials.md
2026-05-19T19:15:02.087Z - [36mverbose[39m: Rendering page: /Users/damithch/Repos/nus-cs2103/cs2103-website-base/admin/tp-w7.md
2026-05-19T19:15:04.037Z - [36mverbose[39m: Rendering page: /Users/damithch/Repos/nus-cs2103/cs2103-website-base/admin/tp-w4.md
2026-05-19T19:15:04.057Z - [36mverbose[39m: Rendering page: /Users/damithch/Repos/nus-cs2103/cs2103-website-base/admin/tp-w6.md
2026-05-19T19:15:04.076Z - [36mverbose[39m: Rendering page: /Users/damithch/Repos/nus-cs2103/cs2103-website-base/admin/tp-w5.md
2026-05-19T19:15:07.674Z - [36mverbose[39m: Rendering page: /Users/damithch/Repos/nus-cs2103/cs2103-website-base/admin/tp-w3.md
2026-05-19T19:15:07.697Z - [36mverbose[39m: Rendering page: /Users/damithch/Repos/nus-cs2103/cs2103-website-base/admin/tp-w2.md
2026-05-19T19:15:09.130Z - [36mverbose[39m: Rendering page: /Users/damithch/Repos/nus-cs2103/cs2103-website-base/admin/tp-w12.md
2026-05-19T19:15:09.163Z - [36mverbose[39m: Rendering page: /Users/damithch/Repos/nus-cs2103/cs2103-website-base/admin/tp-w13.md
2026-05-19T19:15:11.732Z - [34mdebug[39m: 
2026-05-19T19:15:11.744Z - [34mdebug[39m: 
2026-05-19T19:15:11.756Z - [36mverbose[39m: Rendering page: /Users/damithch/Repos/nus-cs2103/cs2103-website-base/admin/tp-w11.md
2026-05-19T19:15:11.795Z - [36mverbose[39m: Rendering page: /Users/damithch/Repos/nus-cs2103/cs2103-website-base/admin/tp-w10.md
2026-05-19T19:15:11.824Z - [36mverbose[39m: Rendering page: /Users/damithch/Repos/nus-cs2103/cs2103-website-base/admin/tp-timeline.md
2026-05-19T19:15:11.842Z - [36mverbose[39m: Rendering page: /Users/damithch/Repos/nus-cs2103/cs2103-website-base/admin/tp-teams.md
2026-05-19T19:15:13.915Z - [36mverbose[39m: Rendering page: /Users/damithch/Repos/nus-cs2103/cs2103-website-base/admin/tp-supervision.md
2026-05-19T19:15:13.923Z - [36mverbose[39m: Rendering page: /Users/damithch/Repos/nus-cs2103/cs2103-website-base/admin/tp-overview.md
2026-05-19T19:15:13.932Z - [36mverbose[39m: Rendering page: /Users/damithch/Repos/nus-cs2103/cs2103-website-base/admin/tp-ped.md
2026-05-19T19:15:13.963Z - [36mverbose[39m: Rendering page: /Users/damithch/Repos/nus-cs2103/cs2103-website-base/admin/tp-pe.md
2026-05-19T19:15:14.659Z - [36mverbose[39m: Rendering page: /Users/damithch/Repos/nus-cs2103/cs2103-website-base/admin/tp-grading.md
2026-05-19T19:15:14.670Z - [36mverbose[39m: Rendering page: /Users/damithch/Repos/nus-cs2103/cs2103-website-base/admin/tp-deliverables.md
2026-05-19T19:15:14.684Z - [36mverbose[39m: Rendering page: /Users/damithch/Repos/nus-cs2103/cs2103-website-base/admin/tp-expectations.md
2026-05-19T19:15:14.697Z - [36mverbose[39m: Rendering page: /Users/damithch/Repos/nus-cs2103/cs2103-website-base/admin/tp-constraints.md
2026-05-19T19:15:15.307Z - [36mverbose[39m: Rendering page: /Users/damithch/Repos/nus-cs2103/cs2103-website-base/admin/tp-common-fragments.md
2026-05-19T19:15:15.313Z - [36mverbose[39m: Rendering page: /Users/damithch/Repos/nus-cs2103/cs2103-website-base/admin/tools.md
2026-05-19T19:15:15.328Z - [36mverbose[39m: Rendering page: /Users/damithch/Repos/nus-cs2103/cs2103-website-base/admin/textbooks.md
2026-05-19T19:15:15.397Z - [36mverbose[39m: Rendering page: /Users/damithch/Repos/nus-cs2103/cs2103-website-base/admin/teamList.md
2026-05-19T19:15:15.462Z - [36mverbose[39m: Rendering page: /Users/damithch/Repos/nus-cs2103/cs2103-website-base/admin/syllabus.md
2026-05-19T19:15:15.516Z - [36mverbose[39m: Rendering page: /Users/damithch/Repos/nus-cs2103/cs2103-website-base/admin/standardsAndConventions.md
2026-05-19T19:15:15.525Z - [36mverbose[39m: Rendering page: /Users/damithch/Repos/nus-cs2103/cs2103-website-base/admin/reposenseAuthorAnnotation.md
2026-05-19T19:15:15.710Z - [36mverbose[39m: Rendering page: /Users/damithch/Repos/nus-cs2103/cs2103-website-base/admin/programmingLanguages.md
2026-05-19T19:15:15.781Z - [36mverbose[39m: Rendering page: /Users/damithch/Repos/nus-cs2103/cs2103-website-base/admin/participation.md
2026-05-19T19:15:15.790Z - [36mverbose[39m: Rendering page: /Users/damithch/Repos/nus-cs2103/cs2103-website-base/admin/peerEvaluations.md
2026-05-19T19:15:15.807Z - [36mverbose[39m: Rendering page: /Users/damithch/Repos/nus-cs2103/cs2103-website-base/admin/overview-for-teachers.md
2026-05-19T19:15:15.939Z - [36mverbose[39m: Rendering page: /Users/damithch/Repos/nus-cs2103/cs2103-website-base/admin/mid-semester-survey-results.md
2026-05-19T19:15:16.060Z - [36mverbose[39m: Rendering page: /Users/damithch/Repos/nus-cs2103/cs2103-website-base/admin/lectures.md
2026-05-19T19:15:16.066Z - [36mverbose[39m: Rendering page: /Users/damithch/Repos/nus-cs2103/cs2103-website-base/admin/ip-w8.md
2026-05-19T19:15:17.393Z - [36mverbose[39m: Rendering page: /Users/damithch/Repos/nus-cs2103/cs2103-website-base/admin/ip-w7.md
2026-05-19T19:15:17.404Z - [36mverbose[39m: Rendering page: /Users/damithch/Repos/nus-cs2103/cs2103-website-base/admin/ip-w6.md
2026-05-19T19:15:18.217Z - [36mverbose[39m: Rendering page: /Users/damithch/Repos/nus-cs2103/cs2103-website-base/admin/ip-w5.md
2026-05-19T19:15:18.227Z - [36mverbose[39m: Rendering page: /Users/damithch/Repos/nus-cs2103/cs2103-website-base/admin/ip-w4.md
2026-05-19T19:15:19.771Z - [36mverbose[39m: Rendering page: /Users/damithch/Repos/nus-cs2103/cs2103-website-base/admin/ip-w3.md
2026-05-19T19:15:19.824Z - [36mverbose[39m: Rendering page: /Users/damithch/Repos/nus-cs2103/cs2103-website-base/admin/ip-w2.md
2026-05-19T19:15:19.870Z - [36mverbose[39m: Rendering page: /Users/damithch/Repos/nus-cs2103/cs2103-website-base/admin/ip-overview.md
2026-05-19T19:15:19.880Z - [36mverbose[39m: Rendering page: /Users/damithch/Repos/nus-cs2103/cs2103-website-base/admin/ip-showcase.md
2026-05-19T19:15:20.027Z - [36mverbose[39m: Rendering page: /Users/damithch/Repos/nus-cs2103/cs2103-website-base/admin/ip-grading.md
2026-05-19T19:15:20.699Z - [36mverbose[39m: Rendering page: /Users/damithch/Repos/nus-cs2103/cs2103-website-base/admin/index.md
2026-05-19T19:15:20.707Z - [36mverbose[39m: Rendering page: /Users/damithch/Repos/nus-cs2103/cs2103-website-base/admin/instructors.md
2026-05-19T19:15:20.718Z - [36mverbose[39m: Rendering page: /Users/damithch/Repos/nus-cs2103/cs2103-website-base/admin/gradeBreakdown.md
2026-05-19T19:15:20.757Z - [36mverbose[39m: Rendering page: /Users/damithch/Repos/nus-cs2103/cs2103-website-base/admin/exams.md
2026-05-19T19:15:20.848Z - [36mverbose[39m: Rendering page: /Users/damithch/Repos/nus-cs2103/cs2103-website-base/admin/exams-f2f.md
2026-05-19T19:15:20.855Z - [36mverbose[39m: Rendering page: /Users/damithch/Repos/nus-cs2103/cs2103-website-base/admin/exam-reference-sheet.md
2026-05-19T19:15:20.859Z - [36mverbose[39m: Rendering page: /Users/damithch/Repos/nus-cs2103/cs2103-website-base/admin/exam-pen-and-paper.md
2026-05-19T19:15:20.889Z - [36mverbose[39m: Rendering page: /Users/damithch/Repos/nus-cs2103/cs2103-website-base/admin/courseOverview.md
2026-05-19T19:15:20.968Z - [36mverbose[39m: Rendering page: /Users/damithch/Repos/nus-cs2103/cs2103-website-base/admin/courseExpectations.md
2026-05-19T19:15:21.008Z - [36mverbose[39m: Rendering page: /Users/damithch/Repos/nus-cs2103/cs2103-website-base/admin/courseBriefings.md
2026-05-19T19:15:21.019Z - [36mverbose[39m: Rendering page: /Users/damithch/Repos/nus-cs2103/cs2103-website-base/admin/appendixH-tipsFromStudents.md
2026-05-19T19:15:21.051Z - [36mverbose[39m: Rendering page: /Users/damithch/Repos/nus-cs2103/cs2103-website-base/admin/appendixG-troubleshooting.md
2026-05-19T19:15:21.277Z - [36mverbose[39m: Rendering page: /Users/damithch/Repos/nus-cs2103/cs2103-website-base/admin/appendixG-CS2103R.md
2026-05-19T19:15:21.358Z - [36mverbose[39m: Rendering page: /Users/damithch/Repos/nus-cs2103/cs2103-website-base/admin/appendixF-teamworkIssues.md
2026-05-19T19:15:21.369Z - [36mverbose[39m: Rendering page: /Users/damithch/Repos/nus-cs2103/cs2103-website-base/admin/appendixE-gitHub.md
2026-05-19T19:15:21.393Z - [36mverbose[39m: Rendering page: /Users/damithch/Repos/nus-cs2103/cs2103-website-base/admin/appendixD-help.md
2026-05-19T19:15:21.410Z - [32minfo[39m: Pages built
2026-05-19T19:15:21.554Z - [32minfo[39m: Site data built
2026-05-19T19:15:21.554Z - [32minfo[39m: Website generation complete! Total build time: 101.868s
2026-05-19T19:15:21.563Z - [32minfo[39m: Serving "/Users/damithch/Repos/nus-cs2103/cs2103-website-base/_site" at http://127.0.0.1:8080
2026-05-19T19:15:21.563Z - [32minfo[39m: Press CTRL+C to stop ...
2026-05-19T19:15:53.702Z - [32minfo[39m: Website generation started at 03:15:53
2026-05-19T19:15:54.006Z - [32minfo[39m: Building assets...
