2026-04-09T09:44:00.621Z - [32minfo[39m: Website generation started at 17:43:59
2026-04-09T09:44:01.184Z - [32minfo[39m: Building assets...
2026-04-09T09:44:02.525Z - [32minfo[39m: Assets built
2026-04-09T09:44:02.525Z - [32minfo[39m: Generating pages...
2026-04-09T09:44:05.026Z - [36mverbose[39m: Rendering page: /Users/damithch/Repos/nus-cs2103/cs2103-website-base/admin/acknowledgements.md
2026-04-09T09:44:05.041Z - [36mverbose[39m: Rendering page: /Users/damithch/Repos/nus-cs2103/cs2103-website-base/admin/appendixA-principles.md
2026-04-09T09:44:05.050Z - [36mverbose[39m: Rendering page: /Users/damithch/Repos/nus-cs2103/cs2103-website-base/admin/appendixB-policies.md
2026-04-09T09:44:05.071Z - [36mverbose[39m: Rendering page: /Users/damithch/Repos/nus-cs2103/cs2103-website-base/admin/appendixC-faq.md
2026-04-09T09:44:09.685Z - [34mdebug[39m: 
2026-04-09T09:44:09.685Z - [34mdebug[39m: 
2026-04-09T09:44:09.685Z - [34mdebug[39m: 
2026-04-09T09:44:09.685Z - [34mdebug[39m: 
2026-04-09T09:44:09.686Z - [34mdebug[39m: 
2026-04-09T09:44:09.686Z - [34mdebug[39m: 
2026-04-09T09:44:09.686Z - [34mdebug[39m: 
2026-04-09T09:44:09.686Z - [34mdebug[39m: 
2026-04-09T09:44:09.686Z - [34mdebug[39m: 
2026-04-09T09:44:09.686Z - [34mdebug[39m: 
2026-04-09T09:44:09.686Z - [34mdebug[39m: 
2026-04-09T09:44:09.686Z - [34mdebug[39m: 
2026-04-09T09:44:09.686Z - [34mdebug[39m: 
2026-04-09T09:44:09.686Z - [34mdebug[39m: 
2026-04-09T09:44:09.686Z - [34mdebug[39m: 
2026-04-09T09:44:09.686Z - [34mdebug[39m: 
2026-04-09T09:44:09.686Z - [36mverbose[39m: Rendering page: /Users/damithch/Repos/nus-cs2103/cs2103-website-base/book/uml/stereotypes/what/index.md
2026-04-09T09:44:09.708Z - [36mverbose[39m: Rendering page: /Users/damithch/Repos/nus-cs2103/cs2103-website-base/se-book-adapted/print.md
2026-04-09T09:44:09.854Z - [36mverbose[39m: Rendering page: /Users/damithch/Repos/nus-cs2103/cs2103-website-base/index.md
2026-04-09T09:44:09.859Z - [36mverbose[39m: Rendering page: /Users/damithch/Repos/nus-cs2103/cs2103-website-base/book/uml/stereotypes/index.md
2026-04-09T09:44:09.865Z - [36mverbose[39m: Rendering page: /Users/damithch/Repos/nus-cs2103/cs2103-website-base/book/uml/sequenceDiagrams/staticMethods/index.md
2026-04-09T09:44:09.918Z - [36mverbose[39m: Rendering page: /Users/damithch/Repos/nus-cs2103/cs2103-website-base/book/uml/sequenceDiagrams/selfInvocation/index.md
2026-04-09T09:44:09.923Z - [36mverbose[39m: Rendering page: /Users/damithch/Repos/nus-cs2103/cs2103-website-base/book/uml/sequenceDiagrams/referenceFrames/index.md
2026-04-09T09:44:09.928Z - [36mverbose[39m: Rendering page: /Users/damithch/Repos/nus-cs2103/cs2103-website-base/book/uml/sequenceDiagrams/parallelPaths/index.md
2026-04-09T09:44:09.933Z - [36mverbose[39m: Rendering page: /Users/damithch/Repos/nus-cs2103/cs2103-website-base/book/uml/sequenceDiagrams/optionalPaths/index.md
2026-04-09T09:44:09.984Z - [36mverbose[39m: Rendering page: /Users/damithch/Repos/nus-cs2103/cs2103-website-base/book/uml/sequenceDiagrams/objectCreation/index.md
2026-04-09T09:44:09.989Z - [36mverbose[39m: Rendering page: /Users/damithch/Repos/nus-cs2103/cs2103-website-base/book/uml/sequenceDiagrams/objectDeletion/index.md
2026-04-09T09:44:09.995Z - [36mverbose[39m: Rendering page: /Users/damithch/Repos/nus-cs2103/cs2103-website-base/book/uml/sequenceDiagrams/minimalNotation/index.md
2026-04-09T09:44:09.999Z - [36mverbose[39m: Rendering page: /Users/damithch/Repos/nus-cs2103/cs2103-website-base/book/uml/sequenceDiagrams/loops/index.md
2026-04-09T09:44:10.086Z - [36mverbose[39m: Rendering page: /Users/damithch/Repos/nus-cs2103/cs2103-website-base/book/uml/sequenceDiagrams/introduction/index.md
2026-04-09T09:44:10.092Z - [36mverbose[39m: Rendering page: /Users/damithch/Repos/nus-cs2103/cs2103-website-base/book/uml/sequenceDiagrams/index.md
2026-04-09T09:44:10.104Z - [36mverbose[39m: Rendering page: /Users/damithch/Repos/nus-cs2103/cs2103-website-base/book/uml/sequenceDiagrams/basic/index.md
2026-04-09T09:44:10.109Z - [36mverbose[39m: Rendering page: /Users/damithch/Repos/nus-cs2103/cs2103-website-base/book/uml/sequenceDiagrams/alternativePaths/index.md
2026-04-09T09:44:10.197Z - [36mverbose[39m: Rendering page: /Users/damithch/Repos/nus-cs2103/cs2103-website-base/book/uml/objectDiagrams/objects/index.md
2026-04-09T09:44:10.206Z - [36mverbose[39m: Rendering page: /Users/damithch/Repos/nus-cs2103/cs2103-website-base/book/uml/objectDiagrams/introduction/index.md
2026-04-09T09:44:10.213Z - [36mverbose[39m: Rendering page: /Users/damithch/Repos/nus-cs2103/cs2103-website-base/book/uml/objectDiagrams/index.md
2026-04-09T09:44:10.228Z - [36mverbose[39m: Rendering page: /Users/damithch/Repos/nus-cs2103/cs2103-website-base/book/uml/objectDiagrams/associations/index.md
2026-04-09T09:44:12.147Z - [34mdebug[39m: 
2026-04-09T09:44:12.207Z - [34mdebug[39m: 
2026-04-09T09:44:12.228Z - [34mdebug[39m: 
2026-04-09T09:44:12.231Z - [34mdebug[39m: 
2026-04-09T09:44:12.275Z - [34mdebug[39m: 
2026-04-09T09:44:12.329Z - [34mdebug[39m: 
2026-04-09T09:44:12.364Z - [36mverbose[39m: Rendering page: /Users/damithch/Repos/nus-cs2103/cs2103-website-base/book/uml/notes/notes/index.md
2026-04-09T09:44:12.373Z - [36mverbose[39m: Rendering page: /Users/damithch/Repos/nus-cs2103/cs2103-website-base/book/uml/notes/index.md
2026-04-09T09:44:12.380Z - [36mverbose[39m: Rendering page: /Users/damithch/Repos/nus-cs2103/cs2103-website-base/book/uml/miscellaneous/objectVsClassDiagrams/index.md
2026-04-09T09:44:12.391Z - [36mverbose[39m: Rendering page: /Users/damithch/Repos/nus-cs2103/cs2103-website-base/book/uml/notes/constraints/index.md
2026-04-09T09:44:12.707Z - [36mverbose[39m: Rendering page: /Users/damithch/Repos/nus-cs2103/cs2103-website-base/book/uml/miscellaneous/index.md
2026-04-09T09:44:12.713Z - [36mverbose[39m: Rendering page: /Users/damithch/Repos/nus-cs2103/cs2103-website-base/book/uml/index.md
2026-04-09T09:44:12.754Z - [36mverbose[39m: Rendering page: /Users/damithch/Repos/nus-cs2103/cs2103-website-base/book/uml/classDiagrams/introduction/what/index.md
2026-04-09T09:44:12.759Z - [36mverbose[39m: Rendering page: /Users/damithch/Repos/nus-cs2103/cs2103-website-base/book/uml/classDiagrams/introduction/index.md
2026-04-09T09:44:12.934Z - [36mverbose[39m: Rendering page: /Users/damithch/Repos/nus-cs2103/cs2103-website-base/book/uml/classDiagrams/interfaces/what/index.md
2026-04-09T09:44:12.939Z - [36mverbose[39m: Rendering page: /Users/damithch/Repos/nus-cs2103/cs2103-website-base/book/uml/classDiagrams/interfaces/index.md
2026-04-09T09:44:12.947Z - [36mverbose[39m: Rendering page: /Users/damithch/Repos/nus-cs2103/cs2103-website-base/book/uml/classDiagrams/enumerations/what/index.md
2026-04-09T09:44:12.951Z - [36mverbose[39m: Rendering page: /Users/damithch/Repos/nus-cs2103/cs2103-website-base/book/uml/classDiagrams/index.md
2026-04-09T09:44:13.016Z - [36mverbose[39m: Rendering page: /Users/damithch/Repos/nus-cs2103/cs2103-website-base/book/uml/classDiagrams/enumerations/index.md
2026-04-09T09:44:13.033Z - [36mverbose[39m: Rendering page: /Users/damithch/Repos/nus-cs2103/cs2103-website-base/book/uml/classDiagrams/dependencies/what/index.md
2026-04-09T09:44:13.039Z - [36mverbose[39m: Rendering page: /Users/damithch/Repos/nus-cs2103/cs2103-website-base/book/uml/classDiagrams/dependencies/index.md
2026-04-09T09:44:13.057Z - [36mverbose[39m: Rendering page: /Users/damithch/Repos/nus-cs2103/cs2103-website-base/book/uml/classDiagrams/composition/what/index.md
2026-04-09T09:44:13.113Z - [36mverbose[39m: Rendering page: /Users/damithch/Repos/nus-cs2103/cs2103-website-base/book/uml/classDiagrams/composition/index.md
2026-04-09T09:44:13.186Z - [36mverbose[39m: Rendering page: /Users/damithch/Repos/nus-cs2103/cs2103-website-base/book/uml/classDiagrams/combine/index.md
2026-04-09T09:44:13.196Z - [36mverbose[39m: Rendering page: /Users/damithch/Repos/nus-cs2103/cs2103-website-base/book/uml/classDiagrams/combine/basic/index.md
2026-04-09T09:44:13.267Z - [36mverbose[39m: Rendering page: /Users/damithch/Repos/nus-cs2103/cs2103-website-base/book/uml/classDiagrams/classes/index.md
2026-04-09T09:44:13.280Z - [36mverbose[39m: Rendering page: /Users/damithch/Repos/nus-cs2103/cs2103-website-base/book/uml/classDiagrams/classes/what/index.md
2026-04-09T09:44:13.307Z - [36mverbose[39m: Rendering page: /Users/damithch/Repos/nus-cs2103/cs2103-website-base/book/uml/classDiagrams/classLevelMembers/what/index.md
2026-04-09T09:44:13.379Z - [36mverbose[39m: Rendering page: /Users/damithch/Repos/nus-cs2103/cs2103-website-base/book/uml/classDiagrams/classLevelMembers/index.md
2026-04-09T09:44:13.407Z - [36mverbose[39m: Rendering page: /Users/damithch/Repos/nus-cs2103/cs2103-website-base/book/uml/classDiagrams/classInheritance/what/index.md
2026-04-09T09:44:13.413Z - [36mverbose[39m: Rendering page: /Users/damithch/Repos/nus-cs2103/cs2103-website-base/book/uml/classDiagrams/classInheritance/index.md
2026-04-09T09:44:13.483Z - [36mverbose[39m: Rendering page: /Users/damithch/Repos/nus-cs2103/cs2103-website-base/book/uml/classDiagrams/associationsAsAttributes/what/index.md
2026-04-09T09:44:13.492Z - [36mverbose[39m: Rendering page: /Users/damithch/Repos/nus-cs2103/cs2103-website-base/book/uml/classDiagrams/associationsAsAttributes/index.md
2026-04-09T09:44:13.501Z - [36mverbose[39m: Rendering page: /Users/damithch/Repos/nus-cs2103/cs2103-website-base/book/uml/classDiagrams/associations/what/index.md
2026-04-09T09:44:13.531Z - [36mverbose[39m: Rendering page: /Users/damithch/Repos/nus-cs2103/cs2103-website-base/book/uml/classDiagrams/associations/roles/index.md
2026-04-09T09:44:13.574Z - [36mverbose[39m: Rendering page: /Users/damithch/Repos/nus-cs2103/cs2103-website-base/book/uml/classDiagrams/associations/navigability/index.md
2026-04-09T09:44:13.637Z - [36mverbose[39m: Rendering page: /Users/damithch/Repos/nus-cs2103/cs2103-website-base/book/uml/classDiagrams/associations/multiplicity/index.md
2026-04-09T09:44:13.645Z - [36mverbose[39m: Rendering page: /Users/damithch/Repos/nus-cs2103/cs2103-website-base/book/uml/classDiagrams/associations/labels/index.md
2026-04-09T09:44:13.670Z - [36mverbose[39m: Rendering page: /Users/damithch/Repos/nus-cs2103/cs2103-website-base/book/uml/classDiagrams/associations/index.md
2026-04-09T09:44:13.741Z - [36mverbose[39m: Rendering page: /Users/damithch/Repos/nus-cs2103/cs2103-website-base/book/uml/classDiagrams/associationClasses/what/index.md
2026-04-09T09:44:13.747Z - [36mverbose[39m: Rendering page: /Users/damithch/Repos/nus-cs2103/cs2103-website-base/book/uml/classDiagrams/associationClasses/index.md
2026-04-09T09:44:13.754Z - [36mverbose[39m: Rendering page: /Users/damithch/Repos/nus-cs2103/cs2103-website-base/book/uml/classDiagrams/aggregation/what/index.md
2026-04-09T09:44:13.763Z - [36mverbose[39m: Rendering page: /Users/damithch/Repos/nus-cs2103/cs2103-website-base/book/uml/classDiagrams/aggregation/index.md
2026-04-09T09:44:13.839Z - [36mverbose[39m: Rendering page: /Users/damithch/Repos/nus-cs2103/cs2103-website-base/book/uml/classDiagrams/abstractClasses/what/index.md
2026-04-09T09:44:13.846Z - [36mverbose[39m: Rendering page: /Users/damithch/Repos/nus-cs2103/cs2103-website-base/book/uml/classDiagrams/abstractClasses/index.md
2026-04-09T09:44:13.851Z - [36mverbose[39m: Rendering page: /Users/damithch/Repos/nus-cs2103/cs2103-website-base/book/uml/activityDiagrams/introduction/what/index.md
2026-04-09T09:44:13.860Z - [36mverbose[39m: Rendering page: /Users/damithch/Repos/nus-cs2103/cs2103-website-base/book/uml/activityDiagrams/introduction/index.md
2026-04-09T09:44:13.949Z - [36mverbose[39m: Rendering page: /Users/damithch/Repos/nus-cs2103/cs2103-website-base/book/uml/activityDiagrams/index.md
2026-04-09T09:44:13.961Z - [36mverbose[39m: Rendering page: /Users/damithch/Repos/nus-cs2103/cs2103-website-base/book/uml/activityDiagrams/basicNotations/swimlanes/index.md
2026-04-09T09:44:13.967Z - [36mverbose[39m: Rendering page: /Users/damithch/Repos/nus-cs2103/cs2103-website-base/book/uml/activityDiagrams/basicNotations/rakes/index.md
2026-04-09T09:44:13.973Z - [36mverbose[39m: Rendering page: /Users/damithch/Repos/nus-cs2103/cs2103-website-base/book/uml/activityDiagrams/basicNotations/parallelPaths/index.md
2026-04-09T09:44:14.252Z - [36mverbose[39m: Rendering page: /Users/damithch/Repos/nus-cs2103/cs2103-website-base/book/uml/activityDiagrams/basicNotations/linearPaths/index.md
2026-04-09T09:44:14.265Z - [36mverbose[39m: Rendering page: /Users/damithch/Repos/nus-cs2103/cs2103-website-base/book/uml/activityDiagrams/basicNotations/alternatePaths/index.md
2026-04-09T09:44:14.278Z - [36mverbose[39m: Rendering page: /Users/damithch/Repos/nus-cs2103/cs2103-website-base/book/uml/activityDiagrams/basicNotations/index.md
2026-04-09T09:44:14.436Z - [36mverbose[39m: Rendering page: /Users/damithch/Repos/nus-cs2103/cs2103-website-base/book/testing/testingTypes/unitTesting/what/index.md
2026-04-09T09:44:14.451Z - [36mverbose[39m: Rendering page: /Users/damithch/Repos/nus-cs2103/cs2103-website-base/book/testing/testingTypes/unitTesting/stubs/index.md
2026-04-09T09:44:14.469Z - [36mverbose[39m: Rendering page: /Users/damithch/Repos/nus-cs2103/cs2103-website-base/book/testing/testingTypes/unitTesting/index.md
2026-04-09T09:44:14.524Z - [36mverbose[39m: Rendering page: /Users/damithch/Repos/nus-cs2103/cs2103-website-base/book/testing/testingTypes/systemTesting/what/index.md
2026-04-09T09:44:14.602Z - [36mverbose[39m: Rendering page: /Users/damithch/Repos/nus-cs2103/cs2103-website-base/book/testing/testingTypes/systemTesting/index.md
2026-04-09T09:44:14.689Z - [36mverbose[39m: Rendering page: /Users/damithch/Repos/nus-cs2103/cs2103-website-base/book/testing/testingTypes/regressionTesting/index.md
2026-04-09T09:44:14.706Z - [36mverbose[39m: Rendering page: /Users/damithch/Repos/nus-cs2103/cs2103-website-base/book/testing/testingTypes/regressionTesting/what/index.md
2026-04-09T09:44:14.750Z - [36mverbose[39m: Rendering page: /Users/damithch/Repos/nus-cs2103/cs2103-website-base/book/testing/testingTypes/integrationTesting/index.md
2026-04-09T09:44:14.769Z - [36mverbose[39m: Rendering page: /Users/damithch/Repos/nus-cs2103/cs2103-website-base/book/testing/testingTypes/integrationTesting/what/index.md
2026-04-09T09:44:15.109Z - [36mverbose[39m: Rendering page: /Users/damithch/Repos/nus-cs2103/cs2103-website-base/book/testing/testingTypes/integrationTesting/how/index.md
2026-04-09T09:44:15.168Z - [36mverbose[39m: Rendering page: /Users/damithch/Repos/nus-cs2103/cs2103-website-base/book/testing/testingTypes/index.md
2026-04-09T09:44:15.299Z - [36mverbose[39m: Rendering page: /Users/damithch/Repos/nus-cs2103/cs2103-website-base/book/testing/testingTypes/exploratoryVsScriptedTesting/when/index.md
2026-04-09T09:44:15.347Z - [36mverbose[39m: Rendering page: /Users/damithch/Repos/nus-cs2103/cs2103-website-base/book/testing/testingTypes/exploratoryVsScriptedTesting/index.md
2026-04-09T09:44:15.372Z - [36mverbose[39m: Rendering page: /Users/damithch/Repos/nus-cs2103/cs2103-website-base/book/testing/testingTypes/exploratoryVsScriptedTesting/what/index.md
2026-04-09T09:44:15.546Z - [36mverbose[39m: Rendering page: /Users/damithch/Repos/nus-cs2103/cs2103-website-base/book/testing/testingTypes/dogfooding/what/index.md
2026-04-09T09:44:15.559Z - [36mverbose[39m: Rendering page: /Users/damithch/Repos/nus-cs2103/cs2103-website-base/book/testing/testingTypes/dogfooding/index.md
2026-04-09T09:44:15.576Z - [36mverbose[39m: Rendering page: /Users/damithch/Repos/nus-cs2103/cs2103-website-base/book/testing/testingTypes/developerTesting/why/index.md
2026-04-09T09:44:15.587Z - [36mverbose[39m: Rendering page: /Users/damithch/Repos/nus-cs2103/cs2103-website-base/book/testing/testingTypes/developerTesting/what/index.md
2026-04-09T09:44:15.690Z - [36mverbose[39m: Rendering page: /Users/damithch/Repos/nus-cs2103/cs2103-website-base/book/testing/testingTypes/developerTesting/index.md
2026-04-09T09:44:15.752Z - [36mverbose[39m: Rendering page: /Users/damithch/Repos/nus-cs2103/cs2103-website-base/book/testing/testingTypes/alphaBetaTesting/index.md
2026-04-09T09:44:15.760Z - [36mverbose[39m: Rendering page: /Users/damithch/Repos/nus-cs2103/cs2103-website-base/book/testing/testingTypes/alphaBetaTesting/what/index.md
2026-04-09T09:44:15.767Z - [36mverbose[39m: Rendering page: /Users/damithch/Repos/nus-cs2103/cs2103-website-base/book/testing/testingTypes/acceptanceTesting/what/index.md
2026-04-09T09:44:15.775Z - [36mverbose[39m: Rendering page: /Users/damithch/Repos/nus-cs2103/cs2103-website-base/book/testing/testingTypes/acceptanceTesting/index.md
2026-04-09T09:44:15.875Z - [36mverbose[39m: Rendering page: /Users/damithch/Repos/nus-cs2103/cs2103-website-base/book/testing/testingTypes/acceptanceTesting/acceptanceVsSystemTesting/index.md
2026-04-09T09:44:15.882Z - [36mverbose[39m: Rendering page: /Users/damithch/Repos/nus-cs2103/cs2103-website-base/book/testing/testCoverage/what/index.md
2026-04-09T09:44:15.888Z - [36mverbose[39m: Rendering page: /Users/damithch/Repos/nus-cs2103/cs2103-website-base/book/testing/testCoverage/index.md
2026-04-09T09:44:15.898Z - [36mverbose[39m: Rendering page: /Users/damithch/Repos/nus-cs2103/cs2103-website-base/book/testing/testCoverage/how/index.md
2026-04-09T09:44:15.970Z - [36mverbose[39m: Rendering page: /Users/damithch/Repos/nus-cs2103/cs2103-website-base/book/testing/testAutomation/what/index.md
2026-04-09T09:44:15.976Z - [36mverbose[39m: Rendering page: /Users/damithch/Repos/nus-cs2103/cs2103-website-base/book/testing/testAutomation/tools/index.md
2026-04-09T09:44:15.981Z - [36mverbose[39m: Rendering page: /Users/damithch/Repos/nus-cs2103/cs2103-website-base/book/testing/testAutomation/usingTestDrivers/index.md
2026-04-09T09:44:16.003Z - [36mverbose[39m: Rendering page: /Users/damithch/Repos/nus-cs2103/cs2103-website-base/book/testing/testAutomation/testingTextUis/index.md
2026-04-09T09:44:16.068Z - [36mverbose[39m: Rendering page: /Users/damithch/Repos/nus-cs2103/cs2103-website-base/book/testing/testAutomation/testingGuis/index.md
2026-04-09T09:44:16.094Z - [36mverbose[39m: Rendering page: /Users/damithch/Repos/nus-cs2103/cs2103-website-base/book/testing/testAutomation/index.md
2026-04-09T09:44:16.117Z - [36mverbose[39m: Rendering page: /Users/damithch/Repos/nus-cs2103/cs2103-website-base/book/testing/tdd/index.md
2026-04-09T09:44:16.124Z - [36mverbose[39m: Rendering page: /Users/damithch/Repos/nus-cs2103/cs2103-website-base/book/testing/tdd/what/index.md
2026-04-09T09:44:16.159Z - [36mverbose[39m: Rendering page: /Users/damithch/Repos/nus-cs2103/cs2103-website-base/book/testing/tdd/how/index.md
2026-04-09T09:44:16.187Z - [36mverbose[39m: Rendering page: /Users/damithch/Repos/nus-cs2103/cs2103-website-base/book/testing/introduction/what/index.md
2026-04-09T09:44:16.474Z - [36mverbose[39m: Rendering page: /Users/damithch/Repos/nus-cs2103/cs2103-website-base/book/testing/introduction/index.md
2026-04-09T09:44:16.480Z - [36mverbose[39m: Rendering page: /Users/damithch/Repos/nus-cs2103/cs2103-website-base/book/testing/introduction/testability/index.md
2026-04-09T09:44:16.621Z - [36mverbose[39m: Rendering page: /Users/damithch/Repos/nus-cs2103/cs2103-website-base/book/testing/index.md
2026-04-09T09:44:16.660Z - [36mverbose[39m: Rendering page: /Users/damithch/Repos/nus-cs2103/cs2103-website-base/book/testing/dependencyInjection/what/index.md
2026-04-09T09:44:16.666Z - [36mverbose[39m: Rendering page: /Users/damithch/Repos/nus-cs2103/cs2103-website-base/book/testing/dependencyInjection/index.md
2026-04-09T09:44:16.690Z - [36mverbose[39m: Rendering page: /Users/damithch/Repos/nus-cs2103/cs2103-website-base/book/testing/dependencyInjection/how/index.md
2026-04-09T09:44:16.775Z - [36mverbose[39m: Rendering page: /Users/damithch/Repos/nus-cs2103/cs2103-website-base/book/testCaseDesign/summary/recap/index.md
2026-04-09T09:44:16.801Z - [36mverbose[39m: Rendering page: /Users/damithch/Repos/nus-cs2103/cs2103-website-base/book/testCaseDesign/summary/index.md
2026-04-09T09:44:16.810Z - [36mverbose[39m: Rendering page: /Users/damithch/Repos/nus-cs2103/cs2103-website-base/book/testCaseDesign/summary/exercises/index.md
2026-04-09T09:44:16.873Z - [36mverbose[39m: Rendering page: /Users/damithch/Repos/nus-cs2103/cs2103-website-base/book/testCaseDesign/more/testingUseCases/index.md
2026-04-09T09:44:16.879Z - [36mverbose[39m: Rendering page: /Users/damithch/Repos/nus-cs2103/cs2103-website-base/book/testCaseDesign/more/index.md
2026-04-09T09:44:16.886Z - [36mverbose[39m: Rendering page: /Users/damithch/Repos/nus-cs2103/cs2103-website-base/book/testCaseDesign/introduction/what/index.md
2026-04-09T09:44:16.921Z - [36mverbose[39m: Rendering page: /Users/damithch/Repos/nus-cs2103/cs2103-website-base/book/testCaseDesign/introduction/positiveVsNegative/index.md
2026-04-09T09:44:17.120Z - [36mverbose[39m: Rendering page: /Users/damithch/Repos/nus-cs2103/cs2103-website-base/book/testCaseDesign/introduction/index.md
2026-04-09T09:44:17.146Z - [36mverbose[39m: Rendering page: /Users/damithch/Repos/nus-cs2103/cs2103-website-base/book/testCaseDesign/introduction/blackVsGlass/index.md
2026-04-09T09:44:17.173Z - [36mverbose[39m: Rendering page: /Users/damithch/Repos/nus-cs2103/cs2103-website-base/book/testCaseDesign/index.md
2026-04-09T09:44:17.246Z - [36mverbose[39m: Rendering page: /Users/damithch/Repos/nus-cs2103/cs2103-website-base/book/testCaseDesign/equivalencePartitions/what/index.md
2026-04-09T09:44:17.272Z - [36mverbose[39m: Rendering page: /Users/damithch/Repos/nus-cs2103/cs2103-website-base/book/testCaseDesign/equivalencePartitions/intermediate/index.md
2026-04-09T09:44:17.281Z - [36mverbose[39m: Rendering page: /Users/damithch/Repos/nus-cs2103/cs2103-website-base/book/testCaseDesign/equivalencePartitions/index.md
2026-04-09T09:44:17.338Z - [36mverbose[39m: Rendering page: /Users/damithch/Repos/nus-cs2103/cs2103-website-base/book/testCaseDesign/equivalencePartitions/basic/index.md
2026-04-09T09:44:17.474Z - [36mverbose[39m: Rendering page: /Users/damithch/Repos/nus-cs2103/cs2103-website-base/book/testCaseDesign/combiningTestInputs/why/index.md
2026-04-09T09:44:17.508Z - [36mverbose[39m: Rendering page: /Users/damithch/Repos/nus-cs2103/cs2103-website-base/book/testCaseDesign/combiningTestInputs/mix/index.md
2026-04-09T09:44:17.519Z - [36mverbose[39m: Rendering page: /Users/damithch/Repos/nus-cs2103/cs2103-website-base/book/testCaseDesign/combiningTestInputs/index.md
2026-04-09T09:44:17.577Z - [36mverbose[39m: Rendering page: /Users/damithch/Repos/nus-cs2103/cs2103-website-base/book/testCaseDesign/combiningTestInputs/heuristicValid/index.md
2026-04-09T09:44:17.598Z - [36mverbose[39m: Rendering page: /Users/damithch/Repos/nus-cs2103/cs2103-website-base/book/testCaseDesign/combiningTestInputs/heuristicInvalid/index.md
2026-04-09T09:44:17.623Z - [36mverbose[39m: Rendering page: /Users/damithch/Repos/nus-cs2103/cs2103-website-base/book/testCaseDesign/combiningTestInputs/combinationStrategies/index.md
2026-04-09T09:44:17.643Z - [36mverbose[39m: Rendering page: /Users/damithch/Repos/nus-cs2103/cs2103-website-base/book/testCaseDesign/boundaryValueAnalysis/what/index.md
2026-04-09T09:44:17.649Z - [36mverbose[39m: Rendering page: /Users/damithch/Repos/nus-cs2103/cs2103-website-base/book/testCaseDesign/boundaryValueAnalysis/index.md
2026-04-09T09:44:17.688Z - [36mverbose[39m: Rendering page: /Users/damithch/Repos/nus-cs2103/cs2103-website-base/book/testCaseDesign/boundaryValueAnalysis/how/index.md
2026-04-09T09:44:17.722Z - [36mverbose[39m: Rendering page: /Users/damithch/Repos/nus-cs2103/cs2103-website-base/book/teamwork/teamStructures/index.md
2026-04-09T09:44:17.729Z - [36mverbose[39m: Rendering page: /Users/damithch/Repos/nus-cs2103/cs2103-website-base/book/teamwork/index.md
2026-04-09T09:44:17.764Z - [36mverbose[39m: Rendering page: /Users/damithch/Repos/nus-cs2103/cs2103-website-base/book/specifyingRequirements/userStories/usage/index.md
2026-04-09T09:44:17.850Z - [36mverbose[39m: Rendering page: /Users/damithch/Repos/nus-cs2103/cs2103-website-base/book/specifyingRequirements/userStories/introduction/index.md
2026-04-09T09:44:17.876Z - [36mverbose[39m: Rendering page: /Users/damithch/Repos/nus-cs2103/cs2103-website-base/book/specifyingRequirements/userStories/index.md
2026-04-09T09:44:17.886Z - [36mverbose[39m: Rendering page: /Users/damithch/Repos/nus-cs2103/cs2103-website-base/book/specifyingRequirements/userStories/details/index.md
2026-04-09T09:44:17.915Z - [36mverbose[39m: Rendering page: /Users/damithch/Repos/nus-cs2103/cs2103-website-base/book/specifyingRequirements/useCases/usage/index.md
2026-04-09T09:44:18.013Z - [36mverbose[39m: Rendering page: /Users/damithch/Repos/nus-cs2103/cs2103-website-base/book/specifyingRequirements/useCases/introduction/index.md
2026-04-09T09:44:18.051Z - [36mverbose[39m: Rendering page: /Users/damithch/Repos/nus-cs2103/cs2103-website-base/book/specifyingRequirements/useCases/index.md
2026-04-09T09:44:18.080Z - [36mverbose[39m: Rendering page: /Users/damithch/Repos/nus-cs2103/cs2103-website-base/book/specifyingRequirements/useCases/identifying/index.md
2026-04-09T09:44:18.087Z - [36mverbose[39m: Rendering page: /Users/damithch/Repos/nus-cs2103/cs2103-website-base/book/specifyingRequirements/useCases/details/index.md
2026-04-09T09:44:18.136Z - [36mverbose[39m: Rendering page: /Users/damithch/Repos/nus-cs2103/cs2103-website-base/book/specifyingRequirements/supplementaryRequirements/what/index.md
2026-04-09T09:44:18.142Z - [36mverbose[39m: Rendering page: /Users/damithch/Repos/nus-cs2103/cs2103-website-base/book/specifyingRequirements/supplementaryRequirements/index.md
2026-04-09T09:44:18.148Z - [36mverbose[39m: Rendering page: /Users/damithch/Repos/nus-cs2103/cs2103-website-base/book/specifyingRequirements/prose/index.md
2026-04-09T09:44:18.155Z - [36mverbose[39m: Rendering page: /Users/damithch/Repos/nus-cs2103/cs2103-website-base/book/specifyingRequirements/prose/what/index.md
2026-04-09T09:44:18.321Z - [36mverbose[39m: Rendering page: /Users/damithch/Repos/nus-cs2103/cs2103-website-base/book/specifyingRequirements/index.md
2026-04-09T09:44:18.382Z - [36mverbose[39m: Rendering page: /Users/damithch/Repos/nus-cs2103/cs2103-website-base/book/specifyingRequirements/glossary/index.md
2026-04-09T09:44:18.387Z - [36mverbose[39m: Rendering page: /Users/damithch/Repos/nus-cs2103/cs2103-website-base/book/specifyingRequirements/glossary/what/index.md
2026-04-09T09:44:18.393Z - [36mverbose[39m: Rendering page: /Users/damithch/Repos/nus-cs2103/cs2103-website-base/book/specifyingRequirements/featureList/index.md
2026-04-09T09:44:18.398Z - [36mverbose[39m: Rendering page: /Users/damithch/Repos/nus-cs2103/cs2103-website-base/book/specifyingRequirements/featureList/what/index.md
2026-04-09T09:44:18.495Z - [36mverbose[39m: Rendering page: /Users/damithch/Repos/nus-cs2103/cs2103-website-base/book/softwareEngineering/index.md
2026-04-09T09:44:18.503Z - [36mverbose[39m: Rendering page: /Users/damithch/Repos/nus-cs2103/cs2103-website-base/book/softwareEngineering/introduction/index.md
2026-04-09T09:44:18.509Z - [36mverbose[39m: Rendering page: /Users/damithch/Repos/nus-cs2103/cs2103-website-base/book/softwareEngineering/introduction/prosAndCons/index.md
2026-04-09T09:44:18.532Z - [36mverbose[39m: Rendering page: /Users/damithch/Repos/nus-cs2103/cs2103-website-base/book/reuse/platforms/what/index.md
2026-04-09T09:44:18.563Z - [36mverbose[39m: Rendering page: /Users/damithch/Repos/nus-cs2103/cs2103-website-base/book/reuse/platforms/index.md
2026-04-09T09:44:18.581Z - [36mverbose[39m: Rendering page: /Users/damithch/Repos/nus-cs2103/cs2103-website-base/book/reuse/libraries/what/index.md
2026-04-09T09:44:18.586Z - [36mverbose[39m: Rendering page: /Users/damithch/Repos/nus-cs2103/cs2103-website-base/book/reuse/libraries/index.md
2026-04-09T09:44:18.604Z - [36mverbose[39m: Rendering page: /Users/damithch/Repos/nus-cs2103/cs2103-website-base/book/reuse/libraries/how/index.md
2026-04-09T09:44:18.702Z - [36mverbose[39m: Rendering page: /Users/damithch/Repos/nus-cs2103/cs2103-website-base/book/reuse/introduction/when/index.md
2026-04-09T09:44:18.709Z - [36mverbose[39m: Rendering page: /Users/damithch/Repos/nus-cs2103/cs2103-website-base/book/reuse/introduction/index.md
2026-04-09T09:44:18.714Z - [36mverbose[39m: Rendering page: /Users/damithch/Repos/nus-cs2103/cs2103-website-base/book/reuse/introduction/what/index.md
2026-04-09T09:44:18.735Z - [36mverbose[39m: Rendering page: /Users/damithch/Repos/nus-cs2103/cs2103-website-base/book/reuse/index.md
2026-04-09T09:44:18.795Z - [36mverbose[39m: Rendering page: /Users/damithch/Repos/nus-cs2103/cs2103-website-base/book/reuse/frameworks/what/index.md
2026-04-09T09:44:18.801Z - [36mverbose[39m: Rendering page: /Users/damithch/Repos/nus-cs2103/cs2103-website-base/book/reuse/frameworks/index.md
2026-04-09T09:44:18.808Z - [36mverbose[39m: Rendering page: /Users/damithch/Repos/nus-cs2103/cs2103-website-base/book/reuse/frameworks/frameworksVsLibraries/index.md
2026-04-09T09:44:18.846Z - [36mverbose[39m: Rendering page: /Users/damithch/Repos/nus-cs2103/cs2103-website-base/book/reuse/cloudComputing/what/index.md
2026-04-09T09:44:18.869Z - [36mverbose[39m: Rendering page: /Users/damithch/Repos/nus-cs2103/cs2103-website-base/book/reuse/cloudComputing/index.md
2026-04-09T09:44:18.874Z - [36mverbose[39m: Rendering page: /Users/damithch/Repos/nus-cs2103/cs2103-website-base/book/reuse/cloudComputing/services/index.md
2026-04-09T09:44:18.925Z - [36mverbose[39m: Rendering page: /Users/damithch/Repos/nus-cs2103/cs2103-website-base/book/reuse/apis/what/index.md
2026-04-09T09:44:18.931Z - [36mverbose[39m: Rendering page: /Users/damithch/Repos/nus-cs2103/cs2103-website-base/book/reuse/apis/index.md
2026-04-09T09:44:18.937Z - [36mverbose[39m: Rendering page: /Users/damithch/Repos/nus-cs2103/cs2103-website-base/book/reuse/apis/designingAPIs/index.md
2026-04-09T09:44:18.943Z - [36mverbose[39m: Rendering page: /Users/damithch/Repos/nus-cs2103/cs2103-website-base/book/requirements/quality/index.md
2026-04-09T09:44:19.027Z - [36mverbose[39m: Rendering page: /Users/damithch/Repos/nus-cs2103/cs2103-website-base/book/requirements/prioritizing/index.md
2026-04-09T09:44:19.033Z - [36mverbose[39m: Rendering page: /Users/damithch/Repos/nus-cs2103/cs2103-website-base/book/requirements/nonFunctionalRequirements/index.md
2026-04-09T09:44:19.039Z - [36mverbose[39m: Rendering page: /Users/damithch/Repos/nus-cs2103/cs2103-website-base/book/requirements/introduction/index.md
2026-04-09T09:44:19.044Z - [36mverbose[39m: Rendering page: /Users/damithch/Repos/nus-cs2103/cs2103-website-base/book/requirements/index.md
2026-04-09T09:44:19.166Z - [36mverbose[39m: Rendering page: /Users/damithch/Repos/nus-cs2103/cs2103-website-base/book/refactoring/when/index.md
2026-04-09T09:44:19.181Z - [36mverbose[39m: Rendering page: /Users/damithch/Repos/nus-cs2103/cs2103-website-base/book/refactoring/index.md
2026-04-09T09:44:19.191Z - [36mverbose[39m: Rendering page: /Users/damithch/Repos/nus-cs2103/cs2103-website-base/book/refactoring/how/index.md
2026-04-09T09:44:19.196Z - [36mverbose[39m: Rendering page: /Users/damithch/Repos/nus-cs2103/cs2103-website-base/book/refactoring/what/index.md
2026-04-09T09:44:19.256Z - [36mverbose[39m: Rendering page: /Users/damithch/Repos/nus-cs2103/cs2103-website-base/book/qualityAssurance/staticAnalysis/index.md
2026-04-09T09:44:19.262Z - [36mverbose[39m: Rendering page: /Users/damithch/Repos/nus-cs2103/cs2103-website-base/book/qualityAssurance/staticAnalysis/what/index.md
2026-04-09T09:44:19.266Z - [36mverbose[39m: Rendering page: /Users/damithch/Repos/nus-cs2103/cs2103-website-base/book/qualityAssurance/introduction/what/index.md
2026-04-09T09:44:19.272Z - [36mverbose[39m: Rendering page: /Users/damithch/Repos/nus-cs2103/cs2103-website-base/book/qualityAssurance/introduction/validationVsVerification/index.md
2026-04-09T09:44:19.361Z - [36mverbose[39m: Rendering page: /Users/damithch/Repos/nus-cs2103/cs2103-website-base/book/qualityAssurance/introduction/index.md
2026-04-09T09:44:19.366Z - [36mverbose[39m: Rendering page: /Users/damithch/Repos/nus-cs2103/cs2103-website-base/book/qualityAssurance/index.md
2026-04-09T09:44:19.390Z - [36mverbose[39m: Rendering page: /Users/damithch/Repos/nus-cs2103/cs2103-website-base/book/qualityAssurance/formalVerification/index.md
2026-04-09T09:44:19.396Z - [36mverbose[39m: Rendering page: /Users/damithch/Repos/nus-cs2103/cs2103-website-base/book/qualityAssurance/formalVerification/what/index.md
2026-04-09T09:44:19.450Z - [36mverbose[39m: Rendering page: /Users/damithch/Repos/nus-cs2103/cs2103-website-base/book/qualityAssurance/codeReviews/index.md
2026-04-09T09:44:19.459Z - [36mverbose[39m: Rendering page: /Users/damithch/Repos/nus-cs2103/cs2103-website-base/book/qualityAssurance/codeReviews/what/index.md
2026-04-09T09:44:19.464Z - [36mverbose[39m: Rendering page: /Users/damithch/Repos/nus-cs2103/cs2103-website-base/book/projectPlanning/pertCharts/index.md
2026-04-09T09:44:19.469Z - [36mverbose[39m: Rendering page: /Users/damithch/Repos/nus-cs2103/cs2103-website-base/book/projectPlanning/workBreakdownStructure/index.md
2026-04-09T09:44:19.542Z - [36mverbose[39m: Rendering page: /Users/damithch/Repos/nus-cs2103/cs2103-website-base/book/projectPlanning/milestones/index.md
2026-04-09T09:44:19.547Z - [36mverbose[39m: Rendering page: /Users/damithch/Repos/nus-cs2103/cs2103-website-base/book/projectPlanning/issueTrackers/index.md
2026-04-09T09:44:19.551Z - [36mverbose[39m: Rendering page: /Users/damithch/Repos/nus-cs2103/cs2103-website-base/book/projectPlanning/index.md
2026-04-09T09:44:19.560Z - [36mverbose[39m: Rendering page: /Users/damithch/Repos/nus-cs2103/cs2103-website-base/book/projectPlanning/ganttCharts/index.md
2026-04-09T09:44:19.765Z - [36mverbose[39m: Rendering page: /Users/damithch/Repos/nus-cs2103/cs2103-website-base/book/projectPlanning/buffers/index.md
2026-04-09T09:44:19.770Z - [36mverbose[39m: Rendering page: /Users/damithch/Repos/nus-cs2103/cs2103-website-base/book/projectDuke/index.md
2026-04-09T09:44:19.790Z - [36mverbose[39m: Rendering page: /Users/damithch/Repos/nus-cs2103/cs2103-website-base/book/processModels/summary/index.md
2026-04-09T09:44:19.808Z - [36mverbose[39m: Rendering page: /Users/damithch/Repos/nus-cs2103/cs2103-website-base/book/processModels/summary/recap/index.md
2026-04-09T09:44:19.825Z - [36mverbose[39m: Rendering page: /Users/damithch/Repos/nus-cs2103/cs2103-website-base/book/processModels/more/index.md
2026-04-09T09:44:19.852Z - [36mverbose[39m: Rendering page: /Users/damithch/Repos/nus-cs2103/cs2103-website-base/book/processModels/more/cmmi/index.md
2026-04-09T09:44:19.869Z - [36mverbose[39m: Rendering page: /Users/damithch/Repos/nus-cs2103/cs2103-website-base/book/processModels/introduction/sequentialModels/index.md
2026-04-09T09:44:19.876Z - [36mverbose[39m: Rendering page: /Users/damithch/Repos/nus-cs2103/cs2103-website-base/book/processModels/introduction/what/index.md
2026-04-09T09:44:19.916Z - [36mverbose[39m: Rendering page: /Users/damithch/Repos/nus-cs2103/cs2103-website-base/book/processModels/introduction/iterativeModels/index.md
2026-04-09T09:44:19.983Z - [36mverbose[39m: Rendering page: /Users/damithch/Repos/nus-cs2103/cs2103-website-base/book/processModels/introduction/index.md
2026-04-09T09:44:20.000Z - [36mverbose[39m: Rendering page: /Users/damithch/Repos/nus-cs2103/cs2103-website-base/book/processModels/introduction/agileModels/index.md
2026-04-09T09:44:20.005Z - [36mverbose[39m: Rendering page: /Users/damithch/Repos/nus-cs2103/cs2103-website-base/book/processModels/index.md
2026-04-09T09:44:20.032Z - [36mverbose[39m: Rendering page: /Users/damithch/Repos/nus-cs2103/cs2103-website-base/book/processModels/exampleProcessModels/xp/index.md
2026-04-09T09:44:20.050Z - [36mverbose[39m: Rendering page: /Users/damithch/Repos/nus-cs2103/cs2103-website-base/book/processModels/exampleProcessModels/unifiedProcess/index.md
2026-04-09T09:44:20.094Z - [36mverbose[39m: Rendering page: /Users/damithch/Repos/nus-cs2103/cs2103-website-base/book/processModels/exampleProcessModels/scrum/index.md
2026-04-09T09:44:20.159Z - [36mverbose[39m: Rendering page: /Users/damithch/Repos/nus-cs2103/cs2103-website-base/book/processModels/exampleProcessModels/index.md
2026-04-09T09:44:20.179Z - [36mverbose[39m: Rendering page: /Users/damithch/Repos/nus-cs2103/cs2103-website-base/book/principles/yagniPrinciple/index.md
2026-04-09T09:44:20.212Z - [36mverbose[39m: Rendering page: /Users/damithch/Repos/nus-cs2103/cs2103-website-base/book/principles/solidPrinciples/index.md
2026-04-09T09:44:20.270Z - [36mverbose[39m: Rendering page: /Users/damithch/Repos/nus-cs2103/cs2103-website-base/book/principles/singleResponsibilityPrinciple/index.md
2026-04-09T09:44:20.292Z - [36mverbose[39m: Rendering page: /Users/damithch/Repos/nus-cs2103/cs2103-website-base/book/principles/separationOfConcernsPrinciple/index.md
2026-04-09T09:44:20.366Z - [36mverbose[39m: Rendering page: /Users/damithch/Repos/nus-cs2103/cs2103-website-base/book/principles/openClosedPrinciple/index.md
2026-04-09T09:44:20.373Z - [36mverbose[39m: Rendering page: /Users/damithch/Repos/nus-cs2103/cs2103-website-base/book/principles/review/index.md
2026-04-09T09:44:20.378Z - [36mverbose[39m: Rendering page: /Users/damithch/Repos/nus-cs2103/cs2103-website-base/book/principles/liskovSubstitutionPrinciple/index.md
2026-04-09T09:44:20.401Z - [36mverbose[39m: Rendering page: /Users/damithch/Repos/nus-cs2103/cs2103-website-base/book/principles/lawOfDemeter/index.md
2026-04-09T09:44:20.594Z - [36mverbose[39m: Rendering page: /Users/damithch/Repos/nus-cs2103/cs2103-website-base/book/principles/interfaceSegregationPrinciple/index.md
2026-04-09T09:44:20.616Z - [36mverbose[39m: Rendering page: /Users/damithch/Repos/nus-cs2103/cs2103-website-base/book/principles/index.md
2026-04-09T09:44:20.633Z - [36mverbose[39m: Rendering page: /Users/damithch/Repos/nus-cs2103/cs2103-website-base/book/principles/dryPrinciple/index.md
2026-04-09T09:44:20.656Z - [36mverbose[39m: Rendering page: /Users/damithch/Repos/nus-cs2103/cs2103-website-base/book/principles/dependencyInversionPrinciple/index.md
2026-04-09T09:44:20.697Z - [36mverbose[39m: Rendering page: /Users/damithch/Repos/nus-cs2103/cs2103-website-base/book/principles/brooksLaw/index.md
2026-04-09T09:44:20.717Z - [36mverbose[39m: Rendering page: /Users/damithch/Repos/nus-cs2103/cs2103-website-base/book/oop/polymorphism/index.md
2026-04-09T09:44:20.723Z - [36mverbose[39m: Rendering page: /Users/damithch/Repos/nus-cs2103/cs2103-website-base/book/oop/polymorphism/what/index.md
2026-04-09T09:44:20.789Z - [36mverbose[39m: Rendering page: /Users/damithch/Repos/nus-cs2103/cs2103-website-base/book/oop/polymorphism/how/index.md
2026-04-09T09:44:20.824Z - [36mverbose[39m: Rendering page: /Users/damithch/Repos/nus-cs2103/cs2103-website-base/book/oop/objects/what/index.md
2026-04-09T09:44:20.830Z - [36mverbose[39m: Rendering page: /Users/damithch/Repos/nus-cs2103/cs2103-website-base/book/oop/objects/index.md
2026-04-09T09:44:20.840Z - [36mverbose[39m: Rendering page: /Users/damithch/Repos/nus-cs2103/cs2103-website-base/book/oop/objects/encapsulation/index.md
2026-04-09T09:44:20.871Z - [36mverbose[39m: Rendering page: /Users/damithch/Repos/nus-cs2103/cs2103-website-base/book/oop/objects/abstraction/index.md
2026-04-09T09:44:20.896Z - [36mverbose[39m: Rendering page: /Users/damithch/Repos/nus-cs2103/cs2103-website-base/book/oop/more/review/index.md
2026-04-09T09:44:20.901Z - [36mverbose[39m: Rendering page: /Users/damithch/Repos/nus-cs2103/cs2103-website-base/book/oop/more/miscellaneous/index.md
2026-04-09T09:44:20.923Z - [36mverbose[39m: Rendering page: /Users/damithch/Repos/nus-cs2103/cs2103-website-base/book/oop/more/index.md
2026-04-09T09:44:20.979Z - [36mverbose[39m: Rendering page: /Users/damithch/Repos/nus-cs2103/cs2103-website-base/book/oop/introduction/index.md
2026-04-09T09:44:20.985Z - [36mverbose[39m: Rendering page: /Users/damithch/Repos/nus-cs2103/cs2103-website-base/book/oop/introduction/what/index.md
2026-04-09T09:44:20.991Z - [36mverbose[39m: Rendering page: /Users/damithch/Repos/nus-cs2103/cs2103-website-base/book/oop/inheritance/what/index.md
2026-04-09T09:44:20.999Z - [36mverbose[39m: Rendering page: /Users/damithch/Repos/nus-cs2103/cs2103-website-base/book/oop/inheritance/substitutability/index.md
2026-04-09T09:44:21.060Z - [36mverbose[39m: Rendering page: /Users/damithch/Repos/nus-cs2103/cs2103-website-base/book/oop/inheritance/overriding/index.md
2026-04-09T09:44:21.169Z - [36mverbose[39m: Rendering page: /Users/damithch/Repos/nus-cs2103/cs2103-website-base/book/oop/inheritance/overloading/index.md
2026-04-09T09:44:21.174Z - [36mverbose[39m: Rendering page: /Users/damithch/Repos/nus-cs2103/cs2103-website-base/book/oop/inheritance/interfaces/index.md
2026-04-09T09:44:21.215Z - [36mverbose[39m: Rendering page: /Users/damithch/Repos/nus-cs2103/cs2103-website-base/book/oop/inheritance/index.md
2026-04-09T09:44:21.482Z - [36mverbose[39m: Rendering page: /Users/damithch/Repos/nus-cs2103/cs2103-website-base/book/oop/inheritance/dynamicAndStaticBinding/index.md
2026-04-09T09:44:21.508Z - [36mverbose[39m: Rendering page: /Users/damithch/Repos/nus-cs2103/cs2103-website-base/book/oop/inheritance/abstractClasses/index.md
2026-04-09T09:44:21.513Z - [36mverbose[39m: Rendering page: /Users/damithch/Repos/nus-cs2103/cs2103-website-base/book/oop/index.md
2026-04-09T09:44:21.585Z - [36mverbose[39m: Rendering page: /Users/damithch/Repos/nus-cs2103/cs2103-website-base/book/oop/classes/what/index.md
2026-04-09T09:44:21.608Z - [36mverbose[39m: Rendering page: /Users/damithch/Repos/nus-cs2103/cs2103-website-base/book/oop/classes/index.md
2026-04-09T09:44:21.616Z - [36mverbose[39m: Rendering page: /Users/damithch/Repos/nus-cs2103/cs2103-website-base/book/oop/classes/enumerations/index.md
2026-04-09T09:44:21.652Z - [36mverbose[39m: Rendering page: /Users/damithch/Repos/nus-cs2103/cs2103-website-base/book/oop/classes/classLevelMembers/index.md
2026-04-09T09:44:21.677Z - [36mverbose[39m: Rendering page: /Users/damithch/Repos/nus-cs2103/cs2103-website-base/book/oop/associations/what/index.md
2026-04-09T09:44:21.747Z - [36mverbose[39m: Rendering page: /Users/damithch/Repos/nus-cs2103/cs2103-website-base/book/oop/associations/navigability/index.md
2026-04-09T09:44:21.753Z - [36mverbose[39m: Rendering page: /Users/damithch/Repos/nus-cs2103/cs2103-website-base/book/oop/associations/multiplicity/index.md
2026-04-09T09:44:21.806Z - [36mverbose[39m: Rendering page: /Users/damithch/Repos/nus-cs2103/cs2103-website-base/book/oop/associations/index.md
2026-04-09T09:44:21.821Z - [36mverbose[39m: Rendering page: /Users/damithch/Repos/nus-cs2103/cs2103-website-base/book/oop/associations/dependencies/index.md
2026-04-09T09:44:21.826Z - [36mverbose[39m: Rendering page: /Users/damithch/Repos/nus-cs2103/cs2103-website-base/book/oop/associations/composition/index.md
2026-04-09T09:44:21.831Z - [36mverbose[39m: Rendering page: /Users/damithch/Repos/nus-cs2103/cs2103-website-base/book/oop/associations/associationClasses/index.md
2026-04-09T09:44:21.892Z - [36mverbose[39m: Rendering page: /Users/damithch/Repos/nus-cs2103/cs2103-website-base/book/oop/associations/aggregation/index.md
2026-04-09T09:44:21.898Z - [36mverbose[39m: Rendering page: /Users/damithch/Repos/nus-cs2103/cs2103-website-base/book/modeling/modelingStructures/packageDiagrams/index.md
2026-04-09T09:44:21.902Z - [36mverbose[39m: Rendering page: /Users/damithch/Repos/nus-cs2103/cs2103-website-base/book/modeling/modelingStructures/ooStructures/index.md
2026-04-09T09:44:21.929Z - [36mverbose[39m: Rendering page: /Users/damithch/Repos/nus-cs2103/cs2103-website-base/book/modeling/modelingStructures/objectOrientedDomainModels/index.md
2026-04-09T09:44:23.309Z - [34mdebug[39m: 
2026-04-09T09:44:23.340Z - [36mverbose[39m: Rendering page: /Users/damithch/Repos/nus-cs2103/cs2103-website-base/book/modeling/modelingStructures/objectDiagrams/index.md
2026-04-09T09:44:23.350Z - [36mverbose[39m: Rendering page: /Users/damithch/Repos/nus-cs2103/cs2103-website-base/book/modeling/modelingStructures/index.md
2026-04-09T09:44:23.377Z - [36mverbose[39m: Rendering page: /Users/damithch/Repos/nus-cs2103/cs2103-website-base/book/modeling/modelingStructures/deploymentDiagrams/index.md
2026-04-09T09:44:23.383Z - [36mverbose[39m: Rendering page: /Users/damithch/Repos/nus-cs2103/cs2103-website-base/book/modeling/modelingStructures/customisingUml/index.md
2026-04-09T09:44:23.507Z - [36mverbose[39m: Rendering page: /Users/damithch/Repos/nus-cs2103/cs2103-website-base/book/modeling/modelingStructures/compositeStructureDiagrams/index.md
2026-04-09T09:44:23.513Z - [36mverbose[39m: Rendering page: /Users/damithch/Repos/nus-cs2103/cs2103-website-base/book/modeling/modelingStructures/componentDiagrams/index.md
2026-04-09T09:44:23.518Z - [36mverbose[39m: Rendering page: /Users/damithch/Repos/nus-cs2103/cs2103-website-base/book/modeling/modelingStructures/classDiagramsIntermediate/index.md
2026-04-09T09:44:23.526Z - [36mverbose[39m: Rendering page: /Users/damithch/Repos/nus-cs2103/cs2103-website-base/book/modeling/modelingStructures/classDiagramsBasic/index.md
2026-04-09T09:44:23.589Z - [36mverbose[39m: Rendering page: /Users/damithch/Repos/nus-cs2103/cs2103-website-base/book/modeling/modelingStructures/classDiagramsAdvanced/index.md
2026-04-09T09:44:23.595Z - [36mverbose[39m: Rendering page: /Users/damithch/Repos/nus-cs2103/cs2103-website-base/book/modeling/modelingBehaviors/useCaseDiagrams/index.md
2026-04-09T09:44:23.599Z - [36mverbose[39m: Rendering page: /Users/damithch/Repos/nus-cs2103/cs2103-website-base/book/modeling/modelingStructures/addingMoreInfo/index.md
2026-04-09T09:44:23.606Z - [36mverbose[39m: Rendering page: /Users/damithch/Repos/nus-cs2103/cs2103-website-base/book/modeling/modelingBehaviors/timingDiagrams/index.md
2026-04-09T09:44:23.684Z - [36mverbose[39m: Rendering page: /Users/damithch/Repos/nus-cs2103/cs2103-website-base/book/modeling/modelingBehaviors/stateMachineDiagrams/index.md
2026-04-09T09:44:23.689Z - [36mverbose[39m: Rendering page: /Users/damithch/Repos/nus-cs2103/cs2103-website-base/book/modeling/modelingBehaviors/sequenceDiagramsIntermediate/index.md
2026-04-09T09:44:23.695Z - [36mverbose[39m: Rendering page: /Users/damithch/Repos/nus-cs2103/cs2103-website-base/book/modeling/modelingBehaviors/sequenceDiagramsBasic/index.md
2026-04-09T09:44:23.703Z - [36mverbose[39m: Rendering page: /Users/damithch/Repos/nus-cs2103/cs2103-website-base/book/modeling/modelingBehaviors/sequenceDiagramsAdvanced/index.md
2026-04-09T09:44:23.819Z - [36mverbose[39m: Rendering page: /Users/damithch/Repos/nus-cs2103/cs2103-website-base/book/modeling/modelingBehaviors/interactionOverviewDiagrams/index.md
2026-04-09T09:44:23.824Z - [36mverbose[39m: Rendering page: /Users/damithch/Repos/nus-cs2103/cs2103-website-base/book/modeling/modelingBehaviors/index.md
2026-04-09T09:44:23.838Z - [36mverbose[39m: Rendering page: /Users/damithch/Repos/nus-cs2103/cs2103-website-base/book/modeling/modelingBehaviors/communicationDiagrams/index.md
2026-04-09T09:44:23.843Z - [36mverbose[39m: Rendering page: /Users/damithch/Repos/nus-cs2103/cs2103-website-base/book/modeling/modelingBehaviors/activityDiagramsIntermediate/index.md
2026-04-09T09:44:23.941Z - [36mverbose[39m: Rendering page: /Users/damithch/Repos/nus-cs2103/cs2103-website-base/book/modeling/modelingBehaviors/activityDiagrams/index.md
2026-04-09T09:44:23.947Z - [36mverbose[39m: Rendering page: /Users/damithch/Repos/nus-cs2103/cs2103-website-base/book/modeling/modelingASolution/introduction/index.md
2026-04-09T09:44:23.952Z - [36mverbose[39m: Rendering page: /Users/damithch/Repos/nus-cs2103/cs2103-website-base/book/modeling/modelingASolution/intermediate/index.md
2026-04-09T09:44:23.974Z - [36mverbose[39m: Rendering page: /Users/damithch/Repos/nus-cs2103/cs2103-website-base/book/modeling/modelingASolution/index.md
2026-04-09T09:44:24.050Z - [36mverbose[39m: Rendering page: /Users/damithch/Repos/nus-cs2103/cs2103-website-base/book/modeling/modelingASolution/basic/index.md
2026-04-09T09:44:24.057Z - [36mverbose[39m: Rendering page: /Users/damithch/Repos/nus-cs2103/cs2103-website-base/book/modeling/introduction/umlModels/index.md
2026-04-09T09:44:24.081Z - [36mverbose[39m: Rendering page: /Users/damithch/Repos/nus-cs2103/cs2103-website-base/book/modeling/introduction/what/index.md
2026-04-09T09:44:24.086Z - [36mverbose[39m: Rendering page: /Users/damithch/Repos/nus-cs2103/cs2103-website-base/book/modeling/introduction/index.md
2026-04-09T09:44:24.388Z - [36mverbose[39m: Rendering page: /Users/damithch/Repos/nus-cs2103/cs2103-website-base/book/modeling/introduction/how/index.md
2026-04-09T09:44:24.396Z - [36mverbose[39m: Rendering page: /Users/damithch/Repos/nus-cs2103/cs2103-website-base/book/modeling/index.md
2026-04-09T09:44:24.438Z - [36mverbose[39m: Rendering page: /Users/damithch/Repos/nus-cs2103/cs2103-website-base/book/intellij/refactoring/index.md
2026-04-09T09:44:24.443Z - [36mverbose[39m: Rendering page: /Users/damithch/Repos/nus-cs2103/cs2103-website-base/book/intellij/projectSetup/index.md
2026-04-09T09:44:24.510Z - [36mverbose[39m: Rendering page: /Users/damithch/Repos/nus-cs2103/cs2103-website-base/book/intellij/productivityShortcuts/index.md
2026-04-09T09:44:24.517Z - [36mverbose[39m: Rendering page: /Users/damithch/Repos/nus-cs2103/cs2103-website-base/book/intellij/index.md
2026-04-09T09:44:24.524Z - [36mverbose[39m: Rendering page: /Users/damithch/Repos/nus-cs2103/cs2103-website-base/book/intellij/debuggingBasic/index.md
2026-04-09T09:44:24.542Z - [36mverbose[39m: Rendering page: /Users/damithch/Repos/nus-cs2103/cs2103-website-base/book/intellij/codeNavigation/index.md
2026-04-09T09:44:24.625Z - [36mverbose[39m: Rendering page: /Users/damithch/Repos/nus-cs2103/cs2103-website-base/book/integration/introduction/index.md
2026-04-09T09:44:24.631Z - [36mverbose[39m: Rendering page: /Users/damithch/Repos/nus-cs2103/cs2103-website-base/book/integration/introduction/what/index.md
2026-04-09T09:44:24.636Z - [36mverbose[39m: Rendering page: /Users/damithch/Repos/nus-cs2103/cs2103-website-base/book/integration/more/index.md
2026-04-09T09:44:24.694Z - [36mverbose[39m: Rendering page: /Users/damithch/Repos/nus-cs2103/cs2103-website-base/book/integration/more/review/index.md
2026-04-09T09:44:24.741Z - [36mverbose[39m: Rendering page: /Users/damithch/Repos/nus-cs2103/cs2103-website-base/book/integration/index.md
2026-04-09T09:44:24.751Z - [36mverbose[39m: Rendering page: /Users/damithch/Repos/nus-cs2103/cs2103-website-base/book/integration/buildAutomation/index.md
2026-04-09T09:44:24.758Z - [36mverbose[39m: Rendering page: /Users/damithch/Repos/nus-cs2103/cs2103-website-base/book/integration/buildAutomation/what/index.md
2026-04-09T09:44:24.783Z - [36mverbose[39m: Rendering page: /Users/damithch/Repos/nus-cs2103/cs2103-website-base/book/integration/buildAutomation/continuousIntegrationDeployment/index.md
2026-04-09T09:44:24.827Z - [36mverbose[39m: Rendering page: /Users/damithch/Repos/nus-cs2103/cs2103-website-base/book/integration/approaches/topDownVsBottomUp/index.md
2026-04-09T09:44:24.847Z - [36mverbose[39m: Rendering page: /Users/damithch/Repos/nus-cs2103/cs2103-website-base/book/integration/approaches/lateVsEarly/index.md
2026-04-09T09:44:24.852Z - [36mverbose[39m: Rendering page: /Users/damithch/Repos/nus-cs2103/cs2103-website-base/book/integration/approaches/index.md
2026-04-09T09:44:24.877Z - [36mverbose[39m: Rendering page: /Users/damithch/Repos/nus-cs2103/cs2103-website-base/book/integration/approaches/bigBangVsIncremental/index.md
2026-04-09T09:44:24.898Z - [36mverbose[39m: Rendering page: /Users/damithch/Repos/nus-cs2103/cs2103-website-base/book/index.md
2026-04-09T09:44:24.953Z - [36mverbose[39m: Rendering page: /Users/damithch/Repos/nus-cs2103/cs2103-website-base/book/ides/index.md
2026-04-09T09:44:24.958Z - [36mverbose[39m: Rendering page: /Users/damithch/Repos/nus-cs2103/cs2103-website-base/book/ides/introduction/index.md
2026-04-09T09:44:24.963Z - [36mverbose[39m: Rendering page: /Users/damithch/Repos/nus-cs2103/cs2103-website-base/book/ides/introduction/what/index.md
2026-04-09T09:44:25.013Z - [36mverbose[39m: Rendering page: /Users/damithch/Repos/nus-cs2103/cs2103-website-base/book/ides/debugging/what/index.md
2026-04-09T09:44:25.018Z - [36mverbose[39m: Rendering page: /Users/damithch/Repos/nus-cs2103/cs2103-website-base/book/ides/debugging/index.md
2026-04-09T09:44:25.024Z - [36mverbose[39m: Rendering page: /Users/damithch/Repos/nus-cs2103/cs2103-website-base/book/gitAndGithub/trail/workingWithRemotes/index.md
2026-04-09T09:44:25.029Z - [36mverbose[39m: Rendering page: /Users/damithch/Repos/nus-cs2103/cs2103-website-base/book/gitAndGithub/trail/usingRevisionHistory/index.md
2026-04-09T09:44:25.227Z - [36mverbose[39m: Rendering page: /Users/damithch/Repos/nus-cs2103/cs2103-website-base/book/gitAndGithub/trail/syncingBranches/index.md
2026-04-09T09:44:25.231Z - [36mverbose[39m: Rendering page: /Users/damithch/Repos/nus-cs2103/cs2103-website-base/book/gitAndGithub/trail/remoteBranches/index.md
2026-04-09T09:44:25.237Z - [36mverbose[39m: Rendering page: /Users/damithch/Repos/nus-cs2103/cs2103-website-base/book/gitAndGithub/trail/index.md
2026-04-09T09:44:25.245Z - [36mverbose[39m: Rendering page: /Users/damithch/Repos/nus-cs2103/cs2103-website-base/book/gitAndGithub/trail/recordingFolderHistory/index.md
2026-04-09T09:44:25.296Z - [36mverbose[39m: Rendering page: /Users/damithch/Repos/nus-cs2103/cs2103-website-base/book/gitAndGithub/trail/branchingLocally/index.md
2026-04-09T09:44:25.301Z - [36mverbose[39m: Rendering page: /Users/damithch/Repos/nus-cs2103/cs2103-website-base/book/gitAndGithub/trail/fineTuningHistory/index.md
2026-04-09T09:44:25.305Z - [36mverbose[39m: Rendering page: /Users/damithch/Repos/nus-cs2103/cs2103-website-base/book/gitAndGithub/template/index.md
2026-04-09T09:44:25.309Z - [36mverbose[39m: Rendering page: /Users/damithch/Repos/nus-cs2103/cs2103-website-base/book/gitAndGithub/trail/backingUpOnCloud/index.md
2026-04-09T09:44:25.485Z - [36mverbose[39m: Rendering page: /Users/damithch/Repos/nus-cs2103/cs2103-website-base/book/gitAndGithub/tag/index.md
2026-04-09T09:44:25.497Z - [36mverbose[39m: Rendering page: /Users/damithch/Repos/nus-cs2103/cs2103-website-base/book/gitAndGithub/syncByRebase/index.md
2026-04-09T09:44:25.501Z - [36mverbose[39m: Rendering page: /Users/damithch/Repos/nus-cs2103/cs2103-website-base/book/gitAndGithub/stage/index.md
2026-04-09T09:44:25.517Z - [36mverbose[39m: Rendering page: /Users/damithch/Repos/nus-cs2103/cs2103-website-base/book/gitAndGithub/syncByMerge/index.md
2026-04-09T09:44:25.635Z - [36mverbose[39m: Rendering page: /Users/damithch/Repos/nus-cs2103/cs2103-website-base/book/gitAndGithub/setRemote/index.md
2026-04-09T09:44:25.643Z - [36mverbose[39m: Rendering page: /Users/damithch/Repos/nus-cs2103/cs2103-website-base/book/gitAndGithub/selectiveStage/index.md
2026-04-09T09:44:25.649Z - [36mverbose[39m: Rendering page: /Users/damithch/Repos/nus-cs2103/cs2103-website-base/book/gitAndGithub/show/index.md
2026-04-09T09:44:25.660Z - [36mverbose[39m: Rendering page: /Users/damithch/Repos/nus-cs2103/cs2103-website-base/book/gitAndGithub/reviewPRs/index.md
2026-04-09T09:44:25.785Z - [36mverbose[39m: Rendering page: /Users/damithch/Repos/nus-cs2103/cs2103-website-base/book/gitAndGithub/reset/index.md
2026-04-09T09:44:25.797Z - [36mverbose[39m: Rendering page: /Users/damithch/Repos/nus-cs2103/cs2103-website-base/book/gitAndGithub/revert/index.md
2026-04-09T09:44:25.803Z - [36mverbose[39m: Rendering page: /Users/damithch/Repos/nus-cs2103/cs2103-website-base/book/gitAndGithub/remoteRepos/index.md
2026-04-09T09:44:25.808Z - [36mverbose[39m: Rendering page: /Users/damithch/Repos/nus-cs2103/cs2103-website-base/book/gitAndGithub/remoteBranches/index.md
2026-04-09T09:44:25.890Z - [36mverbose[39m: Rendering page: /Users/damithch/Repos/nus-cs2103/cs2103-website-base/book/gitAndGithub/remoteBranchPush/index.md
2026-04-09T09:44:25.896Z - [36mverbose[39m: Rendering page: /Users/damithch/Repos/nus-cs2103/cs2103-website-base/book/gitAndGithub/remoteBranchPull/index.md
2026-04-09T09:44:25.902Z - [36mverbose[39m: Rendering page: /Users/damithch/Repos/nus-cs2103/cs2103-website-base/book/gitAndGithub/remoteBranchRename/index.md
2026-04-09T09:44:25.909Z - [36mverbose[39m: Rendering page: /Users/damithch/Repos/nus-cs2103/cs2103-website-base/book/gitAndGithub/remoteBranchDelete/index.md
2026-04-09T09:44:26.096Z - [36mverbose[39m: Rendering page: /Users/damithch/Repos/nus-cs2103/cs2103-website-base/book/gitAndGithub/pull/index.md
2026-04-09T09:44:26.107Z - [36mverbose[39m: Rendering page: /Users/damithch/Repos/nus-cs2103/cs2103-website-base/book/gitAndGithub/push/index.md
2026-04-09T09:44:26.120Z - [36mverbose[39m: Rendering page: /Users/damithch/Repos/nus-cs2103/cs2103-website-base/book/gitAndGithub/mergeConflicts/index.md
2026-04-09T09:44:26.126Z - [36mverbose[39m: Rendering page: /Users/damithch/Repos/nus-cs2103/cs2103-website-base/book/gitAndGithub/merge/index.md
2026-04-09T09:44:26.239Z - [36mverbose[39m: Rendering page: /Users/damithch/Repos/nus-cs2103/cs2103-website-base/book/gitAndGithub/managePRs/index.md
2026-04-09T09:44:26.246Z - [36mverbose[39m: Rendering page: /Users/damithch/Repos/nus-cs2103/cs2103-website-base/book/gitAndGithub/log/index.md
2026-04-09T09:44:26.256Z - [36mverbose[39m: Rendering page: /Users/damithch/Repos/nus-cs2103/cs2103-website-base/book/gitAndGithub/intro/index.md
2026-04-09T09:44:26.261Z - [36mverbose[39m: Rendering page: /Users/damithch/Repos/nus-cs2103/cs2103-website-base/book/gitAndGithub/interactiveRebase/index.md
2026-04-09T09:44:26.833Z - [36mverbose[39m: Rendering page: /Users/damithch/Repos/nus-cs2103/cs2103-website-base/book/gitAndGithub/init/index.md
2026-04-09T09:44:26.845Z - [36mverbose[39m: Rendering page: /Users/damithch/Repos/nus-cs2103/cs2103-website-base/book/gitAndGithub/index.md
2026-04-09T09:44:26.907Z - [36mverbose[39m: Rendering page: /Users/damithch/Repos/nus-cs2103/cs2103-website-base/book/gitAndGithub/ignore/index.md
2026-04-09T09:44:26.921Z - [36mverbose[39m: Rendering page: /Users/damithch/Repos/nus-cs2103/cs2103-website-base/book/gitAndGithub/githubPrep/index.md
2026-04-09T09:44:27.038Z - [36mverbose[39m: Rendering page: /Users/damithch/Repos/nus-cs2103/cs2103-website-base/book/gitAndGithub/gitPrep/index.md
2026-04-09T09:44:27.050Z - [36mverbose[39m: Rendering page: /Users/damithch/Repos/nus-cs2103/cs2103-website-base/book/gitAndGithub/forkingWorkflow/index.md
2026-04-09T09:44:27.055Z - [36mverbose[39m: Rendering page: /Users/damithch/Repos/nus-cs2103/cs2103-website-base/book/gitAndGithub/fork/index.md
2026-04-09T09:44:27.060Z - [36mverbose[39m: Rendering page: /Users/damithch/Repos/nus-cs2103/cs2103-website-base/book/gitAndGithub/featureBranchFlow/index.md
2026-04-09T09:44:27.140Z - [36mverbose[39m: Rendering page: /Users/damithch/Repos/nus-cs2103/cs2103-website-base/book/gitAndGithub/drcsVsCrcs/index.md
2026-04-09T09:44:27.145Z - [36mverbose[39m: Rendering page: /Users/damithch/Repos/nus-cs2103/cs2103-website-base/book/gitAndGithub/createRemoteRepo/index.md
2026-04-09T09:44:27.151Z - [36mverbose[39m: Rendering page: /Users/damithch/Repos/nus-cs2103/cs2103-website-base/book/gitAndGithub/diff/index.md
2026-04-09T09:44:27.161Z - [36mverbose[39m: Rendering page: /Users/damithch/Repos/nus-cs2103/cs2103-website-base/book/gitAndGithub/createPRs/index.md
2026-04-09T09:44:27.256Z - [36mverbose[39m: Rendering page: /Users/damithch/Repos/nus-cs2103/cs2103-website-base/book/gitAndGithub/commitMessage/index.md
2026-04-09T09:44:27.263Z - [36mverbose[39m: Rendering page: /Users/damithch/Repos/nus-cs2103/cs2103-website-base/book/gitAndGithub/commit/index.md
2026-04-09T09:44:27.270Z - [36mverbose[39m: Rendering page: /Users/damithch/Repos/nus-cs2103/cs2103-website-base/book/gitAndGithub/clone/index.md
2026-04-09T09:44:27.279Z - [36mverbose[39m: Rendering page: /Users/damithch/Repos/nus-cs2103/cs2103-website-base/book/gitAndGithub/cherryPick/index.md
2026-04-09T09:44:27.396Z - [36mverbose[39m: Rendering page: /Users/damithch/Repos/nus-cs2103/cs2103-website-base/book/gitAndGithub/checkout/index.md
2026-04-09T09:44:27.406Z - [36mverbose[39m: Rendering page: /Users/damithch/Repos/nus-cs2103/cs2103-website-base/book/gitAndGithub/centralizedFlow/index.md
2026-04-09T09:44:27.410Z - [36mverbose[39m: Rendering page: /Users/damithch/Repos/nus-cs2103/cs2103-website-base/book/gitAndGithub/branchRename/index.md
2026-04-09T09:44:27.463Z - [36mverbose[39m: Rendering page: /Users/damithch/Repos/nus-cs2103/cs2103-website-base/book/gitAndGithub/branchDelete/index.md
2026-04-09T09:44:27.507Z - [36mverbose[39m: Rendering page: /Users/damithch/Repos/nus-cs2103/cs2103-website-base/book/gitAndGithub/branch/index.md
2026-04-09T09:44:27.519Z - [36mverbose[39m: Rendering page: /Users/damithch/Repos/nus-cs2103/cs2103-website-base/book/gatheringRequirements/prototyping/index.md
2026-04-09T09:44:27.524Z - [36mverbose[39m: Rendering page: /Users/damithch/Repos/nus-cs2103/cs2103-website-base/book/gatheringRequirements/userSurveys/index.md
2026-04-09T09:44:27.539Z - [36mverbose[39m: Rendering page: /Users/damithch/Repos/nus-cs2103/cs2103-website-base/book/gatheringRequirements/productSurveys/index.md
2026-04-09T09:44:27.594Z - [36mverbose[39m: Rendering page: /Users/damithch/Repos/nus-cs2103/cs2103-website-base/book/gatheringRequirements/observation/index.md
2026-04-09T09:44:27.610Z - [36mverbose[39m: Rendering page: /Users/damithch/Repos/nus-cs2103/cs2103-website-base/book/gatheringRequirements/index.md
2026-04-09T09:44:27.618Z - [36mverbose[39m: Rendering page: /Users/damithch/Repos/nus-cs2103/cs2103-website-base/book/gatheringRequirements/interviews/index.md
2026-04-09T09:44:27.640Z - [36mverbose[39m: Rendering page: /Users/damithch/Repos/nus-cs2103/cs2103-website-base/book/gatheringRequirements/focusGroups/index.md
2026-04-09T09:44:27.698Z - [36mverbose[39m: Rendering page: /Users/damithch/Repos/nus-cs2103/cs2103-website-base/book/gatheringRequirements/brainstorming/index.md
2026-04-09T09:44:27.704Z - [36mverbose[39m: Rendering page: /Users/damithch/Repos/nus-cs2103/cs2103-website-base/book/errorHandling/logging/index.md
2026-04-09T09:44:27.711Z - [36mverbose[39m: Rendering page: /Users/damithch/Repos/nus-cs2103/cs2103-website-base/book/errorHandling/logging/what/index.md
2026-04-09T09:44:27.727Z - [36mverbose[39m: Rendering page: /Users/damithch/Repos/nus-cs2103/cs2103-website-base/book/errorHandling/logging/how/index.md
2026-04-09T09:44:27.932Z - [36mverbose[39m: Rendering page: /Users/damithch/Repos/nus-cs2103/cs2103-website-base/book/errorHandling/introduction/index.md
2026-04-09T09:44:27.937Z - [36mverbose[39m: Rendering page: /Users/damithch/Repos/nus-cs2103/cs2103-website-base/book/errorHandling/introduction/what/index.md
2026-04-09T09:44:27.941Z - [36mverbose[39m: Rendering page: /Users/damithch/Repos/nus-cs2103/cs2103-website-base/book/errorHandling/index.md
2026-04-09T09:44:27.965Z - [36mverbose[39m: Rendering page: /Users/damithch/Repos/nus-cs2103/cs2103-website-base/book/errorHandling/exceptions/when/index.md
2026-04-09T09:44:28.019Z - [36mverbose[39m: Rendering page: /Users/damithch/Repos/nus-cs2103/cs2103-website-base/book/errorHandling/exceptions/index.md
2026-04-09T09:44:28.038Z - [36mverbose[39m: Rendering page: /Users/damithch/Repos/nus-cs2103/cs2103-website-base/book/errorHandling/exceptions/what/index.md
2026-04-09T09:44:28.044Z - [36mverbose[39m: Rendering page: /Users/damithch/Repos/nus-cs2103/cs2103-website-base/book/errorHandling/exceptions/how/index.md
2026-04-09T09:44:28.091Z - [36mverbose[39m: Rendering page: /Users/damithch/Repos/nus-cs2103/cs2103-website-base/book/errorHandling/designByContract/what/index.md
2026-04-09T09:44:28.097Z - [36mverbose[39m: Rendering page: /Users/damithch/Repos/nus-cs2103/cs2103-website-base/book/errorHandling/designByContract/index.md
2026-04-09T09:44:28.103Z - [36mverbose[39m: Rendering page: /Users/damithch/Repos/nus-cs2103/cs2103-website-base/book/errorHandling/defensiveProgramming/when/index.md
2026-04-09T09:44:28.255Z - [36mverbose[39m: Rendering page: /Users/damithch/Repos/nus-cs2103/cs2103-website-base/book/errorHandling/defensiveProgramming/what/index.md
2026-04-09T09:44:28.295Z - [36mverbose[39m: Rendering page: /Users/damithch/Repos/nus-cs2103/cs2103-website-base/book/errorHandling/defensiveProgramming/referentialIntegrity/index.md
2026-04-09T09:44:28.303Z - [36mverbose[39m: Rendering page: /Users/damithch/Repos/nus-cs2103/cs2103-website-base/book/errorHandling/defensiveProgramming/index.md
2026-04-09T09:44:28.332Z - [36mverbose[39m: Rendering page: /Users/damithch/Repos/nus-cs2103/cs2103-website-base/book/errorHandling/defensiveProgramming/compulsoryAssociations/index.md
2026-04-09T09:44:28.356Z - [36mverbose[39m: Rendering page: /Users/damithch/Repos/nus-cs2103/cs2103-website-base/book/errorHandling/defensiveProgramming/1to1Associations/index.md
2026-04-09T09:44:28.414Z - [36mverbose[39m: Rendering page: /Users/damithch/Repos/nus-cs2103/cs2103-website-base/book/errorHandling/assertions/when/index.md
2026-04-09T09:44:28.420Z - [36mverbose[39m: Rendering page: /Users/damithch/Repos/nus-cs2103/cs2103-website-base/book/errorHandling/assertions/what/index.md
2026-04-09T09:44:28.426Z - [36mverbose[39m: Rendering page: /Users/damithch/Repos/nus-cs2103/cs2103-website-base/book/errorHandling/assertions/index.md
2026-04-09T09:44:28.443Z - [36mverbose[39m: Rendering page: /Users/damithch/Repos/nus-cs2103/cs2103-website-base/book/errorHandling/assertions/how/index.md
2026-04-09T09:44:28.486Z - [36mverbose[39m: Rendering page: /Users/damithch/Repos/nus-cs2103/cs2103-website-base/book/documentation/tools/markdown/index.md
2026-04-09T09:44:28.493Z - [36mverbose[39m: Rendering page: /Users/damithch/Repos/nus-cs2103/cs2103-website-base/book/documentation/tools/markdown/what/index.md
2026-04-09T09:44:28.497Z - [36mverbose[39m: Rendering page: /Users/damithch/Repos/nus-cs2103/cs2103-website-base/book/documentation/tools/markdown/how/index.md
2026-04-09T09:44:28.501Z - [36mverbose[39m: Rendering page: /Users/damithch/Repos/nus-cs2103/cs2103-website-base/book/documentation/tools/javaDoc/what/index.md
2026-04-09T09:44:28.617Z - [36mverbose[39m: Rendering page: /Users/damithch/Repos/nus-cs2103/cs2103-website-base/book/documentation/tools/javaDoc/index.md
2026-04-09T09:44:28.623Z - [36mverbose[39m: Rendering page: /Users/damithch/Repos/nus-cs2103/cs2103-website-base/book/documentation/tools/index.md
2026-04-09T09:44:28.630Z - [36mverbose[39m: Rendering page: /Users/damithch/Repos/nus-cs2103/cs2103-website-base/book/documentation/tools/javaDoc/how/index.md
2026-04-09T09:44:28.682Z - [36mverbose[39m: Rendering page: /Users/damithch/Repos/nus-cs2103/cs2103-website-base/book/documentation/tools/asciiDoc/what/index.md
2026-04-09T09:44:28.688Z - [36mverbose[39m: Rendering page: /Users/damithch/Repos/nus-cs2103/cs2103-website-base/book/documentation/tools/asciiDoc/index.md
2026-04-09T09:44:28.766Z - [36mverbose[39m: Rendering page: /Users/damithch/Repos/nus-cs2103/cs2103-website-base/book/documentation/introduction/index.md
2026-04-09T09:44:28.805Z - [36mverbose[39m: Rendering page: /Users/damithch/Repos/nus-cs2103/cs2103-website-base/book/documentation/introduction/what/index.md
2026-04-09T09:44:28.810Z - [36mverbose[39m: Rendering page: /Users/damithch/Repos/nus-cs2103/cs2103-website-base/book/documentation/index.md
2026-04-09T09:44:28.834Z - [36mverbose[39m: Rendering page: /Users/damithch/Repos/nus-cs2103/cs2103-website-base/book/documentation/guidelines/index.md
2026-04-09T09:44:28.883Z - [36mverbose[39m: Rendering page: /Users/damithch/Repos/nus-cs2103/cs2103-website-base/book/documentation/guidelines/goTopDown/index.md
2026-04-09T09:44:28.891Z - [36mverbose[39m: Rendering page: /Users/damithch/Repos/nus-cs2103/cs2103-website-base/book/documentation/guidelines/goTopDown/why/index.md
2026-04-09T09:44:28.895Z - [36mverbose[39m: Rendering page: /Users/damithch/Repos/nus-cs2103/cs2103-website-base/book/documentation/guidelines/goTopDown/what/index.md
2026-04-09T09:44:28.911Z - [36mverbose[39m: Rendering page: /Users/damithch/Repos/nus-cs2103/cs2103-website-base/book/documentation/guidelines/goTopDown/how/index.md
2026-04-09T09:44:28.952Z - [36mverbose[39m: Rendering page: /Users/damithch/Repos/nus-cs2103/cs2103-website-base/book/documentation/guidelines/documentMinimally/index.md
2026-04-09T09:44:28.957Z - [36mverbose[39m: Rendering page: /Users/damithch/Repos/nus-cs2103/cs2103-website-base/book/documentation/guidelines/documentMinimally/what/index.md
2026-04-09T09:44:28.963Z - [36mverbose[39m: Rendering page: /Users/damithch/Repos/nus-cs2103/cs2103-website-base/book/documentation/guidelines/documentMinimally/how/index.md
2026-04-09T09:44:28.984Z - [36mverbose[39m: Rendering page: /Users/damithch/Repos/nus-cs2103/cs2103-website-base/book/documentation/guidelines/aimForComprehensibility/what/index.md
2026-04-09T09:44:29.019Z - [36mverbose[39m: Rendering page: /Users/damithch/Repos/nus-cs2103/cs2103-website-base/book/documentation/guidelines/aimForComprehensibility/index.md
2026-04-09T09:44:29.051Z - [36mverbose[39m: Rendering page: /Users/damithch/Repos/nus-cs2103/cs2103-website-base/book/documentation/guidelines/aimForComprehensibility/how/index.md
2026-04-09T09:44:29.056Z - [36mverbose[39m: Rendering page: /Users/damithch/Repos/nus-cs2103/cs2103-website-base/book/designPatterns/singleton/what/index.md
2026-04-09T09:44:29.078Z - [36mverbose[39m: Rendering page: /Users/damithch/Repos/nus-cs2103/cs2103-website-base/book/designPatterns/singleton/index.md
2026-04-09T09:44:29.143Z - [36mverbose[39m: Rendering page: /Users/damithch/Repos/nus-cs2103/cs2103-website-base/book/designPatterns/singleton/implementation/index.md
2026-04-09T09:44:29.229Z - [36mverbose[39m: Rendering page: /Users/damithch/Repos/nus-cs2103/cs2103-website-base/book/designPatterns/singleton/evaluation/index.md
2026-04-09T09:44:29.247Z - [36mverbose[39m: Rendering page: /Users/damithch/Repos/nus-cs2103/cs2103-website-base/book/designPatterns/observer/what/index.md
2026-04-09T09:44:29.271Z - [36mverbose[39m: Rendering page: /Users/damithch/Repos/nus-cs2103/cs2103-website-base/book/designPatterns/observer/index.md
2026-04-09T09:44:29.335Z - [36mverbose[39m: Rendering page: /Users/damithch/Repos/nus-cs2103/cs2103-website-base/book/designPatterns/more/vsPrinciples/index.md
2026-04-09T09:44:29.340Z - [36mverbose[39m: Rendering page: /Users/damithch/Repos/nus-cs2103/cs2103-website-base/book/designPatterns/more/usingDesignPatterns/index.md
2026-04-09T09:44:29.347Z - [36mverbose[39m: Rendering page: /Users/damithch/Repos/nus-cs2103/cs2103-website-base/book/designPatterns/more/otherTypesOfPatterns/index.md
2026-04-09T09:44:29.353Z - [36mverbose[39m: Rendering page: /Users/damithch/Repos/nus-cs2103/cs2103-website-base/book/designPatterns/more/otherDesignPatterns/index.md
2026-04-09T09:44:29.444Z - [36mverbose[39m: Rendering page: /Users/damithch/Repos/nus-cs2103/cs2103-website-base/book/designPatterns/more/index.md
2026-04-09T09:44:29.456Z - [36mverbose[39m: Rendering page: /Users/damithch/Repos/nus-cs2103/cs2103-website-base/book/designPatterns/modelViewController/what/index.md
2026-04-09T09:44:29.461Z - [36mverbose[39m: Rendering page: /Users/damithch/Repos/nus-cs2103/cs2103-website-base/book/designPatterns/more/combiningDesignPatterns/index.md
2026-04-09T09:44:29.467Z - [36mverbose[39m: Rendering page: /Users/damithch/Repos/nus-cs2103/cs2103-website-base/book/designPatterns/modelViewController/index.md
2026-04-09T09:44:29.681Z - [36mverbose[39m: Rendering page: /Users/damithch/Repos/nus-cs2103/cs2103-website-base/book/designPatterns/introduction/what/index.md
2026-04-09T09:44:29.690Z - [36mverbose[39m: Rendering page: /Users/damithch/Repos/nus-cs2103/cs2103-website-base/book/designPatterns/introduction/index.md
2026-04-09T09:44:29.697Z - [36mverbose[39m: Rendering page: /Users/damithch/Repos/nus-cs2103/cs2103-website-base/book/designPatterns/introduction/format/index.md
2026-04-09T09:44:29.702Z - [36mverbose[39m: Rendering page: /Users/damithch/Repos/nus-cs2103/cs2103-website-base/book/designPatterns/index.md
2026-04-09T09:44:29.826Z - [36mverbose[39m: Rendering page: /Users/damithch/Repos/nus-cs2103/cs2103-website-base/book/designPatterns/facade/what/index.md
2026-04-09T09:44:29.833Z - [36mverbose[39m: Rendering page: /Users/damithch/Repos/nus-cs2103/cs2103-website-base/book/designPatterns/facade/index.md
2026-04-09T09:44:29.839Z - [36mverbose[39m: Rendering page: /Users/damithch/Repos/nus-cs2103/cs2103-website-base/book/designPatterns/command/what/index.md
2026-04-09T09:44:29.844Z - [36mverbose[39m: Rendering page: /Users/damithch/Repos/nus-cs2103/cs2103-website-base/book/designPatterns/command/index.md
2026-04-09T09:44:29.968Z - [36mverbose[39m: Rendering page: /Users/damithch/Repos/nus-cs2103/cs2103-website-base/book/designPatterns/abstractionOccurrence/index.md
2026-04-09T09:44:29.974Z - [36mverbose[39m: Rendering page: /Users/damithch/Repos/nus-cs2103/cs2103-website-base/book/designPatterns/abstractionOccurrence/what/index.md
2026-04-09T09:44:29.980Z - [36mverbose[39m: Rendering page: /Users/damithch/Repos/nus-cs2103/cs2103-website-base/book/designFundamentals/index.md
2026-04-09T09:44:29.991Z - [36mverbose[39m: Rendering page: /Users/damithch/Repos/nus-cs2103/cs2103-website-base/book/designFundamentals/coupling/what/index.md
2026-04-09T09:44:30.070Z - [36mverbose[39m: Rendering page: /Users/damithch/Repos/nus-cs2103/cs2103-website-base/book/designFundamentals/coupling/types/index.md
2026-04-09T09:44:30.074Z - [36mverbose[39m: Rendering page: /Users/damithch/Repos/nus-cs2103/cs2103-website-base/book/designFundamentals/coupling/index.md
2026-04-09T09:44:30.084Z - [36mverbose[39m: Rendering page: /Users/damithch/Repos/nus-cs2103/cs2103-website-base/book/designFundamentals/coupling/how/index.md
2026-04-09T09:44:30.089Z - [36mverbose[39m: Rendering page: /Users/damithch/Repos/nus-cs2103/cs2103-website-base/book/designFundamentals/cohesion/what/index.md
2026-04-09T09:44:30.163Z - [36mverbose[39m: Rendering page: /Users/damithch/Repos/nus-cs2103/cs2103-website-base/book/designFundamentals/cohesion/index.md
2026-04-09T09:44:30.169Z - [36mverbose[39m: Rendering page: /Users/damithch/Repos/nus-cs2103/cs2103-website-base/book/designFundamentals/cohesion/how/index.md
2026-04-09T09:44:30.189Z - [36mverbose[39m: Rendering page: /Users/damithch/Repos/nus-cs2103/cs2103-website-base/book/designFundamentals/abstraction/index.md
2026-04-09T09:44:30.209Z - [36mverbose[39m: Rendering page: /Users/damithch/Repos/nus-cs2103/cs2103-website-base/book/designFundamentals/abstraction/what/index.md
2026-04-09T09:44:30.228Z - [36mverbose[39m: Rendering page: /Users/damithch/Repos/nus-cs2103/cs2103-website-base/book/designApproaches/topDownBottomUp/index.md
2026-04-09T09:44:30.246Z - [36mverbose[39m: Rendering page: /Users/damithch/Repos/nus-cs2103/cs2103-website-base/book/designApproaches/topDownBottomUp/what/index.md
2026-04-09T09:44:30.281Z - [36mverbose[39m: Rendering page: /Users/damithch/Repos/nus-cs2103/cs2103-website-base/book/designApproaches/multilevelDesign/what/index.md
2026-04-09T09:44:30.302Z - [36mverbose[39m: Rendering page: /Users/damithch/Repos/nus-cs2103/cs2103-website-base/book/designApproaches/multilevelDesign/index.md
2026-04-09T09:44:30.322Z - [36mverbose[39m: Rendering page: /Users/damithch/Repos/nus-cs2103/cs2103-website-base/book/designApproaches/index.md
2026-04-09T09:44:30.343Z - [36mverbose[39m: Rendering page: /Users/damithch/Repos/nus-cs2103/cs2103-website-base/book/designApproaches/agileDesign/what/index.md
2026-04-09T09:44:30.348Z - [36mverbose[39m: Rendering page: /Users/damithch/Repos/nus-cs2103/cs2103-website-base/book/designApproaches/agileDesign/index.md
2026-04-09T09:44:30.408Z - [36mverbose[39m: Rendering page: /Users/damithch/Repos/nus-cs2103/cs2103-website-base/book/design/introduction/index.md
2026-04-09T09:44:30.415Z - [36mverbose[39m: Rendering page: /Users/damithch/Repos/nus-cs2103/cs2103-website-base/book/design/introduction/what/index.md
2026-04-09T09:44:30.420Z - [36mverbose[39m: Rendering page: /Users/damithch/Repos/nus-cs2103/cs2103-website-base/book/design/index.md
2026-04-09T09:44:30.425Z - [36mverbose[39m: Rendering page: /Users/damithch/Repos/nus-cs2103/cs2103-website-base/book/cppToJava/usefulClasses/wrapperClasses/index.md
2026-04-09T09:44:30.660Z - [36mverbose[39m: Rendering page: /Users/damithch/Repos/nus-cs2103/cs2103-website-base/book/cppToJava/usefulClasses/stringClass/index.md
2026-04-09T09:44:30.671Z - [36mverbose[39m: Rendering page: /Users/damithch/Repos/nus-cs2103/cs2103-website-base/book/cppToJava/usefulClasses/scannerClass/index.md
2026-04-09T09:44:30.680Z - [36mverbose[39m: Rendering page: /Users/damithch/Repos/nus-cs2103/cs2103-website-base/book/cppToJava/usefulClasses/index.md
2026-04-09T09:44:30.701Z - [36mverbose[39m: Rendering page: /Users/damithch/Repos/nus-cs2103/cs2103-website-base/book/cppToJava/usefulClasses/arraysClass/index.md
2026-04-09T09:44:30.802Z - [36mverbose[39m: Rendering page: /Users/damithch/Repos/nus-cs2103/cs2103-website-base/book/cppToJava/usefulClasses/api/index.md
2026-04-09T09:44:30.807Z - [36mverbose[39m: Rendering page: /Users/damithch/Repos/nus-cs2103/cs2103-website-base/book/cppToJava/objects/usingObjects/index.md
2026-04-09T09:44:30.815Z - [36mverbose[39m: Rendering page: /Users/damithch/Repos/nus-cs2103/cs2103-website-base/book/cppToJava/objects/passingObjects/index.md
2026-04-09T09:44:30.903Z - [36mverbose[39m: Rendering page: /Users/damithch/Repos/nus-cs2103/cs2103-website-base/book/cppToJava/objects/instanceMembers/index.md
2026-04-09T09:44:30.936Z - [36mverbose[39m: Rendering page: /Users/damithch/Repos/nus-cs2103/cs2103-website-base/book/cppToJava/objects/index.md
2026-04-09T09:44:30.965Z - [36mverbose[39m: Rendering page: /Users/damithch/Repos/nus-cs2103/cs2103-website-base/book/cppToJava/objects/garbageCollection/index.md
2026-04-09T09:44:30.996Z - [36mverbose[39m: Rendering page: /Users/damithch/Repos/nus-cs2103/cs2103-website-base/book/cppToJava/misc/varargs/index.md
2026-04-09T09:44:31.001Z - [36mverbose[39m: Rendering page: /Users/damithch/Repos/nus-cs2103/cs2103-website-base/book/cppToJava/misc/streams/index.md
2026-04-09T09:44:31.088Z - [36mverbose[39m: Rendering page: /Users/damithch/Repos/nus-cs2103/cs2103-website-base/book/cppToJava/misc/packages/index.md
2026-04-09T09:44:31.097Z - [36mverbose[39m: Rendering page: /Users/damithch/Repos/nus-cs2103/cs2103-website-base/book/cppToJava/misc/javaFX/part02/index.md
2026-04-09T09:44:31.107Z - [36mverbose[39m: Rendering page: /Users/damithch/Repos/nus-cs2103/cs2103-website-base/book/cppToJava/misc/javaFX/part01/index.md
2026-04-09T09:44:31.136Z - [36mverbose[39m: Rendering page: /Users/damithch/Repos/nus-cs2103/cs2103-website-base/book/cppToJava/misc/javaFX/index.md
2026-04-09T09:44:31.315Z - [36mverbose[39m: Rendering page: /Users/damithch/Repos/nus-cs2103/cs2103-website-base/book/cppToJava/misc/jar/index.md
2026-04-09T09:44:31.323Z - [36mverbose[39m: Rendering page: /Users/damithch/Repos/nus-cs2103/cs2103-website-base/book/cppToJava/misc/index.md
2026-04-09T09:44:31.356Z - [36mverbose[39m: Rendering page: /Users/damithch/Repos/nus-cs2103/cs2103-website-base/book/cppToJava/misc/fileAccess/index.md
2026-04-09T09:44:31.363Z - [36mverbose[39m: Rendering page: /Users/damithch/Repos/nus-cs2103/cs2103-website-base/book/cppToJava/misc/enums/index.md
2026-04-09T09:44:31.433Z - [36mverbose[39m: Rendering page: /Users/damithch/Repos/nus-cs2103/cs2103-website-base/book/cppToJava/misc/constants/index.md
2026-04-09T09:44:31.439Z - [36mverbose[39m: Rendering page: /Users/damithch/Repos/nus-cs2103/cs2103-website-base/book/cppToJava/misc/casting/index.md
2026-04-09T09:44:31.447Z - [36mverbose[39m: Rendering page: /Users/damithch/Repos/nus-cs2103/cs2103-website-base/book/cppToJava/junit/intermediate/index.md
2026-04-09T09:44:31.452Z - [36mverbose[39m: Rendering page: /Users/damithch/Repos/nus-cs2103/cs2103-website-base/book/cppToJava/misc/accessModifiers/index.md
2026-04-09T09:44:31.548Z - [36mverbose[39m: Rendering page: /Users/damithch/Repos/nus-cs2103/cs2103-website-base/book/cppToJava/junit/index.md
2026-04-09T09:44:31.556Z - [36mverbose[39m: Rendering page: /Users/damithch/Repos/nus-cs2103/cs2103-website-base/book/cppToJava/junit/basic/index.md
2026-04-09T09:44:31.576Z - [36mverbose[39m: Rendering page: /Users/damithch/Repos/nus-cs2103/cs2103-website-base/book/cppToJava/javaWorld/what/index.md
2026-04-09T09:44:31.580Z - [36mverbose[39m: Rendering page: /Users/damithch/Repos/nus-cs2103/cs2103-website-base/book/cppToJava/javaWorld/index.md
2026-04-09T09:44:31.689Z - [36mverbose[39m: Rendering page: /Users/damithch/Repos/nus-cs2103/cs2103-website-base/book/cppToJava/javaWorld/how/index.md
2026-04-09T09:44:31.740Z - [36mverbose[39m: Rendering page: /Users/damithch/Repos/nus-cs2103/cs2103-website-base/book/cppToJava/javaWorld/editions/index.md
2026-04-09T09:44:31.744Z - [36mverbose[39m: Rendering page: /Users/damithch/Repos/nus-cs2103/cs2103-website-base/book/cppToJava/inheritance/polymorphism/index.md
2026-04-09T09:44:31.755Z - [36mverbose[39m: Rendering page: /Users/damithch/Repos/nus-cs2103/cs2103-website-base/book/cppToJava/inheritance/objectClass/index.md
2026-04-09T09:44:32.011Z - [36mverbose[39m: Rendering page: /Users/damithch/Repos/nus-cs2103/cs2103-website-base/book/cppToJava/inheritance/interfaces/index.md
2026-04-09T09:44:33.632Z - [36mverbose[39m: Rendering page: /Users/damithch/Repos/nus-cs2103/cs2103-website-base/book/cppToJava/inheritance/index.md
2026-04-09T09:44:33.671Z - [36mverbose[39m: Rendering page: /Users/damithch/Repos/nus-cs2103/cs2103-website-base/book/cppToJava/inheritance/basic/index.md
2026-04-09T09:44:33.686Z - [36mverbose[39m: Rendering page: /Users/damithch/Repos/nus-cs2103/cs2103-website-base/book/cppToJava/inheritance/abstractClassesAndMethods/index.md
2026-04-09T09:44:33.734Z - [36mverbose[39m: Rendering page: /Users/damithch/Repos/nus-cs2103/cs2103-website-base/book/cppToJava/index.md
2026-04-09T09:44:33.926Z - [36mverbose[39m: Rendering page: /Users/damithch/Repos/nus-cs2103/cs2103-website-base/book/cppToJava/gettingStarted/installation/index.md
2026-04-09T09:44:33.931Z - [36mverbose[39m: Rendering page: /Users/damithch/Repos/nus-cs2103/cs2103-website-base/book/cppToJava/gettingStarted/running/index.md
2026-04-09T09:44:33.940Z - [36mverbose[39m: Rendering page: /Users/damithch/Repos/nus-cs2103/cs2103-website-base/book/cppToJava/gettingStarted/index.md
2026-04-09T09:44:33.982Z - [36mverbose[39m: Rendering page: /Users/damithch/Repos/nus-cs2103/cs2103-website-base/book/cppToJava/gettingStarted/helloWorld/index.md
2026-04-09T09:44:34.059Z - [36mverbose[39m: Rendering page: /Users/damithch/Repos/nus-cs2103/cs2103-website-base/book/cppToJava/generics/what/index.md
2026-04-09T09:44:34.065Z - [36mverbose[39m: Rendering page: /Users/damithch/Repos/nus-cs2103/cs2103-website-base/book/cppToJava/gettingStarted/compiling/index.md
2026-04-09T09:44:34.072Z - [36mverbose[39m: Rendering page: /Users/damithch/Repos/nus-cs2103/cs2103-website-base/book/cppToJava/generics/index.md
2026-04-09T09:44:34.095Z - [36mverbose[39m: Rendering page: /Users/damithch/Repos/nus-cs2103/cs2103-website-base/book/cppToJava/generics/how/index.md
2026-04-09T09:44:34.208Z - [36mverbose[39m: Rendering page: /Users/damithch/Repos/nus-cs2103/cs2103-website-base/book/cppToJava/exceptions/index.md
2026-04-09T09:44:34.220Z - [36mverbose[39m: Rendering page: /Users/damithch/Repos/nus-cs2103/cs2103-website-base/book/cppToJava/exceptions/what/index.md
2026-04-09T09:44:34.226Z - [36mverbose[39m: Rendering page: /Users/damithch/Repos/nus-cs2103/cs2103-website-base/book/cppToJava/exceptions/how/index.md
2026-04-09T09:44:34.275Z - [36mverbose[39m: Rendering page: /Users/damithch/Repos/nus-cs2103/cs2103-website-base/book/cppToJava/dataTypes/variables/index.md
2026-04-09T09:44:34.352Z - [36mverbose[39m: Rendering page: /Users/damithch/Repos/nus-cs2103/cs2103-website-base/book/cppToJava/dataTypes/primitiveTypes/index.md
2026-04-09T09:44:34.357Z - [36mverbose[39m: Rendering page: /Users/damithch/Repos/nus-cs2103/cs2103-website-base/book/cppToJava/dataTypes/operators/index.md
2026-04-09T09:44:34.478Z - [36mverbose[39m: Rendering page: /Users/damithch/Repos/nus-cs2103/cs2103-website-base/book/cppToJava/dataTypes/index.md
2026-04-09T09:44:34.495Z - [36mverbose[39m: Rendering page: /Users/damithch/Repos/nus-cs2103/cs2103-website-base/book/cppToJava/dataTypes/arrays/index.md
2026-04-09T09:44:34.626Z - [36mverbose[39m: Rendering page: /Users/damithch/Repos/nus-cs2103/cs2103-website-base/book/cppToJava/controlFlow/methods/index.md
2026-04-09T09:44:34.635Z - [36mverbose[39m: Rendering page: /Users/damithch/Repos/nus-cs2103/cs2103-website-base/book/cppToJava/controlFlow/loops/index.md
2026-04-09T09:44:34.757Z - [36mverbose[39m: Rendering page: /Users/damithch/Repos/nus-cs2103/cs2103-website-base/book/cppToJava/controlFlow/index.md
2026-04-09T09:44:34.776Z - [36mverbose[39m: Rendering page: /Users/damithch/Repos/nus-cs2103/cs2103-website-base/book/cppToJava/controlFlow/branching/index.md
2026-04-09T09:44:34.784Z - [36mverbose[39m: Rendering page: /Users/damithch/Repos/nus-cs2103/cs2103-website-base/book/cppToJava/collections/what/index.md
2026-04-09T09:44:34.818Z - [36mverbose[39m: Rendering page: /Users/damithch/Repos/nus-cs2103/cs2103-website-base/book/cppToJava/collections/index.md
2026-04-09T09:44:34.972Z - [36mverbose[39m: Rendering page: /Users/damithch/Repos/nus-cs2103/cs2103-website-base/book/cppToJava/collections/hashMapClass/index.md
2026-04-09T09:44:34.979Z - [36mverbose[39m: Rendering page: /Users/damithch/Repos/nus-cs2103/cs2103-website-base/book/cppToJava/collections/arrayListClass/index.md
2026-04-09T09:44:34.988Z - [36mverbose[39m: Rendering page: /Users/damithch/Repos/nus-cs2103/cs2103-website-base/book/cppToJava/classes/index.md
2026-04-09T09:44:35.002Z - [36mverbose[39m: Rendering page: /Users/damithch/Repos/nus-cs2103/cs2103-website-base/book/cppToJava/classes/gettersAndSetters/index.md
2026-04-09T09:44:35.106Z - [36mverbose[39m: Rendering page: /Users/damithch/Repos/nus-cs2103/cs2103-website-base/book/cppToJava/classes/definingClasses/index.md
2026-04-09T09:44:35.115Z - [36mverbose[39m: Rendering page: /Users/damithch/Repos/nus-cs2103/cs2103-website-base/book/cppToJava/classes/classLevelMembers/index.md
2026-04-09T09:44:35.124Z - [36mverbose[39m: Rendering page: /Users/damithch/Repos/nus-cs2103/cs2103-website-base/book/cppToJava/about/index.md
2026-04-09T09:44:35.129Z - [36mverbose[39m: Rendering page: /Users/damithch/Repos/nus-cs2103/cs2103-website-base/book/codeQuality/nameWell/introduction/index.md
2026-04-09T09:44:35.201Z - [36mverbose[39m: Rendering page: /Users/damithch/Repos/nus-cs2103/cs2103-website-base/book/codeQuality/nameWell/intermediate/useNameExplain/index.md
2026-04-09T09:44:35.208Z - [36mverbose[39m: Rendering page: /Users/damithch/Repos/nus-cs2103/cs2103-website-base/book/codeQuality/nameWell/intermediate/index.md
2026-04-09T09:44:35.214Z - [36mverbose[39m: Rendering page: /Users/damithch/Repos/nus-cs2103/cs2103-website-base/book/codeQuality/nameWell/intermediate/notTooLongNorShort/index.md
2026-04-09T09:44:35.219Z - [36mverbose[39m: Rendering page: /Users/damithch/Repos/nus-cs2103/cs2103-website-base/book/codeQuality/nameWell/intermediate/avoidMisleadingNames/index.md
2026-04-09T09:44:35.307Z - [36mverbose[39m: Rendering page: /Users/damithch/Repos/nus-cs2103/cs2103-website-base/book/codeQuality/nameWell/index.md
2026-04-09T09:44:35.317Z - [36mverbose[39m: Rendering page: /Users/damithch/Repos/nus-cs2103/cs2103-website-base/book/codeQuality/nameWell/basic/index.md
2026-04-09T09:44:35.323Z - [36mverbose[39m: Rendering page: /Users/damithch/Repos/nus-cs2103/cs2103-website-base/book/codeQuality/nameWell/basic/useStandardWords/index.md
2026-04-09T09:44:35.327Z - [36mverbose[39m: Rendering page: /Users/damithch/Repos/nus-cs2103/cs2103-website-base/book/codeQuality/nameWell/basic/nounsAndVerbsAsNames/index.md
2026-04-09T09:44:35.398Z - [36mverbose[39m: Rendering page: /Users/damithch/Repos/nus-cs2103/cs2103-website-base/book/codeQuality/maximizeReadability/introduction/index.md
2026-04-09T09:44:35.445Z - [36mverbose[39m: Rendering page: /Users/damithch/Repos/nus-cs2103/cs2103-website-base/book/codeQuality/maximizeReadability/intermediate/structureCodeLogically/index.md
2026-04-09T09:44:35.450Z - [36mverbose[39m: Rendering page: /Users/damithch/Repos/nus-cs2103/cs2103-website-base/book/codeQuality/maximizeReadability/intermediate/slapHard/index.md
2026-04-09T09:44:35.457Z - [36mverbose[39m: Rendering page: /Users/damithch/Repos/nus-cs2103/cs2103-website-base/book/codeQuality/maximizeReadability/intermediate/practiceKISSing/index.md
2026-04-09T09:44:35.465Z - [36mverbose[39m: Rendering page: /Users/damithch/Repos/nus-cs2103/cs2103-website-base/book/codeQuality/maximizeReadability/intermediate/index.md
2026-04-09T09:44:35.612Z - [36mverbose[39m: Rendering page: /Users/damithch/Repos/nus-cs2103/cs2103-website-base/book/codeQuality/maximizeReadability/intermediate/dontTripReader/index.md
2026-04-09T09:44:35.617Z - [36mverbose[39m: Rendering page: /Users/damithch/Repos/nus-cs2103/cs2103-website-base/book/codeQuality/maximizeReadability/intermediate/avoidPrematureOptimizations/index.md
2026-04-09T09:44:35.621Z - [36mverbose[39m: Rendering page: /Users/damithch/Repos/nus-cs2103/cs2103-website-base/book/codeQuality/maximizeReadability/index.md
2026-04-09T09:44:35.684Z - [36mverbose[39m: Rendering page: /Users/damithch/Repos/nus-cs2103/cs2103-website-base/book/codeQuality/maximizeReadability/basic/makeCodeObvious/index.md
2026-04-09T09:44:35.740Z - [36mverbose[39m: Rendering page: /Users/damithch/Repos/nus-cs2103/cs2103-website-base/book/codeQuality/maximizeReadability/basic/index.md
2026-04-09T09:44:35.753Z - [36mverbose[39m: Rendering page: /Users/damithch/Repos/nus-cs2103/cs2103-website-base/book/codeQuality/maximizeReadability/basic/avoidMagicNumbers/index.md
2026-04-09T09:44:35.758Z - [36mverbose[39m: Rendering page: /Users/damithch/Repos/nus-cs2103/cs2103-website-base/book/codeQuality/maximizeReadability/basic/avoidLongMethods/index.md
2026-04-09T09:44:35.763Z - [36mverbose[39m: Rendering page: /Users/damithch/Repos/nus-cs2103/cs2103-website-base/book/codeQuality/maximizeReadability/basic/avoidDeepNesting/index.md
2026-04-09T09:44:35.840Z - [36mverbose[39m: Rendering page: /Users/damithch/Repos/nus-cs2103/cs2103-website-base/book/codeQuality/maximizeReadability/basic/avoidComplicatedExpressions/index.md
2026-04-09T09:44:35.846Z - [36mverbose[39m: Rendering page: /Users/damithch/Repos/nus-cs2103/cs2103-website-base/book/codeQuality/introduction/index.md
2026-04-09T09:44:35.850Z - [36mverbose[39m: Rendering page: /Users/damithch/Repos/nus-cs2103/cs2103-website-base/book/codeQuality/maximizeReadability/advanced/index.md
2026-04-09T09:44:35.870Z - [36mverbose[39m: Rendering page: /Users/damithch/Repos/nus-cs2103/cs2103-website-base/book/codeQuality/maximizeReadability/advanced/makeHappyPathProminent/index.md
2026-04-09T09:44:36.169Z - [36mverbose[39m: Rendering page: /Users/damithch/Repos/nus-cs2103/cs2103-website-base/book/codeQuality/introduction/basic/index.md
2026-04-09T09:44:36.173Z - [36mverbose[39m: Rendering page: /Users/damithch/Repos/nus-cs2103/cs2103-website-base/book/codeQuality/index.md
2026-04-09T09:44:36.207Z - [36mverbose[39m: Rendering page: /Users/damithch/Repos/nus-cs2103/cs2103-website-base/book/codeQuality/followStandard/introduction/index.md
2026-04-09T09:44:36.249Z - [36mverbose[39m: Rendering page: /Users/damithch/Repos/nus-cs2103/cs2103-website-base/book/codeQuality/followStandard/intermediate/index.md
2026-04-09T09:44:36.300Z - [36mverbose[39m: Rendering page: /Users/damithch/Repos/nus-cs2103/cs2103-website-base/book/codeQuality/followStandard/index.md
2026-04-09T09:44:36.310Z - [36mverbose[39m: Rendering page: /Users/damithch/Repos/nus-cs2103/cs2103-website-base/book/codeQuality/followStandard/basic/index.md
2026-04-09T09:44:36.314Z - [36mverbose[39m: Rendering page: /Users/damithch/Repos/nus-cs2103/cs2103-website-base/book/codeQuality/commentMinimally/introduction/index.md
2026-04-09T09:44:36.378Z - [36mverbose[39m: Rendering page: /Users/damithch/Repos/nus-cs2103/cs2103-website-base/book/codeQuality/commentMinimally/intermediate/index.md
2026-04-09T09:44:36.403Z - [36mverbose[39m: Rendering page: /Users/damithch/Repos/nus-cs2103/cs2103-website-base/book/codeQuality/commentMinimally/intermediate/explainWhatWhyNotHow/index.md
2026-04-09T09:44:36.434Z - [36mverbose[39m: Rendering page: /Users/damithch/Repos/nus-cs2103/cs2103-website-base/book/codeQuality/commentMinimally/index.md
2026-04-09T09:44:36.459Z - [36mverbose[39m: Rendering page: /Users/damithch/Repos/nus-cs2103/cs2103-website-base/book/codeQuality/commentMinimally/basic/index.md
2026-04-09T09:44:36.478Z - [36mverbose[39m: Rendering page: /Users/damithch/Repos/nus-cs2103/cs2103-website-base/book/codeQuality/commentMinimally/basic/writeToReader/index.md
2026-04-09T09:44:36.497Z - [36mverbose[39m: Rendering page: /Users/damithch/Repos/nus-cs2103/cs2103-website-base/book/codeQuality/commentMinimally/basic/dontRepeatObvious/index.md
2026-04-09T09:44:36.522Z - [36mverbose[39m: Rendering page: /Users/damithch/Repos/nus-cs2103/cs2103-website-base/book/codeQuality/avoidShortcuts/introduction/index.md
2026-04-09T09:44:36.595Z - [36mverbose[39m: Rendering page: /Users/damithch/Repos/nus-cs2103/cs2103-website-base/book/codeQuality/avoidShortcuts/intermediate/minimiseVariableScope/index.md
2026-04-09T09:44:36.600Z - [36mverbose[39m: Rendering page: /Users/damithch/Repos/nus-cs2103/cs2103-website-base/book/codeQuality/avoidShortcuts/intermediate/minimiseCodeDuplication/index.md
2026-04-09T09:44:36.605Z - [36mverbose[39m: Rendering page: /Users/damithch/Repos/nus-cs2103/cs2103-website-base/book/codeQuality/avoidShortcuts/intermediate/index.md
2026-04-09T09:44:36.630Z - [36mverbose[39m: Rendering page: /Users/damithch/Repos/nus-cs2103/cs2103-website-base/book/codeQuality/avoidShortcuts/index.md
2026-04-09T09:44:36.705Z - [36mverbose[39m: Rendering page: /Users/damithch/Repos/nus-cs2103/cs2103-website-base/book/codeQuality/avoidShortcuts/basic/index.md
2026-04-09T09:44:36.713Z - [36mverbose[39m: Rendering page: /Users/damithch/Repos/nus-cs2103/cs2103-website-base/book/codeQuality/avoidShortcuts/basic/useDefaultBranch/index.md
2026-04-09T09:44:36.717Z - [36mverbose[39m: Rendering page: /Users/damithch/Repos/nus-cs2103/cs2103-website-base/book/codeQuality/avoidShortcuts/basic/dontRecycleVarsOrParams/index.md
2026-04-09T09:44:36.725Z - [36mverbose[39m: Rendering page: /Users/damithch/Repos/nus-cs2103/cs2103-website-base/book/codeQuality/avoidShortcuts/basic/deleteDeadCode/index.md
2026-04-09T09:44:36.847Z - [36mverbose[39m: Rendering page: /Users/damithch/Repos/nus-cs2103/cs2103-website-base/book/architecture/introduction/what/index.md
2026-04-09T09:44:36.852Z - [36mverbose[39m: Rendering page: /Users/damithch/Repos/nus-cs2103/cs2103-website-base/book/codeQuality/avoidShortcuts/basic/avoidEmptyCatchBlocks/index.md
2026-04-09T09:44:36.860Z - [36mverbose[39m: Rendering page: /Users/damithch/Repos/nus-cs2103/cs2103-website-base/book/architecture/introduction/index.md
2026-04-09T09:44:36.865Z - [36mverbose[39m: Rendering page: /Users/damithch/Repos/nus-cs2103/cs2103-website-base/book/architecture/index.md
2026-04-09T09:44:36.938Z - [36mverbose[39m: Rendering page: /Users/damithch/Repos/nus-cs2103/cs2103-website-base/book/architecture/architectureDiagrams/reading/index.md
2026-04-09T09:44:36.944Z - [36mverbose[39m: Rendering page: /Users/damithch/Repos/nus-cs2103/cs2103-website-base/book/architecture/architectureDiagrams/index.md
2026-04-09T09:44:36.949Z - [36mverbose[39m: Rendering page: /Users/damithch/Repos/nus-cs2103/cs2103-website-base/book/architecture/architectureDiagrams/drawing/index.md
2026-04-09T09:44:36.957Z - [36mverbose[39m: Rendering page: /Users/damithch/Repos/nus-cs2103/cs2103-website-base/book/architecture/architecturalStyles/transactionProcessing/what/index.md
2026-04-09T09:44:37.020Z - [36mverbose[39m: Rendering page: /Users/damithch/Repos/nus-cs2103/cs2103-website-base/book/architecture/architecturalStyles/serviceOriented/what/index.md
2026-04-09T09:44:37.025Z - [36mverbose[39m: Rendering page: /Users/damithch/Repos/nus-cs2103/cs2103-website-base/book/architecture/architecturalStyles/transactionProcessing/index.md
2026-04-09T09:44:37.031Z - [36mverbose[39m: Rendering page: /Users/damithch/Repos/nus-cs2103/cs2103-website-base/book/architecture/architecturalStyles/serviceOriented/index.md
2026-04-09T09:44:37.040Z - [36mverbose[39m: Rendering page: /Users/damithch/Repos/nus-cs2103/cs2103-website-base/book/architecture/architecturalStyles/nTier/what/index.md
2026-04-09T09:44:37.111Z - [36mverbose[39m: Rendering page: /Users/damithch/Repos/nus-cs2103/cs2103-website-base/book/architecture/architecturalStyles/more/usingStyles/index.md
2026-04-09T09:44:37.116Z - [36mverbose[39m: Rendering page: /Users/damithch/Repos/nus-cs2103/cs2103-website-base/book/architecture/architecturalStyles/nTier/index.md
2026-04-09T09:44:37.122Z - [36mverbose[39m: Rendering page: /Users/damithch/Repos/nus-cs2103/cs2103-website-base/book/architecture/architecturalStyles/more/index.md
2026-04-09T09:44:37.127Z - [36mverbose[39m: Rendering page: /Users/damithch/Repos/nus-cs2103/cs2103-website-base/book/architecture/architecturalStyles/more/moreStyles/index.md
2026-04-09T09:44:37.230Z - [36mverbose[39m: Rendering page: /Users/damithch/Repos/nus-cs2103/cs2103-website-base/book/architecture/architecturalStyles/introduction/index.md
2026-04-09T09:44:37.235Z - [36mverbose[39m: Rendering page: /Users/damithch/Repos/nus-cs2103/cs2103-website-base/book/architecture/architecturalStyles/index.md
2026-04-09T09:44:37.246Z - [36mverbose[39m: Rendering page: /Users/damithch/Repos/nus-cs2103/cs2103-website-base/book/architecture/architecturalStyles/introduction/what/index.md
2026-04-09T09:44:37.251Z - [36mverbose[39m: Rendering page: /Users/damithch/Repos/nus-cs2103/cs2103-website-base/book/architecture/architecturalStyles/eventDriven/what/index.md
2026-04-09T09:44:37.383Z - [36mverbose[39m: Rendering page: /Users/damithch/Repos/nus-cs2103/cs2103-website-base/book/architecture/architecturalStyles/eventDriven/index.md
2026-04-09T09:44:37.388Z - [36mverbose[39m: Rendering page: /Users/damithch/Repos/nus-cs2103/cs2103-website-base/book/architecture/architecturalStyles/clientServer/what/index.md
2026-04-09T09:44:37.395Z - [36mverbose[39m: Rendering page: /Users/damithch/Repos/nus-cs2103/cs2103-website-base/book/architecture/architecturalStyles/clientServer/index.md
2026-04-09T09:44:37.934Z - [36mverbose[39m: Rendering page: /Users/damithch/Repos/nus-cs2103/cs2103-website-base/book/combined/exercises.md
2026-04-09T09:44:37.943Z - [36mverbose[39m: Rendering page: /Users/damithch/Repos/nus-cs2103/cs2103-website-base/se-book-adapted/git-trail/index.md
2026-04-09T09:44:37.954Z - [36mverbose[39m: Rendering page: /Users/damithch/Repos/nus-cs2103/cs2103-website-base/se-book-adapted/projectDuke/index.md
2026-04-09T09:44:38.000Z - [36mverbose[39m: Rendering page: /Users/damithch/Repos/nus-cs2103/cs2103-website-base/se-book-adapted/common/exercises.md
2026-04-09T09:44:38.519Z - [36mverbose[39m: Rendering page: /Users/damithch/Repos/nus-cs2103/cs2103-website-base/se-book-adapted/common/definitions.md
2026-04-09T09:44:38.526Z - [36mverbose[39m: Rendering page: /Users/damithch/Repos/nus-cs2103/cs2103-website-base/se-book-adapted/chapters-printable/uml-printable.md
2026-04-09T09:44:38.552Z - [36mverbose[39m: Rendering page: /Users/damithch/Repos/nus-cs2103/cs2103-website-base/se-book-adapted/chapters-printable/testing-printable.md
2026-04-09T09:44:38.571Z - [36mverbose[39m: Rendering page: /Users/damithch/Repos/nus-cs2103/cs2103-website-base/se-book-adapted/chapters-printable/testCaseDesign-printable.md
2026-04-09T09:44:38.769Z - [36mverbose[39m: Rendering page: /Users/damithch/Repos/nus-cs2103/cs2103-website-base/se-book-adapted/chapters-printable/teamwork-printable.md
2026-04-09T09:44:38.775Z - [36mverbose[39m: Rendering page: /Users/damithch/Repos/nus-cs2103/cs2103-website-base/se-book-adapted/chapters-printable/specifyingRequirements-printable.md
2026-04-09T09:44:38.790Z - [36mverbose[39m: Rendering page: /Users/damithch/Repos/nus-cs2103/cs2103-website-base/se-book-adapted/chapters-printable/softwareEngineering-printable.md
2026-04-09T09:44:38.795Z - [36mverbose[39m: Rendering page: /Users/damithch/Repos/nus-cs2103/cs2103-website-base/se-book-adapted/chapters-printable/reuse-printable.md
2026-04-09T09:44:38.944Z - [36mverbose[39m: Rendering page: /Users/damithch/Repos/nus-cs2103/cs2103-website-base/se-book-adapted/chapters-printable/requirements-printable.md
2026-04-09T09:44:38.952Z - [36mverbose[39m: Rendering page: /Users/damithch/Repos/nus-cs2103/cs2103-website-base/se-book-adapted/chapters-printable/refactoring-printable.md
2026-04-09T09:44:38.959Z - [36mverbose[39m: Rendering page: /Users/damithch/Repos/nus-cs2103/cs2103-website-base/se-book-adapted/chapters-printable/qualityAssurance-printable.md
2026-04-09T09:44:38.967Z - [36mverbose[39m: Rendering page: /Users/damithch/Repos/nus-cs2103/cs2103-website-base/se-book-adapted/chapters-printable/projectPlanning-printable.md
2026-04-09T09:44:39.423Z - [36mverbose[39m: Rendering page: /Users/damithch/Repos/nus-cs2103/cs2103-website-base/se-book-adapted/chapters-printable/processModels-printable.md
2026-04-09T09:44:39.432Z - [36mverbose[39m: Rendering page: /Users/damithch/Repos/nus-cs2103/cs2103-website-base/se-book-adapted/chapters-printable/principles-printable.md
2026-04-09T09:44:39.443Z - [36mverbose[39m: Rendering page: /Users/damithch/Repos/nus-cs2103/cs2103-website-base/se-book-adapted/chapters-printable/modeling-printable.md
2026-04-09T09:44:39.485Z - [36mverbose[39m: Rendering page: /Users/damithch/Repos/nus-cs2103/cs2103-website-base/se-book-adapted/chapters-printable/oop-printable.md
2026-04-09T09:44:39.537Z - [36mverbose[39m: Rendering page: /Users/damithch/Repos/nus-cs2103/cs2103-website-base/se-book-adapted/chapters-printable/intellij-printable.md
2026-04-09T09:44:39.603Z - [36mverbose[39m: Rendering page: /Users/damithch/Repos/nus-cs2103/cs2103-website-base/se-book-adapted/chapters-printable/integration-printable.md
2026-04-09T09:44:39.666Z - [36mverbose[39m: Rendering page: /Users/damithch/Repos/nus-cs2103/cs2103-website-base/se-book-adapted/chapters-printable/ides-printable.md
2026-04-09T09:44:39.717Z - [36mverbose[39m: Rendering page: /Users/damithch/Repos/nus-cs2103/cs2103-website-base/se-book-adapted/chapters-printable/gatheringRequirements-printable.md
2026-04-09T09:44:39.777Z - [36mverbose[39m: Rendering page: /Users/damithch/Repos/nus-cs2103/cs2103-website-base/se-book-adapted/chapters-printable/errorHandling-printable.md
2026-04-09T09:44:39.822Z - [36mverbose[39m: Rendering page: /Users/damithch/Repos/nus-cs2103/cs2103-website-base/se-book-adapted/chapters-printable/documentation-printable.md
2026-04-09T09:44:39.857Z - [36mverbose[39m: Rendering page: /Users/damithch/Repos/nus-cs2103/cs2103-website-base/se-book-adapted/chapters-printable/designPatterns-printable.md
2026-04-09T09:44:39.889Z - [36mverbose[39m: Rendering page: /Users/damithch/Repos/nus-cs2103/cs2103-website-base/se-book-adapted/chapters-printable/designFundamentals-printable.md
2026-04-09T09:44:39.898Z - [36mverbose[39m: Rendering page: /Users/damithch/Repos/nus-cs2103/cs2103-website-base/se-book-adapted/chapters-printable/designApproaches-printable.md
2026-04-09T09:44:40.512Z - [36mverbose[39m: Rendering page: /Users/damithch/Repos/nus-cs2103/cs2103-website-base/se-book-adapted/chapters-printable/design-printable.md
2026-04-09T09:44:40.710Z - [36mverbose[39m: Rendering page: /Users/damithch/Repos/nus-cs2103/cs2103-website-base/se-book-adapted/chapters-printable/cppToJava-printable.md
2026-04-09T09:44:41.087Z - [36mverbose[39m: Rendering page: /Users/damithch/Repos/nus-cs2103/cs2103-website-base/se-book-adapted/chapters-printable/codeQuality-printable.md
2026-04-09T09:44:41.110Z - [36mverbose[39m: Rendering page: /Users/damithch/Repos/nus-cs2103/cs2103-website-base/se-book-adapted/chapters-printable/architecture-printable.md
2026-04-09T09:44:41.412Z - [36mverbose[39m: Rendering page: /Users/damithch/Repos/nus-cs2103/cs2103-website-base/se-book-adapted/chapters/uml.md
2026-04-09T09:44:41.662Z - [36mverbose[39m: Rendering page: /Users/damithch/Repos/nus-cs2103/cs2103-website-base/se-book-adapted/chapters/testing.md
2026-04-09T09:44:41.719Z - [36mverbose[39m: Rendering page: /Users/damithch/Repos/nus-cs2103/cs2103-website-base/se-book-adapted/chapters/testCaseDesign.md
2026-04-09T09:44:41.744Z - [36mverbose[39m: Rendering page: /Users/damithch/Repos/nus-cs2103/cs2103-website-base/se-book-adapted/chapters/test.md
2026-04-09T09:44:41.749Z - [36mverbose[39m: Rendering page: /Users/damithch/Repos/nus-cs2103/cs2103-website-base/se-book-adapted/chapters/teamwork.md
2026-04-09T09:44:42.062Z - [36mverbose[39m: Rendering page: /Users/damithch/Repos/nus-cs2103/cs2103-website-base/se-book-adapted/chapters/specifyingRequirements.md
2026-04-09T09:44:42.084Z - [36mverbose[39m: Rendering page: /Users/damithch/Repos/nus-cs2103/cs2103-website-base/se-book-adapted/chapters/softwareEngineering.md
2026-04-09T09:44:42.094Z - [36mverbose[39m: Rendering page: /Users/damithch/Repos/nus-cs2103/cs2103-website-base/se-book-adapted/chapters/reuse.md
2026-04-09T09:44:42.106Z - [36mverbose[39m: Rendering page: /Users/damithch/Repos/nus-cs2103/cs2103-website-base/se-book-adapted/chapters/requirements.md
2026-04-09T09:44:42.321Z - [36mverbose[39m: Rendering page: /Users/damithch/Repos/nus-cs2103/cs2103-website-base/se-book-adapted/chapters/refactoring.md
2026-04-09T09:44:42.333Z - [36mverbose[39m: Rendering page: /Users/damithch/Repos/nus-cs2103/cs2103-website-base/se-book-adapted/chapters/qualityAssurance.md
2026-04-09T09:44:42.342Z - [36mverbose[39m: Rendering page: /Users/damithch/Repos/nus-cs2103/cs2103-website-base/se-book-adapted/chapters/projectPlanning.md
2026-04-09T09:44:42.353Z - [36mverbose[39m: Rendering page: /Users/damithch/Repos/nus-cs2103/cs2103-website-base/se-book-adapted/chapters/processModels.md
2026-04-09T09:44:43.164Z - [36mverbose[39m: Rendering page: /Users/damithch/Repos/nus-cs2103/cs2103-website-base/se-book-adapted/chapters/principles.md
2026-04-09T09:44:43.199Z - [36mverbose[39m: Rendering page: /Users/damithch/Repos/nus-cs2103/cs2103-website-base/se-book-adapted/chapters/oop.md
2026-04-09T09:44:43.237Z - [36mverbose[39m: Rendering page: /Users/damithch/Repos/nus-cs2103/cs2103-website-base/se-book-adapted/chapters/modeling.md
2026-04-09T09:44:43.324Z - [36mverbose[39m: Rendering page: /Users/damithch/Repos/nus-cs2103/cs2103-website-base/se-book-adapted/chapters/intellij.md
2026-04-09T09:44:43.589Z - [36mverbose[39m: Rendering page: /Users/damithch/Repos/nus-cs2103/cs2103-website-base/se-book-adapted/chapters/integration.md
2026-04-09T09:44:43.601Z - [36mverbose[39m: Rendering page: /Users/damithch/Repos/nus-cs2103/cs2103-website-base/se-book-adapted/chapters/ides.md
2026-04-09T09:44:43.607Z - [36mverbose[39m: Rendering page: /Users/damithch/Repos/nus-cs2103/cs2103-website-base/se-book-adapted/chapters/gatheringRequirements.md
2026-04-09T09:44:43.687Z - [36mverbose[39m: Rendering page: /Users/damithch/Repos/nus-cs2103/cs2103-website-base/se-book-adapted/chapters/errorHandling.md
2026-04-09T09:44:43.901Z - [36mverbose[39m: Rendering page: /Users/damithch/Repos/nus-cs2103/cs2103-website-base/se-book-adapted/chapters/documentation.md
2026-04-09T09:44:43.946Z - [36mverbose[39m: Rendering page: /Users/damithch/Repos/nus-cs2103/cs2103-website-base/se-book-adapted/chapters/designPatterns.md
2026-04-09T09:44:43.963Z - [36mverbose[39m: Rendering page: /Users/damithch/Repos/nus-cs2103/cs2103-website-base/se-book-adapted/chapters/designFundamentals.md
2026-04-09T09:44:43.993Z - [36mverbose[39m: Rendering page: /Users/damithch/Repos/nus-cs2103/cs2103-website-base/se-book-adapted/chapters/designApproaches.md
2026-04-09T09:44:45.807Z - [36mverbose[39m: Rendering page: /Users/damithch/Repos/nus-cs2103/cs2103-website-base/se-book-adapted/chapters/design.md
2026-04-09T09:44:45.816Z - [36mverbose[39m: Rendering page: /Users/damithch/Repos/nus-cs2103/cs2103-website-base/se-book-adapted/chapters/codeQuality.md
2026-04-09T09:44:45.848Z - [36mverbose[39m: Rendering page: /Users/damithch/Repos/nus-cs2103/cs2103-website-base/se-book-adapted/chapters/cppToJava.md
2026-04-09T09:44:45.983Z - [36mverbose[39m: Rendering page: /Users/damithch/Repos/nus-cs2103/cs2103-website-base/se-book-adapted/chapters/architecture.md
2026-04-09T09:44:46.190Z - [36mverbose[39m: Rendering page: /Users/damithch/Repos/nus-cs2103/cs2103-website-base/se-book-adapted/index.md
2026-04-09T09:44:46.197Z - [36mverbose[39m: Rendering page: /Users/damithch/Repos/nus-cs2103/cs2103-website-base/book/about/acknowledgements.md
2026-04-09T09:44:46.201Z - [36mverbose[39m: Rendering page: /Users/damithch/Repos/nus-cs2103/cs2103-website-base/schedule/week9/tutorial.md
2026-04-09T09:44:46.208Z - [36mverbose[39m: Rendering page: /Users/damithch/Repos/nus-cs2103/cs2103-website-base/schedule/week8/tutorial.md
2026-04-09T09:44:46.762Z - [36mverbose[39m: Rendering page: /Users/damithch/Repos/nus-cs2103/cs2103-website-base/schedule/week7/tutorial.md
2026-04-09T09:44:46.768Z - [36mverbose[39m: Rendering page: /Users/damithch/Repos/nus-cs2103/cs2103-website-base/schedule/week6/tutorial.md
2026-04-09T09:44:47.372Z - [36mverbose[39m: Rendering page: /Users/damithch/Repos/nus-cs2103/cs2103-website-base/schedule/week5/tutorial.md
2026-04-09T09:44:47.397Z - [36mverbose[39m: Rendering page: /Users/damithch/Repos/nus-cs2103/cs2103-website-base/schedule/week4/tutorial.md
2026-04-09T09:44:47.469Z - [36mverbose[39m: Rendering page: /Users/damithch/Repos/nus-cs2103/cs2103-website-base/schedule/week3/tutorial.md
2026-04-09T09:44:47.486Z - [36mverbose[39m: Rendering page: /Users/damithch/Repos/nus-cs2103/cs2103-website-base/schedule/week2/tutorial.md
2026-04-09T09:44:47.517Z - [36mverbose[39m: Rendering page: /Users/damithch/Repos/nus-cs2103/cs2103-website-base/schedule/week13/tutorial.md
2026-04-09T09:44:47.522Z - [36mverbose[39m: Rendering page: /Users/damithch/Repos/nus-cs2103/cs2103-website-base/schedule/week12/tutorial.md
2026-04-09T09:44:48.212Z - [36mverbose[39m: Rendering page: /Users/damithch/Repos/nus-cs2103/cs2103-website-base/schedule/week11/tutorial.md
2026-04-09T09:44:48.219Z - [36mverbose[39m: Rendering page: /Users/damithch/Repos/nus-cs2103/cs2103-website-base/schedule/week10/tutorial.md
2026-04-09T09:44:48.229Z - [36mverbose[39m: Rendering page: /Users/damithch/Repos/nus-cs2103/cs2103-website-base/schedule/week9/topics.md
2026-04-09T09:44:48.273Z - [36mverbose[39m: Rendering page: /Users/damithch/Repos/nus-cs2103/cs2103-website-base/schedule/week1/tutorial.md
2026-04-09T09:44:50.151Z - [36mverbose[39m: Rendering page: /Users/damithch/Repos/nus-cs2103/cs2103-website-base/schedule/week8/topics.md
2026-04-09T09:44:50.294Z - [36mverbose[39m: Rendering page: /Users/damithch/Repos/nus-cs2103/cs2103-website-base/schedule/week6/topics.md
2026-04-09T09:44:50.322Z - [36mverbose[39m: Rendering page: /Users/damithch/Repos/nus-cs2103/cs2103-website-base/schedule/week7/topics.md
2026-04-09T09:44:50.372Z - [36mverbose[39m: Rendering page: /Users/damithch/Repos/nus-cs2103/cs2103-website-base/schedule/week5/topics.md
2026-04-09T09:44:51.922Z - [36mverbose[39m: Rendering page: /Users/damithch/Repos/nus-cs2103/cs2103-website-base/schedule/week4/topics.md
2026-04-09T09:44:51.959Z - [36mverbose[39m: Rendering page: /Users/damithch/Repos/nus-cs2103/cs2103-website-base/schedule/week3/topics.md
2026-04-09T09:44:51.989Z - [36mverbose[39m: Rendering page: /Users/damithch/Repos/nus-cs2103/cs2103-website-base/schedule/week13/topics.md
2026-04-09T09:44:51.994Z - [36mverbose[39m: Rendering page: /Users/damithch/Repos/nus-cs2103/cs2103-website-base/schedule/week2/topics.md
2026-04-09T09:44:52.518Z - [36mverbose[39m: Rendering page: /Users/damithch/Repos/nus-cs2103/cs2103-website-base/schedule/week12/topics.md
2026-04-09T09:44:54.476Z - [36mverbose[39m: Rendering page: /Users/damithch/Repos/nus-cs2103/cs2103-website-base/schedule/week11/topics.md
2026-04-09T09:44:54.515Z - [36mverbose[39m: Rendering page: /Users/damithch/Repos/nus-cs2103/cs2103-website-base/schedule/week10/topics.md
2026-04-09T09:44:54.550Z - [36mverbose[39m: Rendering page: /Users/damithch/Repos/nus-cs2103/cs2103-website-base/schedule/week1/topics.md
2026-04-09T09:44:54.626Z - [36mverbose[39m: Rendering page: /Users/damithch/Repos/nus-cs2103/cs2103-website-base/schedule/week9/project.md
2026-04-09T09:44:58.475Z - [36mverbose[39m: Rendering page: /Users/damithch/Repos/nus-cs2103/cs2103-website-base/schedule/week7/project.md
2026-04-09T09:44:58.494Z - [36mverbose[39m: Rendering page: /Users/damithch/Repos/nus-cs2103/cs2103-website-base/schedule/week8/project.md
2026-04-09T09:44:58.515Z - [36mverbose[39m: Rendering page: /Users/damithch/Repos/nus-cs2103/cs2103-website-base/schedule/week6/project.md
2026-04-09T09:44:58.539Z - [36mverbose[39m: Rendering page: /Users/damithch/Repos/nus-cs2103/cs2103-website-base/schedule/week5/project.md
2026-04-09T09:45:04.554Z - [34mdebug[39m: 
2026-04-09T09:45:04.555Z - [34mdebug[39m: 
2026-04-09T09:45:04.647Z - [36mverbose[39m: Rendering page: /Users/damithch/Repos/nus-cs2103/cs2103-website-base/schedule/week3/project.md
2026-04-09T09:45:04.679Z - [36mverbose[39m: Rendering page: /Users/damithch/Repos/nus-cs2103/cs2103-website-base/schedule/week4/project.md
2026-04-09T09:45:04.729Z - [36mverbose[39m: Rendering page: /Users/damithch/Repos/nus-cs2103/cs2103-website-base/schedule/week2/project.md
2026-04-09T09:45:04.748Z - [36mverbose[39m: Rendering page: /Users/damithch/Repos/nus-cs2103/cs2103-website-base/schedule/week13/project.md
2026-04-09T09:45:08.065Z - [36mverbose[39m: Rendering page: /Users/damithch/Repos/nus-cs2103/cs2103-website-base/schedule/week1/project.md
2026-04-09T09:45:08.070Z - [36mverbose[39m: Rendering page: /Users/damithch/Repos/nus-cs2103/cs2103-website-base/schedule/week11/project.md
2026-04-09T09:45:08.090Z - [36mverbose[39m: Rendering page: /Users/damithch/Repos/nus-cs2103/cs2103-website-base/schedule/week12/project.md
2026-04-09T09:45:08.117Z - [36mverbose[39m: Rendering page: /Users/damithch/Repos/nus-cs2103/cs2103-website-base/schedule/week10/project.md
2026-04-09T09:45:09.004Z - [36mverbose[39m: Rendering page: /Users/damithch/Repos/nus-cs2103/cs2103-website-base/schedule/week8/index.md
2026-04-09T09:45:09.011Z - [36mverbose[39m: Rendering page: /Users/damithch/Repos/nus-cs2103/cs2103-website-base/schedule/week9/index.md
2026-04-09T09:45:09.018Z - [36mverbose[39m: Rendering page: /Users/damithch/Repos/nus-cs2103/cs2103-website-base/schedule/week7/index.md
2026-04-09T09:45:09.027Z - [36mverbose[39m: Rendering page: /Users/damithch/Repos/nus-cs2103/cs2103-website-base/schedule/week6/index.md
2026-04-09T09:45:09.826Z - [36mverbose[39m: Rendering page: /Users/damithch/Repos/nus-cs2103/cs2103-website-base/schedule/week5/index.md
2026-04-09T09:45:09.836Z - [36mverbose[39m: Rendering page: /Users/damithch/Repos/nus-cs2103/cs2103-website-base/schedule/week3/index.md
2026-04-09T09:45:09.843Z - [36mverbose[39m: Rendering page: /Users/damithch/Repos/nus-cs2103/cs2103-website-base/schedule/week4/index.md
2026-04-09T09:45:09.851Z - [36mverbose[39m: Rendering page: /Users/damithch/Repos/nus-cs2103/cs2103-website-base/schedule/week2/index.md
2026-04-09T09:45:10.629Z - [36mverbose[39m: Rendering page: /Users/damithch/Repos/nus-cs2103/cs2103-website-base/schedule/week13/index.md
2026-04-09T09:45:10.635Z - [36mverbose[39m: Rendering page: /Users/damithch/Repos/nus-cs2103/cs2103-website-base/schedule/week12/index.md
2026-04-09T09:45:10.640Z - [36mverbose[39m: Rendering page: /Users/damithch/Repos/nus-cs2103/cs2103-website-base/schedule/week11/index.md
2026-04-09T09:45:10.649Z - [36mverbose[39m: Rendering page: /Users/damithch/Repos/nus-cs2103/cs2103-website-base/schedule/week10/index.md
2026-04-09T09:45:10.919Z - [36mverbose[39m: Rendering page: /Users/damithch/Repos/nus-cs2103/cs2103-website-base/schedule/week1/index.md
2026-04-09T09:45:10.927Z - [36mverbose[39m: Rendering page: /Users/damithch/Repos/nus-cs2103/cs2103-website-base/schedule/week9/admin.md
2026-04-09T09:45:10.932Z - [36mverbose[39m: Rendering page: /Users/damithch/Repos/nus-cs2103/cs2103-website-base/schedule/week8/admin.md
2026-04-09T09:45:10.942Z - [36mverbose[39m: Rendering page: /Users/damithch/Repos/nus-cs2103/cs2103-website-base/schedule/week7/admin.md
2026-04-09T09:45:12.077Z - [36mverbose[39m: Rendering page: /Users/damithch/Repos/nus-cs2103/cs2103-website-base/schedule/week5/admin.md
2026-04-09T09:45:12.087Z - [36mverbose[39m: Rendering page: /Users/damithch/Repos/nus-cs2103/cs2103-website-base/schedule/week6/admin.md
2026-04-09T09:45:12.096Z - [36mverbose[39m: Rendering page: /Users/damithch/Repos/nus-cs2103/cs2103-website-base/schedule/week4/admin.md
2026-04-09T09:45:12.488Z - [36mverbose[39m: Rendering page: /Users/damithch/Repos/nus-cs2103/cs2103-website-base/schedule/week3/admin.md
2026-04-09T09:45:12.702Z - [36mverbose[39m: Rendering page: /Users/damithch/Repos/nus-cs2103/cs2103-website-base/schedule/week13/admin.md
2026-04-09T09:45:12.710Z - [36mverbose[39m: Rendering page: /Users/damithch/Repos/nus-cs2103/cs2103-website-base/schedule/week2/admin.md
2026-04-09T09:45:12.720Z - [36mverbose[39m: Rendering page: /Users/damithch/Repos/nus-cs2103/cs2103-website-base/schedule/week12/admin.md
2026-04-09T09:45:16.379Z - [34mdebug[39m: 
2026-04-09T09:45:16.475Z - [36mverbose[39m: Rendering page: /Users/damithch/Repos/nus-cs2103/cs2103-website-base/schedule/week11/admin.md
2026-04-09T09:45:16.489Z - [36mverbose[39m: Rendering page: /Users/damithch/Repos/nus-cs2103/cs2103-website-base/schedule/week10/admin.md
2026-04-09T09:45:16.498Z - [36mverbose[39m: Rendering page: /Users/damithch/Repos/nus-cs2103/cs2103-website-base/schedule/timeline.md
2026-04-09T09:45:16.538Z - [36mverbose[39m: Rendering page: /Users/damithch/Repos/nus-cs2103/cs2103-website-base/schedule/week1/admin.md
2026-04-09T09:45:16.784Z - [36mverbose[39m: Rendering page: /Users/damithch/Repos/nus-cs2103/cs2103-website-base/schedule/index.md
2026-04-09T09:45:16.791Z - [36mverbose[39m: Rendering page: /Users/damithch/Repos/nus-cs2103/cs2103-website-base/admin/weeklySchedule.md
2026-04-09T09:45:16.798Z - [36mverbose[39m: Rendering page: /Users/damithch/Repos/nus-cs2103/cs2103-website-base/admin/usingThisWebsite.md
2026-04-09T09:45:16.809Z - [36mverbose[39m: Rendering page: /Users/damithch/Repos/nus-cs2103/cs2103-website-base/admin/uml-reference-sheet.md
2026-04-09T09:45:18.933Z - [36mverbose[39m: Rendering page: /Users/damithch/Repos/nus-cs2103/cs2103-website-base/admin/tp-w9.md
2026-04-09T09:45:18.946Z - [36mverbose[39m: Rendering page: /Users/damithch/Repos/nus-cs2103/cs2103-website-base/admin/tutorials.md
2026-04-09T09:45:18.966Z - [36mverbose[39m: Rendering page: /Users/damithch/Repos/nus-cs2103/cs2103-website-base/admin/tutors-info.md
2026-04-09T09:45:18.978Z - [36mverbose[39m: Rendering page: /Users/damithch/Repos/nus-cs2103/cs2103-website-base/admin/tp-w8.md
2026-04-09T09:45:21.696Z - [36mverbose[39m: Rendering page: /Users/damithch/Repos/nus-cs2103/cs2103-website-base/admin/tp-w7.md
2026-04-09T09:45:21.717Z - [36mverbose[39m: Rendering page: /Users/damithch/Repos/nus-cs2103/cs2103-website-base/admin/tp-w6.md
2026-04-09T09:45:21.735Z - [36mverbose[39m: Rendering page: /Users/damithch/Repos/nus-cs2103/cs2103-website-base/admin/tp-w5.md
2026-04-09T09:45:21.747Z - [36mverbose[39m: Rendering page: /Users/damithch/Repos/nus-cs2103/cs2103-website-base/admin/tp-w4.md
2026-04-09T09:45:25.352Z - [36mverbose[39m: Rendering page: /Users/damithch/Repos/nus-cs2103/cs2103-website-base/admin/tp-w3.md
2026-04-09T09:45:25.369Z - [36mverbose[39m: Rendering page: /Users/damithch/Repos/nus-cs2103/cs2103-website-base/admin/tp-w2.md
2026-04-09T09:45:25.376Z - [36mverbose[39m: Rendering page: /Users/damithch/Repos/nus-cs2103/cs2103-website-base/admin/tp-w13.md
2026-04-09T09:45:27.637Z - [36mverbose[39m: Rendering page: /Users/damithch/Repos/nus-cs2103/cs2103-website-base/admin/tp-w12.md
2026-04-09T09:45:29.051Z - [34mdebug[39m: 
2026-04-09T09:45:29.075Z - [34mdebug[39m: 
2026-04-09T09:45:29.141Z - [36mverbose[39m: Rendering page: /Users/damithch/Repos/nus-cs2103/cs2103-website-base/admin/tp-w11.md
2026-04-09T09:45:29.176Z - [36mverbose[39m: Rendering page: /Users/damithch/Repos/nus-cs2103/cs2103-website-base/admin/tp-w10.md
2026-04-09T09:45:29.197Z - [36mverbose[39m: Rendering page: /Users/damithch/Repos/nus-cs2103/cs2103-website-base/admin/tp-timeline.md
2026-04-09T09:45:29.206Z - [36mverbose[39m: Rendering page: /Users/damithch/Repos/nus-cs2103/cs2103-website-base/admin/tp-teams.md
2026-04-09T09:45:30.945Z - [36mverbose[39m: Rendering page: /Users/damithch/Repos/nus-cs2103/cs2103-website-base/admin/tp-supervision.md
2026-04-09T09:45:30.954Z - [36mverbose[39m: Rendering page: /Users/damithch/Repos/nus-cs2103/cs2103-website-base/admin/tp-pe.md
2026-04-09T09:45:30.987Z - [36mverbose[39m: Rendering page: /Users/damithch/Repos/nus-cs2103/cs2103-website-base/admin/tp-overview.md
2026-04-09T09:45:30.995Z - [36mverbose[39m: Rendering page: /Users/damithch/Repos/nus-cs2103/cs2103-website-base/admin/tp-ped.md
2026-04-09T09:45:31.618Z - [36mverbose[39m: Rendering page: /Users/damithch/Repos/nus-cs2103/cs2103-website-base/admin/tp-grading.md
2026-04-09T09:45:31.629Z - [36mverbose[39m: Rendering page: /Users/damithch/Repos/nus-cs2103/cs2103-website-base/admin/tp-expectations.md
2026-04-09T09:45:31.642Z - [36mverbose[39m: Rendering page: /Users/damithch/Repos/nus-cs2103/cs2103-website-base/admin/tp-constraints.md
2026-04-09T09:45:31.651Z - [36mverbose[39m: Rendering page: /Users/damithch/Repos/nus-cs2103/cs2103-website-base/admin/tp-deliverables.md
2026-04-09T09:45:32.230Z - [36mverbose[39m: Rendering page: /Users/damithch/Repos/nus-cs2103/cs2103-website-base/admin/tp-common-fragments.md
2026-04-09T09:45:32.235Z - [36mverbose[39m: Rendering page: /Users/damithch/Repos/nus-cs2103/cs2103-website-base/admin/tools.md
2026-04-09T09:45:32.250Z - [36mverbose[39m: Rendering page: /Users/damithch/Repos/nus-cs2103/cs2103-website-base/admin/textbooks.md
2026-04-09T09:45:32.275Z - [36mverbose[39m: Rendering page: /Users/damithch/Repos/nus-cs2103/cs2103-website-base/admin/teamList.md
2026-04-09T09:45:32.407Z - [36mverbose[39m: Rendering page: /Users/damithch/Repos/nus-cs2103/cs2103-website-base/admin/syllabus.md
2026-04-09T09:45:32.415Z - [36mverbose[39m: Rendering page: /Users/damithch/Repos/nus-cs2103/cs2103-website-base/admin/standardsAndConventions.md
2026-04-09T09:45:32.497Z - [36mverbose[39m: Rendering page: /Users/damithch/Repos/nus-cs2103/cs2103-website-base/admin/programmingLanguages.md
2026-04-09T09:45:32.558Z - [36mverbose[39m: Rendering page: /Users/damithch/Repos/nus-cs2103/cs2103-website-base/admin/reposenseAuthorAnnotation.md
2026-04-09T09:45:32.569Z - [36mverbose[39m: Rendering page: /Users/damithch/Repos/nus-cs2103/cs2103-website-base/admin/peerEvaluations.md
2026-04-09T09:45:32.786Z - [36mverbose[39m: Rendering page: /Users/damithch/Repos/nus-cs2103/cs2103-website-base/admin/participation.md
2026-04-09T09:45:32.819Z - [36mverbose[39m: Rendering page: /Users/damithch/Repos/nus-cs2103/cs2103-website-base/admin/overview-for-teachers.md
2026-04-09T09:45:32.827Z - [36mverbose[39m: Rendering page: /Users/damithch/Repos/nus-cs2103/cs2103-website-base/admin/mid-semester-survey-results.md
2026-04-09T09:45:32.935Z - [36mverbose[39m: Rendering page: /Users/damithch/Repos/nus-cs2103/cs2103-website-base/admin/lectures.md
2026-04-09T09:45:33.482Z - [36mverbose[39m: Rendering page: /Users/damithch/Repos/nus-cs2103/cs2103-website-base/admin/ip-w8.md
2026-04-09T09:45:33.794Z - [36mverbose[39m: Rendering page: /Users/damithch/Repos/nus-cs2103/cs2103-website-base/admin/ip-w7.md
2026-04-09T09:45:34.363Z - [36mverbose[39m: Rendering page: /Users/damithch/Repos/nus-cs2103/cs2103-website-base/admin/ip-w6.md
2026-04-09T09:45:35.075Z - [36mverbose[39m: Rendering page: /Users/damithch/Repos/nus-cs2103/cs2103-website-base/admin/ip-w5.md
2026-04-09T09:45:35.896Z - [36mverbose[39m: Rendering page: /Users/damithch/Repos/nus-cs2103/cs2103-website-base/admin/ip-w4.md
2026-04-09T09:45:35.936Z - [36mverbose[39m: Rendering page: /Users/damithch/Repos/nus-cs2103/cs2103-website-base/admin/ip-w3.md
2026-04-09T09:45:36.439Z - [36mverbose[39m: Rendering page: /Users/damithch/Repos/nus-cs2103/cs2103-website-base/admin/ip-w2.md
2026-04-09T09:45:36.564Z - [36mverbose[39m: Rendering page: /Users/damithch/Repos/nus-cs2103/cs2103-website-base/admin/ip-showcase.md
2026-04-09T09:45:36.613Z - [36mverbose[39m: Rendering page: /Users/damithch/Repos/nus-cs2103/cs2103-website-base/admin/ip-overview.md
2026-04-09T09:45:36.621Z - [36mverbose[39m: Rendering page: /Users/damithch/Repos/nus-cs2103/cs2103-website-base/admin/ip-grading.md
2026-04-09T09:45:36.628Z - [36mverbose[39m: Rendering page: /Users/damithch/Repos/nus-cs2103/cs2103-website-base/admin/instructors.md
2026-04-09T09:45:37.359Z - [36mverbose[39m: Rendering page: /Users/damithch/Repos/nus-cs2103/cs2103-website-base/admin/index.md
2026-04-09T09:45:37.368Z - [36mverbose[39m: Rendering page: /Users/damithch/Repos/nus-cs2103/cs2103-website-base/admin/gradeBreakdown.md
2026-04-09T09:45:37.385Z - [36mverbose[39m: Rendering page: /Users/damithch/Repos/nus-cs2103/cs2103-website-base/admin/exams-f2f.md
2026-04-09T09:45:37.391Z - [36mverbose[39m: Rendering page: /Users/damithch/Repos/nus-cs2103/cs2103-website-base/admin/exams.md
2026-04-09T09:45:37.490Z - [36mverbose[39m: Rendering page: /Users/damithch/Repos/nus-cs2103/cs2103-website-base/admin/exam-reference-sheet.md
2026-04-09T09:45:37.497Z - [36mverbose[39m: Rendering page: /Users/damithch/Repos/nus-cs2103/cs2103-website-base/admin/exam-pen-and-paper.md
2026-04-09T09:45:37.502Z - [36mverbose[39m: Rendering page: /Users/damithch/Repos/nus-cs2103/cs2103-website-base/admin/courseOverview.md
2026-04-09T09:45:37.510Z - [36mverbose[39m: Rendering page: /Users/damithch/Repos/nus-cs2103/cs2103-website-base/admin/courseExpectations.md
2026-04-09T09:45:37.618Z - [36mverbose[39m: Rendering page: /Users/damithch/Repos/nus-cs2103/cs2103-website-base/admin/courseBriefings.md
2026-04-09T09:45:37.630Z - [36mverbose[39m: Rendering page: /Users/damithch/Repos/nus-cs2103/cs2103-website-base/admin/appendixH-tipsFromStudents.md
2026-04-09T09:45:37.641Z - [36mverbose[39m: Rendering page: /Users/damithch/Repos/nus-cs2103/cs2103-website-base/admin/appendixG-CS2103R.md
2026-04-09T09:45:37.645Z - [36mverbose[39m: Rendering page: /Users/damithch/Repos/nus-cs2103/cs2103-website-base/admin/appendixG-troubleshooting.md
2026-04-09T09:45:37.900Z - [36mverbose[39m: Rendering page: /Users/damithch/Repos/nus-cs2103/cs2103-website-base/admin/appendixE-gitHub.md
2026-04-09T09:45:37.915Z - [36mverbose[39m: Rendering page: /Users/damithch/Repos/nus-cs2103/cs2103-website-base/admin/appendixF-teamworkIssues.md
2026-04-09T09:45:37.923Z - [36mverbose[39m: Rendering page: /Users/damithch/Repos/nus-cs2103/cs2103-website-base/admin/appendixD-help.md
2026-04-09T09:45:37.936Z - [32minfo[39m: Pages built
2026-04-09T09:45:38.013Z - [32minfo[39m: Site data built
2026-04-09T09:45:38.013Z - [32minfo[39m: Website generation complete! Total build time: 98.043s
2026-04-09T09:45:38.013Z - [32minfo[39m: Build success!
2026-04-09T09:46:07.254Z - [32minfo[39m: GitHub Actions deployment initiated. Check status at: https://github.com/NUS-CS2103-AY2526-S2/website/actions
2026-04-09T09:46:07.254Z - [32minfo[39m: The website will be deployed at: https://NUS-CS2103-AY2526-S2.github.io/website
