2026-04-13T10:04:19.449Z - [32minfo[39m: Website generation (lazy) started at 18:04:18
2026-04-13T10:04:20.036Z - [32minfo[39m: Building assets...
2026-04-13T10:04:21.436Z - [32minfo[39m: Assets built
2026-04-13T10:04:21.436Z - [32minfo[39m: Generating landing page...
2026-04-13T10:04:22.305Z - [36mverbose[39m: Rendering page: /Users/damithch/Repos/nus-cs2103/cs2103-website-base/index.md
2026-04-13T10:04:22.366Z - [32minfo[39m: Landing page built, other pages will be built as you navigate to them!
2026-04-13T10:04:22.532Z - [32minfo[39m: Site data built
2026-04-13T10:04:22.532Z - [32minfo[39m: Website generation (lazy) complete! Total build time: 3.883s
2026-04-13T10:04:22.553Z - [32minfo[39m: Serving "/Users/damithch/Repos/nus-cs2103/cs2103-website-base/_site" at http://127.0.0.1:8080
2026-04-13T10:04:22.554Z - [32minfo[39m: Press CTRL+C to stop ...
2026-04-13T10:04:38.544Z - [32minfo[39m: Building /Users/damithch/Repos/nus-cs2103/cs2103-website-base/schedule/week13/project as some of its dependencies were changed since the last visit
2026-04-13T10:04:41.936Z - [34mdebug[39m: 
2026-04-13T10:04:41.937Z - [34mdebug[39m: 
2026-04-13T10:04:42.003Z - [36mverbose[39m: Rendering page: /Users/damithch/Repos/nus-cs2103/cs2103-website-base/schedule/week13/project.md
2026-04-13T10:04:42.070Z - [32minfo[39m: Site data built
2026-04-13T10:04:42.070Z - [32minfo[39m: Lazy website regeneration complete! Total build time: 3.527s
2026-04-13T10:10:57.397Z - [32minfo[39m: [18:10:57] Reload for file change: /Users/damithch/Repos/nus-cs2103/cs2103-website-base/admin/tp-tasks-fragment.md
2026-04-13T10:10:57.398Z - [32minfo[39m: Synchronizing opened pages list before reload
2026-04-13T10:10:57.400Z - [32minfo[39m: Current opened pages, from most-to-least recent:
2026-04-13T10:10:57.400Z - [32minfo[39m: 1. schedule/week13/project
2026-04-13T10:10:57.494Z - [32minfo[39m: [18:10:57] Reload for file change: /Users/damithch/Repos/nus-cs2103/cs2103-website-base/admin/tp-tasks-fragment.md
2026-04-13T10:10:57.495Z - [32minfo[39m: Synchronizing opened pages list before reload
2026-04-13T10:10:57.495Z - [32minfo[39m: Current opened pages, from most-to-least recent:
2026-04-13T10:10:57.495Z - [32minfo[39m: 1. schedule/week13/project
2026-04-13T10:10:58.405Z - [32minfo[39m: Rebuilding 1 pages
2026-04-13T10:11:00.727Z - [36mverbose[39m: Rendering page: /Users/damithch/Repos/nus-cs2103/cs2103-website-base/schedule/week13/project.md
2026-04-13T10:11:00.788Z - [32minfo[39m: Site data built
2026-04-13T10:11:00.788Z - [32minfo[39m: Pages rebuilt
2026-04-13T10:11:00.788Z - [32minfo[39m: Website regeneration complete! Total build time: 2.385s
2026-04-13T10:14:35.171Z - [32minfo[39m: [18:14:35] Reload for file change: /Users/damithch/Repos/nus-cs2103/cs2103-website-base/admin/tp-tasks-fragment.md
2026-04-13T10:14:35.173Z - [32minfo[39m: Synchronizing opened pages list before reload
2026-04-13T10:14:35.174Z - [32minfo[39m: Current opened pages, from most-to-least recent:
2026-04-13T10:14:35.174Z - [32minfo[39m: 1. schedule/week13/project
2026-04-13T10:14:36.184Z - [32minfo[39m: Rebuilding 1 pages
2026-04-13T10:14:38.290Z - [36mverbose[39m: Rendering page: /Users/damithch/Repos/nus-cs2103/cs2103-website-base/schedule/week13/project.md
2026-04-13T10:14:38.350Z - [32minfo[39m: Site data built
2026-04-13T10:14:38.350Z - [32minfo[39m: Pages rebuilt
2026-04-13T10:14:38.350Z - [32minfo[39m: Website regeneration complete! Total build time: 2.168s
2026-04-13T10:16:21.625Z - [32minfo[39m: [18:16:21] Reload for file change: /Users/damithch/Repos/nus-cs2103/cs2103-website-base/admin/tp-tasks-fragment.md
2026-04-13T10:16:21.626Z - [32minfo[39m: Synchronizing opened pages list before reload
2026-04-13T10:16:21.627Z - [32minfo[39m: Current opened pages, from most-to-least recent:
2026-04-13T10:16:21.628Z - [32minfo[39m: 1. schedule/week13/project
2026-04-13T10:16:22.632Z - [32minfo[39m: Rebuilding 1 pages
2026-04-13T10:16:24.788Z - [36mverbose[39m: Rendering page: /Users/damithch/Repos/nus-cs2103/cs2103-website-base/schedule/week13/project.md
2026-04-13T10:16:24.847Z - [32minfo[39m: Site data built
2026-04-13T10:16:24.847Z - [32minfo[39m: Pages rebuilt
2026-04-13T10:16:24.847Z - [32minfo[39m: Website regeneration complete! Total build time: 2.217s
2026-04-13T10:16:35.119Z - [32minfo[39m: [18:16:35] Reload for file change: /Users/damithch/Repos/nus-cs2103/cs2103-website-base/admin/tp-tasks-fragment.md
2026-04-13T10:16:35.120Z - [32minfo[39m: Synchronizing opened pages list before reload
2026-04-13T10:16:35.120Z - [32minfo[39m: Current opened pages, from most-to-least recent:
2026-04-13T10:16:35.120Z - [32minfo[39m: 1. schedule/week13/project
2026-04-13T10:16:36.126Z - [32minfo[39m: Rebuilding 1 pages
2026-04-13T10:16:38.270Z - [36mverbose[39m: Rendering page: /Users/damithch/Repos/nus-cs2103/cs2103-website-base/schedule/week13/project.md
2026-04-13T10:16:38.312Z - [32minfo[39m: Site data built
2026-04-13T10:16:38.312Z - [32minfo[39m: Pages rebuilt
2026-04-13T10:16:38.312Z - [32minfo[39m: Website regeneration complete! Total build time: 2.189s
2026-04-13T10:16:57.720Z - [32minfo[39m: [18:16:57] Reload for file change: /Users/damithch/Repos/nus-cs2103/cs2103-website-base/admin/tp-tasks-fragment.md
2026-04-13T10:16:57.724Z - [32minfo[39m: Synchronizing opened pages list before reload
2026-04-13T10:16:57.726Z - [32minfo[39m: Current opened pages, from most-to-least recent:
2026-04-13T10:16:57.726Z - [32minfo[39m: 1. schedule/week13/project
2026-04-13T10:16:58.732Z - [32minfo[39m: Rebuilding 1 pages
2026-04-13T10:17:00.846Z - [36mverbose[39m: Rendering page: /Users/damithch/Repos/nus-cs2103/cs2103-website-base/schedule/week13/project.md
2026-04-13T10:17:00.885Z - [32minfo[39m: Site data built
2026-04-13T10:17:00.885Z - [32minfo[39m: Pages rebuilt
2026-04-13T10:17:00.885Z - [32minfo[39m: Website regeneration complete! Total build time: 2.156s
2026-04-13T10:18:49.417Z - [32minfo[39m: [18:18:49] Reload for file change: /Users/damithch/Repos/nus-cs2103/cs2103-website-base/admin/tp-tasks-fragment.md
2026-04-13T10:18:49.420Z - [32minfo[39m: Synchronizing opened pages list before reload
2026-04-13T10:18:49.421Z - [32minfo[39m: Current opened pages, from most-to-least recent:
2026-04-13T10:18:49.421Z - [32minfo[39m: 1. schedule/week13/project
2026-04-13T10:18:50.429Z - [32minfo[39m: Rebuilding 1 pages
2026-04-13T10:18:52.562Z - [36mverbose[39m: Rendering page: /Users/damithch/Repos/nus-cs2103/cs2103-website-base/schedule/week13/project.md
2026-04-13T10:18:52.621Z - [32minfo[39m: Site data built
2026-04-13T10:18:52.621Z - [32minfo[39m: Pages rebuilt
2026-04-13T10:18:52.621Z - [32minfo[39m: Website regeneration complete! Total build time: 2.195s
2026-04-13T10:18:59.367Z - [32minfo[39m: Website generation started at 18:18:58
2026-04-13T10:18:59.729Z - [32minfo[39m: Building assets...
2026-04-13T10:19:00.977Z - [32minfo[39m: Assets built
2026-04-13T10:19:00.977Z - [32minfo[39m: Generating pages...
2026-04-13T10:19:04.361Z - [36mverbose[39m: Rendering page: /Users/damithch/Repos/nus-cs2103/cs2103-website-base/admin/acknowledgements.md
2026-04-13T10:19:04.376Z - [36mverbose[39m: Rendering page: /Users/damithch/Repos/nus-cs2103/cs2103-website-base/admin/appendixA-principles.md
2026-04-13T10:19:04.395Z - [36mverbose[39m: Rendering page: /Users/damithch/Repos/nus-cs2103/cs2103-website-base/admin/appendixB-policies.md
2026-04-13T10:19:04.444Z - [36mverbose[39m: Rendering page: /Users/damithch/Repos/nus-cs2103/cs2103-website-base/admin/appendixC-faq.md
2026-04-13T10:19:10.289Z - [34mdebug[39m: 
2026-04-13T10:19:10.289Z - [34mdebug[39m: 
2026-04-13T10:19:10.289Z - [34mdebug[39m: 
2026-04-13T10:19:11.233Z - [34mdebug[39m: 
2026-04-13T10:19:11.233Z - [34mdebug[39m: 
2026-04-13T10:19:11.233Z - [34mdebug[39m: 
2026-04-13T10:19:11.233Z - [34mdebug[39m: 
2026-04-13T10:19:11.233Z - [34mdebug[39m: 
2026-04-13T10:19:11.233Z - [34mdebug[39m: 
2026-04-13T10:19:11.233Z - [34mdebug[39m: 
2026-04-13T10:19:11.233Z - [34mdebug[39m: 
2026-04-13T10:19:11.233Z - [34mdebug[39m: 
2026-04-13T10:19:11.233Z - [34mdebug[39m: 
2026-04-13T10:19:11.233Z - [34mdebug[39m: 
2026-04-13T10:19:11.234Z - [34mdebug[39m: 
2026-04-13T10:19:11.234Z - [34mdebug[39m: 
2026-04-13T10:19:11.234Z - [36mverbose[39m: Rendering page: /Users/damithch/Repos/nus-cs2103/cs2103-website-base/book/uml/stereotypes/what/index.md
2026-04-13T10:19:11.255Z - [36mverbose[39m: Rendering page: /Users/damithch/Repos/nus-cs2103/cs2103-website-base/se-book-adapted/print.md
2026-04-13T10:19:11.402Z - [36mverbose[39m: Rendering page: /Users/damithch/Repos/nus-cs2103/cs2103-website-base/index.md
2026-04-13T10:19:11.409Z - [36mverbose[39m: Rendering page: /Users/damithch/Repos/nus-cs2103/cs2103-website-base/book/uml/stereotypes/index.md
2026-04-13T10:19:11.430Z - [36mverbose[39m: Rendering page: /Users/damithch/Repos/nus-cs2103/cs2103-website-base/book/uml/sequenceDiagrams/staticMethods/index.md
2026-04-13T10:19:11.470Z - [36mverbose[39m: Rendering page: /Users/damithch/Repos/nus-cs2103/cs2103-website-base/book/uml/sequenceDiagrams/selfInvocation/index.md
2026-04-13T10:19:11.476Z - [36mverbose[39m: Rendering page: /Users/damithch/Repos/nus-cs2103/cs2103-website-base/book/uml/sequenceDiagrams/parallelPaths/index.md
2026-04-13T10:19:11.481Z - [36mverbose[39m: Rendering page: /Users/damithch/Repos/nus-cs2103/cs2103-website-base/book/uml/sequenceDiagrams/referenceFrames/index.md
2026-04-13T10:19:11.502Z - [36mverbose[39m: Rendering page: /Users/damithch/Repos/nus-cs2103/cs2103-website-base/book/uml/sequenceDiagrams/optionalPaths/index.md
2026-04-13T10:19:11.540Z - [36mverbose[39m: Rendering page: /Users/damithch/Repos/nus-cs2103/cs2103-website-base/book/uml/sequenceDiagrams/objectDeletion/index.md
2026-04-13T10:19:11.548Z - [36mverbose[39m: Rendering page: /Users/damithch/Repos/nus-cs2103/cs2103-website-base/book/uml/sequenceDiagrams/objectCreation/index.md
2026-04-13T10:19:11.553Z - [36mverbose[39m: Rendering page: /Users/damithch/Repos/nus-cs2103/cs2103-website-base/book/uml/sequenceDiagrams/minimalNotation/index.md
2026-04-13T10:19:11.558Z - [36mverbose[39m: Rendering page: /Users/damithch/Repos/nus-cs2103/cs2103-website-base/book/uml/sequenceDiagrams/loops/index.md
2026-04-13T10:19:11.634Z - [36mverbose[39m: Rendering page: /Users/damithch/Repos/nus-cs2103/cs2103-website-base/book/uml/sequenceDiagrams/introduction/index.md
2026-04-13T10:19:11.650Z - [36mverbose[39m: Rendering page: /Users/damithch/Repos/nus-cs2103/cs2103-website-base/book/uml/sequenceDiagrams/index.md
2026-04-13T10:19:11.662Z - [36mverbose[39m: Rendering page: /Users/damithch/Repos/nus-cs2103/cs2103-website-base/book/uml/sequenceDiagrams/basic/index.md
2026-04-13T10:19:11.684Z - [36mverbose[39m: Rendering page: /Users/damithch/Repos/nus-cs2103/cs2103-website-base/book/uml/sequenceDiagrams/alternativePaths/index.md
2026-04-13T10:19:11.749Z - [36mverbose[39m: Rendering page: /Users/damithch/Repos/nus-cs2103/cs2103-website-base/book/uml/objectDiagrams/objects/index.md
2026-04-13T10:19:11.756Z - [36mverbose[39m: Rendering page: /Users/damithch/Repos/nus-cs2103/cs2103-website-base/book/uml/objectDiagrams/introduction/index.md
2026-04-13T10:19:11.762Z - [36mverbose[39m: Rendering page: /Users/damithch/Repos/nus-cs2103/cs2103-website-base/book/uml/objectDiagrams/index.md
2026-04-13T10:19:11.783Z - [36mverbose[39m: Rendering page: /Users/damithch/Repos/nus-cs2103/cs2103-website-base/book/uml/objectDiagrams/associations/index.md
2026-04-13T10:19:13.449Z - [34mdebug[39m: 
2026-04-13T10:19:13.472Z - [34mdebug[39m: 
2026-04-13T10:19:13.483Z - [34mdebug[39m: 
2026-04-13T10:19:13.493Z - [34mdebug[39m: 
2026-04-13T10:19:13.496Z - [34mdebug[39m: 
2026-04-13T10:19:13.504Z - [34mdebug[39m: 
2026-04-13T10:19:13.552Z - [36mverbose[39m: Rendering page: /Users/damithch/Repos/nus-cs2103/cs2103-website-base/book/uml/notes/notes/index.md
2026-04-13T10:19:13.559Z - [36mverbose[39m: Rendering page: /Users/damithch/Repos/nus-cs2103/cs2103-website-base/book/uml/notes/index.md
2026-04-13T10:19:13.568Z - [36mverbose[39m: Rendering page: /Users/damithch/Repos/nus-cs2103/cs2103-website-base/book/uml/notes/constraints/index.md
2026-04-13T10:19:13.574Z - [36mverbose[39m: Rendering page: /Users/damithch/Repos/nus-cs2103/cs2103-website-base/book/uml/miscellaneous/objectVsClassDiagrams/index.md
2026-04-13T10:19:13.883Z - [36mverbose[39m: Rendering page: /Users/damithch/Repos/nus-cs2103/cs2103-website-base/book/uml/index.md
2026-04-13T10:19:13.922Z - [36mverbose[39m: Rendering page: /Users/damithch/Repos/nus-cs2103/cs2103-website-base/book/uml/classDiagrams/introduction/index.md
2026-04-13T10:19:13.927Z - [36mverbose[39m: Rendering page: /Users/damithch/Repos/nus-cs2103/cs2103-website-base/book/uml/miscellaneous/index.md
2026-04-13T10:19:13.932Z - [36mverbose[39m: Rendering page: /Users/damithch/Repos/nus-cs2103/cs2103-website-base/book/uml/classDiagrams/introduction/what/index.md
2026-04-13T10:19:14.101Z - [36mverbose[39m: Rendering page: /Users/damithch/Repos/nus-cs2103/cs2103-website-base/book/uml/classDiagrams/interfaces/index.md
2026-04-13T10:19:14.108Z - [36mverbose[39m: Rendering page: /Users/damithch/Repos/nus-cs2103/cs2103-website-base/book/uml/classDiagrams/interfaces/what/index.md
2026-04-13T10:19:14.113Z - [36mverbose[39m: Rendering page: /Users/damithch/Repos/nus-cs2103/cs2103-website-base/book/uml/classDiagrams/index.md
2026-04-13T10:19:14.134Z - [36mverbose[39m: Rendering page: /Users/damithch/Repos/nus-cs2103/cs2103-website-base/book/uml/classDiagrams/enumerations/what/index.md
2026-04-13T10:19:14.186Z - [36mverbose[39m: Rendering page: /Users/damithch/Repos/nus-cs2103/cs2103-website-base/book/uml/classDiagrams/enumerations/index.md
2026-04-13T10:19:14.192Z - [36mverbose[39m: Rendering page: /Users/damithch/Repos/nus-cs2103/cs2103-website-base/book/uml/classDiagrams/dependencies/index.md
2026-04-13T10:19:14.198Z - [36mverbose[39m: Rendering page: /Users/damithch/Repos/nus-cs2103/cs2103-website-base/book/uml/classDiagrams/dependencies/what/index.md
2026-04-13T10:19:14.202Z - [36mverbose[39m: Rendering page: /Users/damithch/Repos/nus-cs2103/cs2103-website-base/book/uml/classDiagrams/composition/what/index.md
2026-04-13T10:19:14.292Z - [36mverbose[39m: Rendering page: /Users/damithch/Repos/nus-cs2103/cs2103-website-base/book/uml/classDiagrams/composition/index.md
2026-04-13T10:19:14.297Z - [36mverbose[39m: Rendering page: /Users/damithch/Repos/nus-cs2103/cs2103-website-base/book/uml/classDiagrams/combine/index.md
2026-04-13T10:19:14.303Z - [36mverbose[39m: Rendering page: /Users/damithch/Repos/nus-cs2103/cs2103-website-base/book/uml/classDiagrams/combine/basic/index.md
2026-04-13T10:19:14.308Z - [36mverbose[39m: Rendering page: /Users/damithch/Repos/nus-cs2103/cs2103-website-base/book/uml/classDiagrams/classes/what/index.md
2026-04-13T10:19:14.382Z - [36mverbose[39m: Rendering page: /Users/damithch/Repos/nus-cs2103/cs2103-website-base/book/uml/classDiagrams/classes/index.md
2026-04-13T10:19:14.391Z - [36mverbose[39m: Rendering page: /Users/damithch/Repos/nus-cs2103/cs2103-website-base/book/uml/classDiagrams/classLevelMembers/what/index.md
2026-04-13T10:19:14.395Z - [36mverbose[39m: Rendering page: /Users/damithch/Repos/nus-cs2103/cs2103-website-base/book/uml/classDiagrams/classLevelMembers/index.md
2026-04-13T10:19:14.400Z - [36mverbose[39m: Rendering page: /Users/damithch/Repos/nus-cs2103/cs2103-website-base/book/uml/classDiagrams/classInheritance/what/index.md
2026-04-13T10:19:14.455Z - [36mverbose[39m: Rendering page: /Users/damithch/Repos/nus-cs2103/cs2103-website-base/book/uml/classDiagrams/classInheritance/index.md
2026-04-13T10:19:14.461Z - [36mverbose[39m: Rendering page: /Users/damithch/Repos/nus-cs2103/cs2103-website-base/book/uml/classDiagrams/associationsAsAttributes/what/index.md
2026-04-13T10:19:14.466Z - [36mverbose[39m: Rendering page: /Users/damithch/Repos/nus-cs2103/cs2103-website-base/book/uml/classDiagrams/associationsAsAttributes/index.md
2026-04-13T10:19:14.471Z - [36mverbose[39m: Rendering page: /Users/damithch/Repos/nus-cs2103/cs2103-website-base/book/uml/classDiagrams/associations/what/index.md
2026-04-13T10:19:14.538Z - [36mverbose[39m: Rendering page: /Users/damithch/Repos/nus-cs2103/cs2103-website-base/book/uml/classDiagrams/associations/navigability/index.md
2026-04-13T10:19:14.545Z - [36mverbose[39m: Rendering page: /Users/damithch/Repos/nus-cs2103/cs2103-website-base/book/uml/classDiagrams/associations/roles/index.md
2026-04-13T10:19:14.551Z - [36mverbose[39m: Rendering page: /Users/damithch/Repos/nus-cs2103/cs2103-website-base/book/uml/classDiagrams/associations/multiplicity/index.md
2026-04-13T10:19:14.560Z - [36mverbose[39m: Rendering page: /Users/damithch/Repos/nus-cs2103/cs2103-website-base/book/uml/classDiagrams/associations/labels/index.md
2026-04-13T10:19:14.651Z - [36mverbose[39m: Rendering page: /Users/damithch/Repos/nus-cs2103/cs2103-website-base/book/uml/classDiagrams/associationClasses/what/index.md
2026-04-13T10:19:14.656Z - [36mverbose[39m: Rendering page: /Users/damithch/Repos/nus-cs2103/cs2103-website-base/book/uml/classDiagrams/associations/index.md
2026-04-13T10:19:14.666Z - [36mverbose[39m: Rendering page: /Users/damithch/Repos/nus-cs2103/cs2103-website-base/book/uml/classDiagrams/aggregation/what/index.md
2026-04-13T10:19:14.671Z - [36mverbose[39m: Rendering page: /Users/damithch/Repos/nus-cs2103/cs2103-website-base/book/uml/classDiagrams/associationClasses/index.md
2026-04-13T10:19:14.726Z - [36mverbose[39m: Rendering page: /Users/damithch/Repos/nus-cs2103/cs2103-website-base/book/uml/classDiagrams/aggregation/index.md
2026-04-13T10:19:14.732Z - [36mverbose[39m: Rendering page: /Users/damithch/Repos/nus-cs2103/cs2103-website-base/book/uml/classDiagrams/abstractClasses/index.md
2026-04-13T10:19:14.736Z - [36mverbose[39m: Rendering page: /Users/damithch/Repos/nus-cs2103/cs2103-website-base/book/uml/classDiagrams/abstractClasses/what/index.md
2026-04-13T10:19:14.742Z - [36mverbose[39m: Rendering page: /Users/damithch/Repos/nus-cs2103/cs2103-website-base/book/uml/activityDiagrams/introduction/what/index.md
2026-04-13T10:19:14.818Z - [36mverbose[39m: Rendering page: /Users/damithch/Repos/nus-cs2103/cs2103-website-base/book/uml/activityDiagrams/introduction/index.md
2026-04-13T10:19:14.823Z - [36mverbose[39m: Rendering page: /Users/damithch/Repos/nus-cs2103/cs2103-website-base/book/uml/activityDiagrams/basicNotations/swimlanes/index.md
2026-04-13T10:19:14.828Z - [36mverbose[39m: Rendering page: /Users/damithch/Repos/nus-cs2103/cs2103-website-base/book/uml/activityDiagrams/index.md
2026-04-13T10:19:14.837Z - [36mverbose[39m: Rendering page: /Users/damithch/Repos/nus-cs2103/cs2103-website-base/book/uml/activityDiagrams/basicNotations/rakes/index.md
2026-04-13T10:19:14.913Z - [36mverbose[39m: Rendering page: /Users/damithch/Repos/nus-cs2103/cs2103-website-base/book/uml/activityDiagrams/basicNotations/parallelPaths/index.md
2026-04-13T10:19:14.920Z - [36mverbose[39m: Rendering page: /Users/damithch/Repos/nus-cs2103/cs2103-website-base/book/uml/activityDiagrams/basicNotations/linearPaths/index.md
2026-04-13T10:19:14.926Z - [36mverbose[39m: Rendering page: /Users/damithch/Repos/nus-cs2103/cs2103-website-base/book/uml/activityDiagrams/basicNotations/index.md
2026-04-13T10:19:14.934Z - [36mverbose[39m: Rendering page: /Users/damithch/Repos/nus-cs2103/cs2103-website-base/book/uml/activityDiagrams/basicNotations/alternatePaths/index.md
2026-04-13T10:19:15.042Z - [36mverbose[39m: Rendering page: /Users/damithch/Repos/nus-cs2103/cs2103-website-base/book/testing/testingTypes/unitTesting/index.md
2026-04-13T10:19:15.050Z - [36mverbose[39m: Rendering page: /Users/damithch/Repos/nus-cs2103/cs2103-website-base/book/testing/testingTypes/unitTesting/what/index.md
2026-04-13T10:19:15.055Z - [36mverbose[39m: Rendering page: /Users/damithch/Repos/nus-cs2103/cs2103-website-base/book/testing/testingTypes/unitTesting/stubs/index.md
2026-04-13T10:19:15.092Z - [36mverbose[39m: Rendering page: /Users/damithch/Repos/nus-cs2103/cs2103-website-base/book/testing/testingTypes/systemTesting/what/index.md
2026-04-13T10:19:15.121Z - [36mverbose[39m: Rendering page: /Users/damithch/Repos/nus-cs2103/cs2103-website-base/book/testing/testingTypes/systemTesting/index.md
2026-04-13T10:19:15.128Z - [36mverbose[39m: Rendering page: /Users/damithch/Repos/nus-cs2103/cs2103-website-base/book/testing/testingTypes/regressionTesting/index.md
2026-04-13T10:19:15.133Z - [36mverbose[39m: Rendering page: /Users/damithch/Repos/nus-cs2103/cs2103-website-base/book/testing/testingTypes/regressionTesting/what/index.md
2026-04-13T10:19:15.273Z - [36mverbose[39m: Rendering page: /Users/damithch/Repos/nus-cs2103/cs2103-website-base/book/testing/testingTypes/integrationTesting/what/index.md
2026-04-13T10:19:15.279Z - [36mverbose[39m: Rendering page: /Users/damithch/Repos/nus-cs2103/cs2103-website-base/book/testing/testingTypes/integrationTesting/index.md
2026-04-13T10:19:15.286Z - [36mverbose[39m: Rendering page: /Users/damithch/Repos/nus-cs2103/cs2103-website-base/book/testing/testingTypes/integrationTesting/how/index.md
2026-04-13T10:19:15.290Z - [36mverbose[39m: Rendering page: /Users/damithch/Repos/nus-cs2103/cs2103-website-base/book/testing/testingTypes/index.md
2026-04-13T10:19:15.371Z - [36mverbose[39m: Rendering page: /Users/damithch/Repos/nus-cs2103/cs2103-website-base/book/testing/testingTypes/exploratoryVsScriptedTesting/index.md
2026-04-13T10:19:15.379Z - [36mverbose[39m: Rendering page: /Users/damithch/Repos/nus-cs2103/cs2103-website-base/book/testing/testingTypes/exploratoryVsScriptedTesting/what/index.md
2026-04-13T10:19:15.384Z - [36mverbose[39m: Rendering page: /Users/damithch/Repos/nus-cs2103/cs2103-website-base/book/testing/testingTypes/exploratoryVsScriptedTesting/when/index.md
2026-04-13T10:19:15.426Z - [36mverbose[39m: Rendering page: /Users/damithch/Repos/nus-cs2103/cs2103-website-base/book/testing/testingTypes/dogfooding/what/index.md
2026-04-13T10:19:15.433Z - [36mverbose[39m: Rendering page: /Users/damithch/Repos/nus-cs2103/cs2103-website-base/book/testing/testingTypes/dogfooding/index.md
2026-04-13T10:19:15.438Z - [36mverbose[39m: Rendering page: /Users/damithch/Repos/nus-cs2103/cs2103-website-base/book/testing/testingTypes/developerTesting/what/index.md
2026-04-13T10:19:15.442Z - [36mverbose[39m: Rendering page: /Users/damithch/Repos/nus-cs2103/cs2103-website-base/book/testing/testingTypes/developerTesting/why/index.md
2026-04-13T10:19:15.499Z - [36mverbose[39m: Rendering page: /Users/damithch/Repos/nus-cs2103/cs2103-website-base/book/testing/testingTypes/developerTesting/index.md
2026-04-13T10:19:15.525Z - [36mverbose[39m: Rendering page: /Users/damithch/Repos/nus-cs2103/cs2103-website-base/book/testing/testingTypes/alphaBetaTesting/what/index.md
2026-04-13T10:19:15.529Z - [36mverbose[39m: Rendering page: /Users/damithch/Repos/nus-cs2103/cs2103-website-base/book/testing/testingTypes/alphaBetaTesting/index.md
2026-04-13T10:19:15.534Z - [36mverbose[39m: Rendering page: /Users/damithch/Repos/nus-cs2103/cs2103-website-base/book/testing/testingTypes/acceptanceTesting/what/index.md
2026-04-13T10:19:15.573Z - [36mverbose[39m: Rendering page: /Users/damithch/Repos/nus-cs2103/cs2103-website-base/book/testing/testingTypes/acceptanceTesting/index.md
2026-04-13T10:19:15.604Z - [36mverbose[39m: Rendering page: /Users/damithch/Repos/nus-cs2103/cs2103-website-base/book/testing/testingTypes/acceptanceTesting/acceptanceVsSystemTesting/index.md
2026-04-13T10:19:15.609Z - [36mverbose[39m: Rendering page: /Users/damithch/Repos/nus-cs2103/cs2103-website-base/book/testing/testCoverage/what/index.md
2026-04-13T10:19:15.626Z - [36mverbose[39m: Rendering page: /Users/damithch/Repos/nus-cs2103/cs2103-website-base/book/testing/testCoverage/index.md
2026-04-13T10:19:15.659Z - [36mverbose[39m: Rendering page: /Users/damithch/Repos/nus-cs2103/cs2103-website-base/book/testing/testCoverage/how/index.md
2026-04-13T10:19:15.677Z - [36mverbose[39m: Rendering page: /Users/damithch/Repos/nus-cs2103/cs2103-website-base/book/testing/testAutomation/what/index.md
2026-04-13T10:19:15.705Z - [36mverbose[39m: Rendering page: /Users/damithch/Repos/nus-cs2103/cs2103-website-base/book/testing/testAutomation/usingTestDrivers/index.md
2026-04-13T10:19:15.711Z - [36mverbose[39m: Rendering page: /Users/damithch/Repos/nus-cs2103/cs2103-website-base/book/testing/testAutomation/tools/index.md
2026-04-13T10:19:15.793Z - [36mverbose[39m: Rendering page: /Users/damithch/Repos/nus-cs2103/cs2103-website-base/book/testing/testAutomation/testingTextUis/index.md
2026-04-13T10:19:15.813Z - [36mverbose[39m: Rendering page: /Users/damithch/Repos/nus-cs2103/cs2103-website-base/book/testing/testAutomation/testingGuis/index.md
2026-04-13T10:19:15.836Z - [36mverbose[39m: Rendering page: /Users/damithch/Repos/nus-cs2103/cs2103-website-base/book/testing/testAutomation/index.md
2026-04-13T10:19:15.846Z - [36mverbose[39m: Rendering page: /Users/damithch/Repos/nus-cs2103/cs2103-website-base/book/testing/tdd/what/index.md
2026-04-13T10:19:15.863Z - [36mverbose[39m: Rendering page: /Users/damithch/Repos/nus-cs2103/cs2103-website-base/book/testing/tdd/index.md
2026-04-13T10:19:15.895Z - [36mverbose[39m: Rendering page: /Users/damithch/Repos/nus-cs2103/cs2103-website-base/book/testing/tdd/how/index.md
2026-04-13T10:19:15.920Z - [36mverbose[39m: Rendering page: /Users/damithch/Repos/nus-cs2103/cs2103-website-base/book/testing/introduction/what/index.md
2026-04-13T10:19:15.926Z - [36mverbose[39m: Rendering page: /Users/damithch/Repos/nus-cs2103/cs2103-website-base/book/testing/introduction/testability/index.md
2026-04-13T10:19:16.184Z - [36mverbose[39m: Rendering page: /Users/damithch/Repos/nus-cs2103/cs2103-website-base/book/testing/introduction/index.md
2026-04-13T10:19:16.316Z - [36mverbose[39m: Rendering page: /Users/damithch/Repos/nus-cs2103/cs2103-website-base/book/testing/index.md
2026-04-13T10:19:16.347Z - [36mverbose[39m: Rendering page: /Users/damithch/Repos/nus-cs2103/cs2103-website-base/book/testing/dependencyInjection/what/index.md
2026-04-13T10:19:16.356Z - [36mverbose[39m: Rendering page: /Users/damithch/Repos/nus-cs2103/cs2103-website-base/book/testing/dependencyInjection/index.md
2026-04-13T10:19:16.411Z - [36mverbose[39m: Rendering page: /Users/damithch/Repos/nus-cs2103/cs2103-website-base/book/testing/dependencyInjection/how/index.md
2026-04-13T10:19:16.470Z - [36mverbose[39m: Rendering page: /Users/damithch/Repos/nus-cs2103/cs2103-website-base/book/testCaseDesign/summary/index.md
2026-04-13T10:19:16.477Z - [36mverbose[39m: Rendering page: /Users/damithch/Repos/nus-cs2103/cs2103-website-base/book/testCaseDesign/summary/recap/index.md
2026-04-13T10:19:16.482Z - [36mverbose[39m: Rendering page: /Users/damithch/Repos/nus-cs2103/cs2103-website-base/book/testCaseDesign/summary/exercises/index.md
2026-04-13T10:19:16.541Z - [36mverbose[39m: Rendering page: /Users/damithch/Repos/nus-cs2103/cs2103-website-base/book/testCaseDesign/more/testingUseCases/index.md
2026-04-13T10:19:16.547Z - [36mverbose[39m: Rendering page: /Users/damithch/Repos/nus-cs2103/cs2103-website-base/book/testCaseDesign/more/index.md
2026-04-13T10:19:16.581Z - [36mverbose[39m: Rendering page: /Users/damithch/Repos/nus-cs2103/cs2103-website-base/book/testCaseDesign/introduction/what/index.md
2026-04-13T10:19:16.587Z - [36mverbose[39m: Rendering page: /Users/damithch/Repos/nus-cs2103/cs2103-website-base/book/testCaseDesign/introduction/positiveVsNegative/index.md
2026-04-13T10:19:16.604Z - [36mverbose[39m: Rendering page: /Users/damithch/Repos/nus-cs2103/cs2103-website-base/book/testCaseDesign/introduction/index.md
2026-04-13T10:19:16.792Z - [36mverbose[39m: Rendering page: /Users/damithch/Repos/nus-cs2103/cs2103-website-base/book/testCaseDesign/introduction/blackVsGlass/index.md
2026-04-13T10:19:16.811Z - [36mverbose[39m: Rendering page: /Users/damithch/Repos/nus-cs2103/cs2103-website-base/book/testCaseDesign/index.md
2026-04-13T10:19:16.834Z - [36mverbose[39m: Rendering page: /Users/damithch/Repos/nus-cs2103/cs2103-website-base/book/testCaseDesign/equivalencePartitions/what/index.md
2026-04-13T10:19:16.870Z - [36mverbose[39m: Rendering page: /Users/damithch/Repos/nus-cs2103/cs2103-website-base/book/testCaseDesign/equivalencePartitions/intermediate/index.md
2026-04-13T10:19:16.904Z - [36mverbose[39m: Rendering page: /Users/damithch/Repos/nus-cs2103/cs2103-website-base/book/testCaseDesign/equivalencePartitions/index.md
2026-04-13T10:19:16.939Z - [36mverbose[39m: Rendering page: /Users/damithch/Repos/nus-cs2103/cs2103-website-base/book/testCaseDesign/equivalencePartitions/basic/index.md
2026-04-13T10:19:16.945Z - [36mverbose[39m: Rendering page: /Users/damithch/Repos/nus-cs2103/cs2103-website-base/book/testCaseDesign/combiningTestInputs/why/index.md
2026-04-13T10:19:17.009Z - [36mverbose[39m: Rendering page: /Users/damithch/Repos/nus-cs2103/cs2103-website-base/book/testCaseDesign/combiningTestInputs/mix/index.md
2026-04-13T10:19:17.047Z - [36mverbose[39m: Rendering page: /Users/damithch/Repos/nus-cs2103/cs2103-website-base/book/testCaseDesign/combiningTestInputs/index.md
2026-04-13T10:19:17.097Z - [36mverbose[39m: Rendering page: /Users/damithch/Repos/nus-cs2103/cs2103-website-base/book/testCaseDesign/combiningTestInputs/heuristicInvalid/index.md
2026-04-13T10:19:17.103Z - [36mverbose[39m: Rendering page: /Users/damithch/Repos/nus-cs2103/cs2103-website-base/book/testCaseDesign/combiningTestInputs/heuristicValid/index.md
2026-04-13T10:19:17.110Z - [36mverbose[39m: Rendering page: /Users/damithch/Repos/nus-cs2103/cs2103-website-base/book/testCaseDesign/combiningTestInputs/combinationStrategies/index.md
2026-04-13T10:19:17.116Z - [36mverbose[39m: Rendering page: /Users/damithch/Repos/nus-cs2103/cs2103-website-base/book/testCaseDesign/boundaryValueAnalysis/what/index.md
2026-04-13T10:19:17.166Z - [36mverbose[39m: Rendering page: /Users/damithch/Repos/nus-cs2103/cs2103-website-base/book/testCaseDesign/boundaryValueAnalysis/index.md
2026-04-13T10:19:17.187Z - [36mverbose[39m: Rendering page: /Users/damithch/Repos/nus-cs2103/cs2103-website-base/book/testCaseDesign/boundaryValueAnalysis/how/index.md
2026-04-13T10:19:17.194Z - [36mverbose[39m: Rendering page: /Users/damithch/Repos/nus-cs2103/cs2103-website-base/book/teamwork/teamStructures/index.md
2026-04-13T10:19:17.199Z - [36mverbose[39m: Rendering page: /Users/damithch/Repos/nus-cs2103/cs2103-website-base/book/teamwork/index.md
2026-04-13T10:19:17.347Z - [36mverbose[39m: Rendering page: /Users/damithch/Repos/nus-cs2103/cs2103-website-base/book/specifyingRequirements/userStories/usage/index.md
2026-04-13T10:19:17.355Z - [36mverbose[39m: Rendering page: /Users/damithch/Repos/nus-cs2103/cs2103-website-base/book/specifyingRequirements/userStories/introduction/index.md
2026-04-13T10:19:17.362Z - [36mverbose[39m: Rendering page: /Users/damithch/Repos/nus-cs2103/cs2103-website-base/book/specifyingRequirements/userStories/index.md
2026-04-13T10:19:17.410Z - [36mverbose[39m: Rendering page: /Users/damithch/Repos/nus-cs2103/cs2103-website-base/book/specifyingRequirements/userStories/details/index.md
2026-04-13T10:19:17.477Z - [36mverbose[39m: Rendering page: /Users/damithch/Repos/nus-cs2103/cs2103-website-base/book/specifyingRequirements/useCases/usage/index.md
2026-04-13T10:19:17.502Z - [36mverbose[39m: Rendering page: /Users/damithch/Repos/nus-cs2103/cs2103-website-base/book/specifyingRequirements/useCases/introduction/index.md
2026-04-13T10:19:17.509Z - [36mverbose[39m: Rendering page: /Users/damithch/Repos/nus-cs2103/cs2103-website-base/book/specifyingRequirements/useCases/index.md
2026-04-13T10:19:17.549Z - [36mverbose[39m: Rendering page: /Users/damithch/Repos/nus-cs2103/cs2103-website-base/book/specifyingRequirements/useCases/identifying/index.md
2026-04-13T10:19:17.586Z - [36mverbose[39m: Rendering page: /Users/damithch/Repos/nus-cs2103/cs2103-website-base/book/specifyingRequirements/useCases/details/index.md
2026-04-13T10:19:17.606Z - [36mverbose[39m: Rendering page: /Users/damithch/Repos/nus-cs2103/cs2103-website-base/book/specifyingRequirements/supplementaryRequirements/index.md
2026-04-13T10:19:17.622Z - [36mverbose[39m: Rendering page: /Users/damithch/Repos/nus-cs2103/cs2103-website-base/book/specifyingRequirements/supplementaryRequirements/what/index.md
2026-04-13T10:19:17.782Z - [36mverbose[39m: Rendering page: /Users/damithch/Repos/nus-cs2103/cs2103-website-base/book/specifyingRequirements/prose/index.md
2026-04-13T10:19:17.787Z - [36mverbose[39m: Rendering page: /Users/damithch/Repos/nus-cs2103/cs2103-website-base/book/specifyingRequirements/prose/what/index.md
2026-04-13T10:19:17.793Z - [36mverbose[39m: Rendering page: /Users/damithch/Repos/nus-cs2103/cs2103-website-base/book/specifyingRequirements/index.md
2026-04-13T10:19:17.827Z - [36mverbose[39m: Rendering page: /Users/damithch/Repos/nus-cs2103/cs2103-website-base/book/specifyingRequirements/glossary/what/index.md
2026-04-13T10:19:17.845Z - [36mverbose[39m: Rendering page: /Users/damithch/Repos/nus-cs2103/cs2103-website-base/book/specifyingRequirements/glossary/index.md
2026-04-13T10:19:17.888Z - [36mverbose[39m: Rendering page: /Users/damithch/Repos/nus-cs2103/cs2103-website-base/book/specifyingRequirements/featureList/what/index.md
2026-04-13T10:19:17.893Z - [36mverbose[39m: Rendering page: /Users/damithch/Repos/nus-cs2103/cs2103-website-base/book/specifyingRequirements/featureList/index.md
2026-04-13T10:19:17.965Z - [36mverbose[39m: Rendering page: /Users/damithch/Repos/nus-cs2103/cs2103-website-base/book/softwareEngineering/introduction/prosAndCons/index.md
2026-04-13T10:19:17.971Z - [36mverbose[39m: Rendering page: /Users/damithch/Repos/nus-cs2103/cs2103-website-base/book/softwareEngineering/introduction/index.md
2026-04-13T10:19:17.978Z - [36mverbose[39m: Rendering page: /Users/damithch/Repos/nus-cs2103/cs2103-website-base/book/softwareEngineering/index.md
2026-04-13T10:19:18.024Z - [36mverbose[39m: Rendering page: /Users/damithch/Repos/nus-cs2103/cs2103-website-base/book/reuse/platforms/what/index.md
2026-04-13T10:19:18.030Z - [36mverbose[39m: Rendering page: /Users/damithch/Repos/nus-cs2103/cs2103-website-base/book/reuse/platforms/index.md
2026-04-13T10:19:18.037Z - [36mverbose[39m: Rendering page: /Users/damithch/Repos/nus-cs2103/cs2103-website-base/book/reuse/libraries/index.md
2026-04-13T10:19:18.042Z - [36mverbose[39m: Rendering page: /Users/damithch/Repos/nus-cs2103/cs2103-website-base/book/reuse/libraries/what/index.md
2026-04-13T10:19:18.094Z - [36mverbose[39m: Rendering page: /Users/damithch/Repos/nus-cs2103/cs2103-website-base/book/reuse/libraries/how/index.md
2026-04-13T10:19:18.099Z - [36mverbose[39m: Rendering page: /Users/damithch/Repos/nus-cs2103/cs2103-website-base/book/reuse/introduction/when/index.md
2026-04-13T10:19:18.106Z - [36mverbose[39m: Rendering page: /Users/damithch/Repos/nus-cs2103/cs2103-website-base/book/reuse/introduction/what/index.md
2026-04-13T10:19:18.110Z - [36mverbose[39m: Rendering page: /Users/damithch/Repos/nus-cs2103/cs2103-website-base/book/reuse/introduction/index.md
2026-04-13T10:19:18.223Z - [36mverbose[39m: Rendering page: /Users/damithch/Repos/nus-cs2103/cs2103-website-base/book/reuse/index.md
2026-04-13T10:19:18.235Z - [36mverbose[39m: Rendering page: /Users/damithch/Repos/nus-cs2103/cs2103-website-base/book/reuse/frameworks/index.md
2026-04-13T10:19:18.242Z - [36mverbose[39m: Rendering page: /Users/damithch/Repos/nus-cs2103/cs2103-website-base/book/reuse/frameworks/what/index.md
2026-04-13T10:19:18.247Z - [36mverbose[39m: Rendering page: /Users/damithch/Repos/nus-cs2103/cs2103-website-base/book/reuse/frameworks/frameworksVsLibraries/index.md
2026-04-13T10:19:18.306Z - [36mverbose[39m: Rendering page: /Users/damithch/Repos/nus-cs2103/cs2103-website-base/book/reuse/cloudComputing/what/index.md
2026-04-13T10:19:18.310Z - [36mverbose[39m: Rendering page: /Users/damithch/Repos/nus-cs2103/cs2103-website-base/book/reuse/cloudComputing/index.md
2026-04-13T10:19:18.315Z - [36mverbose[39m: Rendering page: /Users/damithch/Repos/nus-cs2103/cs2103-website-base/book/reuse/cloudComputing/services/index.md
2026-04-13T10:19:18.322Z - [36mverbose[39m: Rendering page: /Users/damithch/Repos/nus-cs2103/cs2103-website-base/book/reuse/apis/what/index.md
2026-04-13T10:19:18.383Z - [36mverbose[39m: Rendering page: /Users/damithch/Repos/nus-cs2103/cs2103-website-base/book/reuse/apis/index.md
2026-04-13T10:19:18.388Z - [36mverbose[39m: Rendering page: /Users/damithch/Repos/nus-cs2103/cs2103-website-base/book/reuse/apis/designingAPIs/index.md
2026-04-13T10:19:18.393Z - [36mverbose[39m: Rendering page: /Users/damithch/Repos/nus-cs2103/cs2103-website-base/book/requirements/quality/index.md
2026-04-13T10:19:18.400Z - [36mverbose[39m: Rendering page: /Users/damithch/Repos/nus-cs2103/cs2103-website-base/book/requirements/prioritizing/index.md
2026-04-13T10:19:18.487Z - [36mverbose[39m: Rendering page: /Users/damithch/Repos/nus-cs2103/cs2103-website-base/book/requirements/nonFunctionalRequirements/index.md
2026-04-13T10:19:18.495Z - [36mverbose[39m: Rendering page: /Users/damithch/Repos/nus-cs2103/cs2103-website-base/book/requirements/introduction/index.md
2026-04-13T10:19:18.500Z - [36mverbose[39m: Rendering page: /Users/damithch/Repos/nus-cs2103/cs2103-website-base/book/requirements/index.md
2026-04-13T10:19:18.538Z - [36mverbose[39m: Rendering page: /Users/damithch/Repos/nus-cs2103/cs2103-website-base/book/refactoring/when/index.md
2026-04-13T10:19:18.612Z - [36mverbose[39m: Rendering page: /Users/damithch/Repos/nus-cs2103/cs2103-website-base/book/refactoring/what/index.md
2026-04-13T10:19:18.620Z - [36mverbose[39m: Rendering page: /Users/damithch/Repos/nus-cs2103/cs2103-website-base/book/refactoring/index.md
2026-04-13T10:19:18.630Z - [36mverbose[39m: Rendering page: /Users/damithch/Repos/nus-cs2103/cs2103-website-base/book/refactoring/how/index.md
2026-04-13T10:19:18.673Z - [36mverbose[39m: Rendering page: /Users/damithch/Repos/nus-cs2103/cs2103-website-base/book/qualityAssurance/staticAnalysis/what/index.md
2026-04-13T10:19:18.678Z - [36mverbose[39m: Rendering page: /Users/damithch/Repos/nus-cs2103/cs2103-website-base/book/qualityAssurance/staticAnalysis/index.md
2026-04-13T10:19:18.684Z - [36mverbose[39m: Rendering page: /Users/damithch/Repos/nus-cs2103/cs2103-website-base/book/qualityAssurance/introduction/what/index.md
2026-04-13T10:19:18.743Z - [36mverbose[39m: Rendering page: /Users/damithch/Repos/nus-cs2103/cs2103-website-base/book/qualityAssurance/introduction/validationVsVerification/index.md
2026-04-13T10:19:18.776Z - [36mverbose[39m: Rendering page: /Users/damithch/Repos/nus-cs2103/cs2103-website-base/book/qualityAssurance/introduction/index.md
2026-04-13T10:19:18.781Z - [36mverbose[39m: Rendering page: /Users/damithch/Repos/nus-cs2103/cs2103-website-base/book/qualityAssurance/index.md
2026-04-13T10:19:18.821Z - [36mverbose[39m: Rendering page: /Users/damithch/Repos/nus-cs2103/cs2103-website-base/book/qualityAssurance/formalVerification/index.md
2026-04-13T10:19:18.826Z - [36mverbose[39m: Rendering page: /Users/damithch/Repos/nus-cs2103/cs2103-website-base/book/qualityAssurance/formalVerification/what/index.md
2026-04-13T10:19:18.831Z - [36mverbose[39m: Rendering page: /Users/damithch/Repos/nus-cs2103/cs2103-website-base/book/qualityAssurance/codeReviews/index.md
2026-04-13T10:19:18.866Z - [36mverbose[39m: Rendering page: /Users/damithch/Repos/nus-cs2103/cs2103-website-base/book/qualityAssurance/codeReviews/what/index.md
2026-04-13T10:19:18.883Z - [36mverbose[39m: Rendering page: /Users/damithch/Repos/nus-cs2103/cs2103-website-base/book/projectPlanning/workBreakdownStructure/index.md
2026-04-13T10:19:18.900Z - [36mverbose[39m: Rendering page: /Users/damithch/Repos/nus-cs2103/cs2103-website-base/book/projectPlanning/pertCharts/index.md
2026-04-13T10:19:18.907Z - [36mverbose[39m: Rendering page: /Users/damithch/Repos/nus-cs2103/cs2103-website-base/book/projectPlanning/milestones/index.md
2026-04-13T10:19:18.913Z - [36mverbose[39m: Rendering page: /Users/damithch/Repos/nus-cs2103/cs2103-website-base/book/projectPlanning/issueTrackers/index.md
2026-04-13T10:19:19.131Z - [36mverbose[39m: Rendering page: /Users/damithch/Repos/nus-cs2103/cs2103-website-base/book/projectPlanning/index.md
2026-04-13T10:19:19.139Z - [36mverbose[39m: Rendering page: /Users/damithch/Repos/nus-cs2103/cs2103-website-base/book/projectPlanning/ganttCharts/index.md
2026-04-13T10:19:19.145Z - [36mverbose[39m: Rendering page: /Users/damithch/Repos/nus-cs2103/cs2103-website-base/book/projectPlanning/buffers/index.md
2026-04-13T10:19:19.196Z - [36mverbose[39m: Rendering page: /Users/damithch/Repos/nus-cs2103/cs2103-website-base/book/projectDuke/index.md
2026-04-13T10:19:19.237Z - [36mverbose[39m: Rendering page: /Users/damithch/Repos/nus-cs2103/cs2103-website-base/book/processModels/summary/index.md
2026-04-13T10:19:19.245Z - [36mverbose[39m: Rendering page: /Users/damithch/Repos/nus-cs2103/cs2103-website-base/book/processModels/more/index.md
2026-04-13T10:19:19.250Z - [36mverbose[39m: Rendering page: /Users/damithch/Repos/nus-cs2103/cs2103-website-base/book/processModels/summary/recap/index.md
2026-04-13T10:19:19.266Z - [36mverbose[39m: Rendering page: /Users/damithch/Repos/nus-cs2103/cs2103-website-base/book/processModels/more/cmmi/index.md
2026-04-13T10:19:19.319Z - [36mverbose[39m: Rendering page: /Users/damithch/Repos/nus-cs2103/cs2103-website-base/book/processModels/introduction/what/index.md
2026-04-13T10:19:19.327Z - [36mverbose[39m: Rendering page: /Users/damithch/Repos/nus-cs2103/cs2103-website-base/book/processModels/introduction/sequentialModels/index.md
2026-04-13T10:19:19.332Z - [36mverbose[39m: Rendering page: /Users/damithch/Repos/nus-cs2103/cs2103-website-base/book/processModels/introduction/iterativeModels/index.md
2026-04-13T10:19:19.337Z - [36mverbose[39m: Rendering page: /Users/damithch/Repos/nus-cs2103/cs2103-website-base/book/processModels/introduction/index.md
2026-04-13T10:19:19.447Z - [36mverbose[39m: Rendering page: /Users/damithch/Repos/nus-cs2103/cs2103-website-base/book/processModels/introduction/agileModels/index.md
2026-04-13T10:19:19.452Z - [36mverbose[39m: Rendering page: /Users/damithch/Repos/nus-cs2103/cs2103-website-base/book/processModels/index.md
2026-04-13T10:19:19.464Z - [36mverbose[39m: Rendering page: /Users/damithch/Repos/nus-cs2103/cs2103-website-base/book/processModels/exampleProcessModels/xp/index.md
2026-04-13T10:19:19.469Z - [36mverbose[39m: Rendering page: /Users/damithch/Repos/nus-cs2103/cs2103-website-base/book/processModels/exampleProcessModels/unifiedProcess/index.md
2026-04-13T10:19:19.595Z - [36mverbose[39m: Rendering page: /Users/damithch/Repos/nus-cs2103/cs2103-website-base/book/processModels/exampleProcessModels/scrum/index.md
2026-04-13T10:19:19.601Z - [36mverbose[39m: Rendering page: /Users/damithch/Repos/nus-cs2103/cs2103-website-base/book/processModels/exampleProcessModels/index.md
2026-04-13T10:19:19.608Z - [36mverbose[39m: Rendering page: /Users/damithch/Repos/nus-cs2103/cs2103-website-base/book/principles/yagniPrinciple/index.md
2026-04-13T10:19:19.656Z - [36mverbose[39m: Rendering page: /Users/damithch/Repos/nus-cs2103/cs2103-website-base/book/principles/solidPrinciples/index.md
2026-04-13T10:19:19.732Z - [36mverbose[39m: Rendering page: /Users/damithch/Repos/nus-cs2103/cs2103-website-base/book/principles/separationOfConcernsPrinciple/index.md
2026-04-13T10:19:19.739Z - [36mverbose[39m: Rendering page: /Users/damithch/Repos/nus-cs2103/cs2103-website-base/book/principles/singleResponsibilityPrinciple/index.md
2026-04-13T10:19:19.762Z - [36mverbose[39m: Rendering page: /Users/damithch/Repos/nus-cs2103/cs2103-website-base/book/principles/openClosedPrinciple/index.md
2026-04-13T10:19:19.816Z - [36mverbose[39m: Rendering page: /Users/damithch/Repos/nus-cs2103/cs2103-website-base/book/principles/review/index.md
2026-04-13T10:19:19.839Z - [36mverbose[39m: Rendering page: /Users/damithch/Repos/nus-cs2103/cs2103-website-base/book/principles/liskovSubstitutionPrinciple/index.md
2026-04-13T10:19:20.014Z - [36mverbose[39m: Rendering page: /Users/damithch/Repos/nus-cs2103/cs2103-website-base/book/principles/lawOfDemeter/index.md
2026-04-13T10:19:20.021Z - [36mverbose[39m: Rendering page: /Users/damithch/Repos/nus-cs2103/cs2103-website-base/book/principles/interfaceSegregationPrinciple/index.md
2026-04-13T10:19:20.070Z - [36mverbose[39m: Rendering page: /Users/damithch/Repos/nus-cs2103/cs2103-website-base/book/principles/index.md
2026-04-13T10:19:20.088Z - [36mverbose[39m: Rendering page: /Users/damithch/Repos/nus-cs2103/cs2103-website-base/book/principles/dryPrinciple/index.md
2026-04-13T10:19:20.093Z - [36mverbose[39m: Rendering page: /Users/damithch/Repos/nus-cs2103/cs2103-website-base/book/principles/dependencyInversionPrinciple/index.md
2026-04-13T10:19:20.114Z - [36mverbose[39m: Rendering page: /Users/damithch/Repos/nus-cs2103/cs2103-website-base/book/principles/brooksLaw/index.md
2026-04-13T10:19:20.177Z - [36mverbose[39m: Rendering page: /Users/damithch/Repos/nus-cs2103/cs2103-website-base/book/oop/polymorphism/index.md
2026-04-13T10:19:20.183Z - [36mverbose[39m: Rendering page: /Users/damithch/Repos/nus-cs2103/cs2103-website-base/book/oop/polymorphism/what/index.md
2026-04-13T10:19:20.225Z - [36mverbose[39m: Rendering page: /Users/damithch/Repos/nus-cs2103/cs2103-website-base/book/oop/polymorphism/how/index.md
2026-04-13T10:19:20.245Z - [36mverbose[39m: Rendering page: /Users/damithch/Repos/nus-cs2103/cs2103-website-base/book/oop/objects/what/index.md
2026-04-13T10:19:20.266Z - [36mverbose[39m: Rendering page: /Users/damithch/Repos/nus-cs2103/cs2103-website-base/book/oop/objects/index.md
2026-04-13T10:19:20.292Z - [36mverbose[39m: Rendering page: /Users/damithch/Repos/nus-cs2103/cs2103-website-base/book/oop/objects/encapsulation/index.md
2026-04-13T10:19:20.308Z - [36mverbose[39m: Rendering page: /Users/damithch/Repos/nus-cs2103/cs2103-website-base/book/oop/objects/abstraction/index.md
2026-04-13T10:19:20.332Z - [36mverbose[39m: Rendering page: /Users/damithch/Repos/nus-cs2103/cs2103-website-base/book/oop/more/review/index.md
2026-04-13T10:19:20.337Z - [36mverbose[39m: Rendering page: /Users/damithch/Repos/nus-cs2103/cs2103-website-base/book/oop/more/miscellaneous/index.md
2026-04-13T10:19:20.376Z - [36mverbose[39m: Rendering page: /Users/damithch/Repos/nus-cs2103/cs2103-website-base/book/oop/more/index.md
2026-04-13T10:19:20.413Z - [36mverbose[39m: Rendering page: /Users/damithch/Repos/nus-cs2103/cs2103-website-base/book/oop/introduction/index.md
2026-04-13T10:19:20.419Z - [36mverbose[39m: Rendering page: /Users/damithch/Repos/nus-cs2103/cs2103-website-base/book/oop/introduction/what/index.md
2026-04-13T10:19:20.424Z - [36mverbose[39m: Rendering page: /Users/damithch/Repos/nus-cs2103/cs2103-website-base/book/oop/inheritance/what/index.md
2026-04-13T10:19:20.431Z - [36mverbose[39m: Rendering page: /Users/damithch/Repos/nus-cs2103/cs2103-website-base/book/oop/inheritance/substitutability/index.md
2026-04-13T10:19:20.483Z - [36mverbose[39m: Rendering page: /Users/damithch/Repos/nus-cs2103/cs2103-website-base/book/oop/inheritance/overriding/index.md
2026-04-13T10:19:20.564Z - [36mverbose[39m: Rendering page: /Users/damithch/Repos/nus-cs2103/cs2103-website-base/book/oop/inheritance/overloading/index.md
2026-04-13T10:19:20.569Z - [36mverbose[39m: Rendering page: /Users/damithch/Repos/nus-cs2103/cs2103-website-base/book/oop/inheritance/interfaces/index.md
2026-04-13T10:19:20.648Z - [36mverbose[39m: Rendering page: /Users/damithch/Repos/nus-cs2103/cs2103-website-base/book/oop/inheritance/index.md
2026-04-13T10:19:21.230Z - [36mverbose[39m: Rendering page: /Users/damithch/Repos/nus-cs2103/cs2103-website-base/book/oop/inheritance/dynamicAndStaticBinding/index.md
2026-04-13T10:19:21.270Z - [36mverbose[39m: Rendering page: /Users/damithch/Repos/nus-cs2103/cs2103-website-base/book/oop/inheritance/abstractClasses/index.md
2026-04-13T10:19:21.280Z - [36mverbose[39m: Rendering page: /Users/damithch/Repos/nus-cs2103/cs2103-website-base/book/oop/index.md
2026-04-13T10:19:21.369Z - [36mverbose[39m: Rendering page: /Users/damithch/Repos/nus-cs2103/cs2103-website-base/book/oop/classes/what/index.md
2026-04-13T10:19:21.405Z - [36mverbose[39m: Rendering page: /Users/damithch/Repos/nus-cs2103/cs2103-website-base/book/oop/classes/index.md
2026-04-13T10:19:21.427Z - [36mverbose[39m: Rendering page: /Users/damithch/Repos/nus-cs2103/cs2103-website-base/book/oop/classes/enumerations/index.md
2026-04-13T10:19:21.454Z - [36mverbose[39m: Rendering page: /Users/damithch/Repos/nus-cs2103/cs2103-website-base/book/oop/classes/classLevelMembers/index.md
2026-04-13T10:19:21.460Z - [36mverbose[39m: Rendering page: /Users/damithch/Repos/nus-cs2103/cs2103-website-base/book/oop/associations/what/index.md
2026-04-13T10:19:21.486Z - [36mverbose[39m: Rendering page: /Users/damithch/Repos/nus-cs2103/cs2103-website-base/book/oop/associations/navigability/index.md
2026-04-13T10:19:21.577Z - [36mverbose[39m: Rendering page: /Users/damithch/Repos/nus-cs2103/cs2103-website-base/book/oop/associations/multiplicity/index.md
2026-04-13T10:19:21.601Z - [36mverbose[39m: Rendering page: /Users/damithch/Repos/nus-cs2103/cs2103-website-base/book/oop/associations/index.md
2026-04-13T10:19:21.629Z - [36mverbose[39m: Rendering page: /Users/damithch/Repos/nus-cs2103/cs2103-website-base/book/oop/associations/dependencies/index.md
2026-04-13T10:19:21.638Z - [36mverbose[39m: Rendering page: /Users/damithch/Repos/nus-cs2103/cs2103-website-base/book/oop/associations/composition/index.md
2026-04-13T10:19:21.668Z - [36mverbose[39m: Rendering page: /Users/damithch/Repos/nus-cs2103/cs2103-website-base/book/oop/associations/associationClasses/index.md
2026-04-13T10:19:21.702Z - [36mverbose[39m: Rendering page: /Users/damithch/Repos/nus-cs2103/cs2103-website-base/book/modeling/modelingStructures/packageDiagrams/index.md
2026-04-13T10:19:21.708Z - [36mverbose[39m: Rendering page: /Users/damithch/Repos/nus-cs2103/cs2103-website-base/book/oop/associations/aggregation/index.md
2026-04-13T10:19:21.714Z - [36mverbose[39m: Rendering page: /Users/damithch/Repos/nus-cs2103/cs2103-website-base/book/modeling/modelingStructures/ooStructures/index.md
2026-04-13T10:19:23.072Z - [34mdebug[39m: 
2026-04-13T10:19:23.115Z - [36mverbose[39m: Rendering page: /Users/damithch/Repos/nus-cs2103/cs2103-website-base/book/modeling/modelingStructures/objectOrientedDomainModels/index.md
2026-04-13T10:19:23.157Z - [36mverbose[39m: Rendering page: /Users/damithch/Repos/nus-cs2103/cs2103-website-base/book/modeling/modelingStructures/index.md
2026-04-13T10:19:23.187Z - [36mverbose[39m: Rendering page: /Users/damithch/Repos/nus-cs2103/cs2103-website-base/book/modeling/modelingStructures/objectDiagrams/index.md
2026-04-13T10:19:23.194Z - [36mverbose[39m: Rendering page: /Users/damithch/Repos/nus-cs2103/cs2103-website-base/book/modeling/modelingStructures/deploymentDiagrams/index.md
2026-04-13T10:19:23.292Z - [36mverbose[39m: Rendering page: /Users/damithch/Repos/nus-cs2103/cs2103-website-base/book/modeling/modelingStructures/customisingUml/index.md
2026-04-13T10:19:23.299Z - [36mverbose[39m: Rendering page: /Users/damithch/Repos/nus-cs2103/cs2103-website-base/book/modeling/modelingStructures/componentDiagrams/index.md
2026-04-13T10:19:23.353Z - [36mverbose[39m: Rendering page: /Users/damithch/Repos/nus-cs2103/cs2103-website-base/book/modeling/modelingStructures/compositeStructureDiagrams/index.md
2026-04-13T10:19:23.358Z - [36mverbose[39m: Rendering page: /Users/damithch/Repos/nus-cs2103/cs2103-website-base/book/modeling/modelingStructures/classDiagramsIntermediate/index.md
2026-04-13T10:19:23.416Z - [36mverbose[39m: Rendering page: /Users/damithch/Repos/nus-cs2103/cs2103-website-base/book/modeling/modelingStructures/classDiagramsBasic/index.md
2026-04-13T10:19:23.426Z - [36mverbose[39m: Rendering page: /Users/damithch/Repos/nus-cs2103/cs2103-website-base/book/modeling/modelingStructures/classDiagramsAdvanced/index.md
2026-04-13T10:19:23.433Z - [36mverbose[39m: Rendering page: /Users/damithch/Repos/nus-cs2103/cs2103-website-base/book/modeling/modelingBehaviors/useCaseDiagrams/index.md
2026-04-13T10:19:23.449Z - [36mverbose[39m: Rendering page: /Users/damithch/Repos/nus-cs2103/cs2103-website-base/book/modeling/modelingStructures/addingMoreInfo/index.md
2026-04-13T10:19:23.493Z - [36mverbose[39m: Rendering page: /Users/damithch/Repos/nus-cs2103/cs2103-website-base/book/modeling/modelingBehaviors/timingDiagrams/index.md
2026-04-13T10:19:23.524Z - [36mverbose[39m: Rendering page: /Users/damithch/Repos/nus-cs2103/cs2103-website-base/book/modeling/modelingBehaviors/stateMachineDiagrams/index.md
2026-04-13T10:19:23.540Z - [36mverbose[39m: Rendering page: /Users/damithch/Repos/nus-cs2103/cs2103-website-base/book/modeling/modelingBehaviors/sequenceDiagramsIntermediate/index.md
2026-04-13T10:19:23.549Z - [36mverbose[39m: Rendering page: /Users/damithch/Repos/nus-cs2103/cs2103-website-base/book/modeling/modelingBehaviors/sequenceDiagramsBasic/index.md
2026-04-13T10:19:23.656Z - [36mverbose[39m: Rendering page: /Users/damithch/Repos/nus-cs2103/cs2103-website-base/book/modeling/modelingBehaviors/sequenceDiagramsAdvanced/index.md
2026-04-13T10:19:23.673Z - [36mverbose[39m: Rendering page: /Users/damithch/Repos/nus-cs2103/cs2103-website-base/book/modeling/modelingBehaviors/interactionOverviewDiagrams/index.md
2026-04-13T10:19:23.678Z - [36mverbose[39m: Rendering page: /Users/damithch/Repos/nus-cs2103/cs2103-website-base/book/modeling/modelingBehaviors/index.md
2026-04-13T10:19:23.705Z - [36mverbose[39m: Rendering page: /Users/damithch/Repos/nus-cs2103/cs2103-website-base/book/modeling/modelingBehaviors/communicationDiagrams/index.md
2026-04-13T10:19:23.747Z - [36mverbose[39m: Rendering page: /Users/damithch/Repos/nus-cs2103/cs2103-website-base/book/modeling/modelingBehaviors/activityDiagramsIntermediate/index.md
2026-04-13T10:19:23.774Z - [36mverbose[39m: Rendering page: /Users/damithch/Repos/nus-cs2103/cs2103-website-base/book/modeling/modelingBehaviors/activityDiagrams/index.md
2026-04-13T10:19:23.781Z - [36mverbose[39m: Rendering page: /Users/damithch/Repos/nus-cs2103/cs2103-website-base/book/modeling/modelingASolution/introduction/index.md
2026-04-13T10:19:23.817Z - [36mverbose[39m: Rendering page: /Users/damithch/Repos/nus-cs2103/cs2103-website-base/book/modeling/modelingASolution/intermediate/index.md
2026-04-13T10:19:23.871Z - [36mverbose[39m: Rendering page: /Users/damithch/Repos/nus-cs2103/cs2103-website-base/book/modeling/modelingASolution/index.md
2026-04-13T10:19:23.881Z - [36mverbose[39m: Rendering page: /Users/damithch/Repos/nus-cs2103/cs2103-website-base/book/modeling/modelingASolution/basic/index.md
2026-04-13T10:19:23.886Z - [36mverbose[39m: Rendering page: /Users/damithch/Repos/nus-cs2103/cs2103-website-base/book/modeling/introduction/umlModels/index.md
2026-04-13T10:19:23.925Z - [36mverbose[39m: Rendering page: /Users/damithch/Repos/nus-cs2103/cs2103-website-base/book/modeling/introduction/what/index.md
2026-04-13T10:19:24.224Z - [36mverbose[39m: Rendering page: /Users/damithch/Repos/nus-cs2103/cs2103-website-base/book/modeling/introduction/index.md
2026-04-13T10:19:24.257Z - [36mverbose[39m: Rendering page: /Users/damithch/Repos/nus-cs2103/cs2103-website-base/book/modeling/introduction/how/index.md
2026-04-13T10:19:24.265Z - [36mverbose[39m: Rendering page: /Users/damithch/Repos/nus-cs2103/cs2103-website-base/book/modeling/index.md
2026-04-13T10:19:24.301Z - [36mverbose[39m: Rendering page: /Users/damithch/Repos/nus-cs2103/cs2103-website-base/book/intellij/refactoring/index.md
2026-04-13T10:19:24.317Z - [36mverbose[39m: Rendering page: /Users/damithch/Repos/nus-cs2103/cs2103-website-base/book/intellij/projectSetup/index.md
2026-04-13T10:19:24.363Z - [36mverbose[39m: Rendering page: /Users/damithch/Repos/nus-cs2103/cs2103-website-base/book/intellij/index.md
2026-04-13T10:19:24.372Z - [36mverbose[39m: Rendering page: /Users/damithch/Repos/nus-cs2103/cs2103-website-base/book/intellij/productivityShortcuts/index.md
2026-04-13T10:19:24.378Z - [36mverbose[39m: Rendering page: /Users/damithch/Repos/nus-cs2103/cs2103-website-base/book/intellij/debuggingBasic/index.md
2026-04-13T10:19:24.409Z - [36mverbose[39m: Rendering page: /Users/damithch/Repos/nus-cs2103/cs2103-website-base/book/intellij/codeNavigation/index.md
2026-04-13T10:19:24.460Z - [36mverbose[39m: Rendering page: /Users/damithch/Repos/nus-cs2103/cs2103-website-base/book/integration/introduction/index.md
2026-04-13T10:19:24.464Z - [36mverbose[39m: Rendering page: /Users/damithch/Repos/nus-cs2103/cs2103-website-base/book/integration/introduction/what/index.md
2026-04-13T10:19:24.471Z - [36mverbose[39m: Rendering page: /Users/damithch/Repos/nus-cs2103/cs2103-website-base/book/integration/more/index.md
2026-04-13T10:19:24.476Z - [36mverbose[39m: Rendering page: /Users/damithch/Repos/nus-cs2103/cs2103-website-base/book/integration/more/review/index.md
2026-04-13T10:19:24.574Z - [36mverbose[39m: Rendering page: /Users/damithch/Repos/nus-cs2103/cs2103-website-base/book/integration/index.md
2026-04-13T10:19:24.583Z - [36mverbose[39m: Rendering page: /Users/damithch/Repos/nus-cs2103/cs2103-website-base/book/integration/buildAutomation/index.md
2026-04-13T10:19:24.588Z - [36mverbose[39m: Rendering page: /Users/damithch/Repos/nus-cs2103/cs2103-website-base/book/integration/buildAutomation/what/index.md
2026-04-13T10:19:24.614Z - [36mverbose[39m: Rendering page: /Users/damithch/Repos/nus-cs2103/cs2103-website-base/book/integration/buildAutomation/continuousIntegrationDeployment/index.md
2026-04-13T10:19:24.661Z - [36mverbose[39m: Rendering page: /Users/damithch/Repos/nus-cs2103/cs2103-website-base/book/integration/approaches/lateVsEarly/index.md
2026-04-13T10:19:24.679Z - [36mverbose[39m: Rendering page: /Users/damithch/Repos/nus-cs2103/cs2103-website-base/book/integration/approaches/topDownVsBottomUp/index.md
2026-04-13T10:19:24.687Z - [36mverbose[39m: Rendering page: /Users/damithch/Repos/nus-cs2103/cs2103-website-base/book/integration/approaches/index.md
2026-04-13T10:19:24.712Z - [36mverbose[39m: Rendering page: /Users/damithch/Repos/nus-cs2103/cs2103-website-base/book/integration/approaches/bigBangVsIncremental/index.md
2026-04-13T10:19:24.764Z - [36mverbose[39m: Rendering page: /Users/damithch/Repos/nus-cs2103/cs2103-website-base/book/index.md
2026-04-13T10:19:24.816Z - [36mverbose[39m: Rendering page: /Users/damithch/Repos/nus-cs2103/cs2103-website-base/book/ides/introduction/index.md
2026-04-13T10:19:24.832Z - [36mverbose[39m: Rendering page: /Users/damithch/Repos/nus-cs2103/cs2103-website-base/book/ides/index.md
2026-04-13T10:19:24.850Z - [36mverbose[39m: Rendering page: /Users/damithch/Repos/nus-cs2103/cs2103-website-base/book/ides/introduction/what/index.md
2026-04-13T10:19:24.947Z - [36mverbose[39m: Rendering page: /Users/damithch/Repos/nus-cs2103/cs2103-website-base/book/ides/debugging/index.md
2026-04-13T10:19:24.953Z - [36mverbose[39m: Rendering page: /Users/damithch/Repos/nus-cs2103/cs2103-website-base/book/ides/debugging/what/index.md
2026-04-13T10:19:24.957Z - [36mverbose[39m: Rendering page: /Users/damithch/Repos/nus-cs2103/cs2103-website-base/book/gitAndGithub/trail/workingWithRemotes/index.md
2026-04-13T10:19:24.964Z - [36mverbose[39m: Rendering page: /Users/damithch/Repos/nus-cs2103/cs2103-website-base/book/gitAndGithub/trail/usingRevisionHistory/index.md
2026-04-13T10:19:25.167Z - [36mverbose[39m: Rendering page: /Users/damithch/Repos/nus-cs2103/cs2103-website-base/book/gitAndGithub/trail/remoteBranches/index.md
2026-04-13T10:19:25.172Z - [36mverbose[39m: Rendering page: /Users/damithch/Repos/nus-cs2103/cs2103-website-base/book/gitAndGithub/trail/syncingBranches/index.md
2026-04-13T10:19:25.178Z - [36mverbose[39m: Rendering page: /Users/damithch/Repos/nus-cs2103/cs2103-website-base/book/gitAndGithub/trail/recordingFolderHistory/index.md
2026-04-13T10:19:25.182Z - [36mverbose[39m: Rendering page: /Users/damithch/Repos/nus-cs2103/cs2103-website-base/book/gitAndGithub/trail/index.md
2026-04-13T10:19:25.238Z - [36mverbose[39m: Rendering page: /Users/damithch/Repos/nus-cs2103/cs2103-website-base/book/gitAndGithub/trail/fineTuningHistory/index.md
2026-04-13T10:19:25.243Z - [36mverbose[39m: Rendering page: /Users/damithch/Repos/nus-cs2103/cs2103-website-base/book/gitAndGithub/trail/branchingLocally/index.md
2026-04-13T10:19:25.247Z - [36mverbose[39m: Rendering page: /Users/damithch/Repos/nus-cs2103/cs2103-website-base/book/gitAndGithub/trail/backingUpOnCloud/index.md
2026-04-13T10:19:25.291Z - [36mverbose[39m: Rendering page: /Users/damithch/Repos/nus-cs2103/cs2103-website-base/book/gitAndGithub/template/index.md
2026-04-13T10:19:25.424Z - [36mverbose[39m: Rendering page: /Users/damithch/Repos/nus-cs2103/cs2103-website-base/book/gitAndGithub/tag/index.md
2026-04-13T10:19:25.437Z - [36mverbose[39m: Rendering page: /Users/damithch/Repos/nus-cs2103/cs2103-website-base/book/gitAndGithub/syncByRebase/index.md
2026-04-13T10:19:25.442Z - [36mverbose[39m: Rendering page: /Users/damithch/Repos/nus-cs2103/cs2103-website-base/book/gitAndGithub/syncByMerge/index.md
2026-04-13T10:19:25.495Z - [36mverbose[39m: Rendering page: /Users/damithch/Repos/nus-cs2103/cs2103-website-base/book/gitAndGithub/stage/index.md
2026-04-13T10:19:25.569Z - [36mverbose[39m: Rendering page: /Users/damithch/Repos/nus-cs2103/cs2103-website-base/book/gitAndGithub/show/index.md
2026-04-13T10:19:25.595Z - [36mverbose[39m: Rendering page: /Users/damithch/Repos/nus-cs2103/cs2103-website-base/book/gitAndGithub/setRemote/index.md
2026-04-13T10:19:25.604Z - [36mverbose[39m: Rendering page: /Users/damithch/Repos/nus-cs2103/cs2103-website-base/book/gitAndGithub/selectiveStage/index.md
2026-04-13T10:19:25.632Z - [36mverbose[39m: Rendering page: /Users/damithch/Repos/nus-cs2103/cs2103-website-base/book/gitAndGithub/reviewPRs/index.md
2026-04-13T10:19:25.713Z - [36mverbose[39m: Rendering page: /Users/damithch/Repos/nus-cs2103/cs2103-website-base/book/gitAndGithub/revert/index.md
2026-04-13T10:19:25.746Z - [36mverbose[39m: Rendering page: /Users/damithch/Repos/nus-cs2103/cs2103-website-base/book/gitAndGithub/reset/index.md
2026-04-13T10:19:25.779Z - [36mverbose[39m: Rendering page: /Users/damithch/Repos/nus-cs2103/cs2103-website-base/book/gitAndGithub/remoteRepos/index.md
2026-04-13T10:19:25.801Z - [36mverbose[39m: Rendering page: /Users/damithch/Repos/nus-cs2103/cs2103-website-base/book/gitAndGithub/remoteBranches/index.md
2026-04-13T10:19:25.847Z - [36mverbose[39m: Rendering page: /Users/damithch/Repos/nus-cs2103/cs2103-website-base/book/gitAndGithub/remoteBranchRename/index.md
2026-04-13T10:19:25.854Z - [36mverbose[39m: Rendering page: /Users/damithch/Repos/nus-cs2103/cs2103-website-base/book/gitAndGithub/remoteBranchPush/index.md
2026-04-13T10:19:25.861Z - [36mverbose[39m: Rendering page: /Users/damithch/Repos/nus-cs2103/cs2103-website-base/book/gitAndGithub/remoteBranchPull/index.md
2026-04-13T10:19:25.982Z - [36mverbose[39m: Rendering page: /Users/damithch/Repos/nus-cs2103/cs2103-website-base/book/gitAndGithub/remoteBranchDelete/index.md
2026-04-13T10:19:26.061Z - [36mverbose[39m: Rendering page: /Users/damithch/Repos/nus-cs2103/cs2103-website-base/book/gitAndGithub/push/index.md
2026-04-13T10:19:26.072Z - [36mverbose[39m: Rendering page: /Users/damithch/Repos/nus-cs2103/cs2103-website-base/book/gitAndGithub/pull/index.md
2026-04-13T10:19:26.087Z - [36mverbose[39m: Rendering page: /Users/damithch/Repos/nus-cs2103/cs2103-website-base/book/gitAndGithub/mergeConflicts/index.md
2026-04-13T10:19:26.154Z - [36mverbose[39m: Rendering page: /Users/damithch/Repos/nus-cs2103/cs2103-website-base/book/gitAndGithub/merge/index.md
2026-04-13T10:19:26.181Z - [36mverbose[39m: Rendering page: /Users/damithch/Repos/nus-cs2103/cs2103-website-base/book/gitAndGithub/managePRs/index.md
2026-04-13T10:19:26.214Z - [36mverbose[39m: Rendering page: /Users/damithch/Repos/nus-cs2103/cs2103-website-base/book/gitAndGithub/log/index.md
2026-04-13T10:19:26.268Z - [36mverbose[39m: Rendering page: /Users/damithch/Repos/nus-cs2103/cs2103-website-base/book/gitAndGithub/intro/index.md
2026-04-13T10:19:26.740Z - [36mverbose[39m: Rendering page: /Users/damithch/Repos/nus-cs2103/cs2103-website-base/book/gitAndGithub/interactiveRebase/index.md
2026-04-13T10:19:26.751Z - [36mverbose[39m: Rendering page: /Users/damithch/Repos/nus-cs2103/cs2103-website-base/book/gitAndGithub/init/index.md
2026-04-13T10:19:26.834Z - [36mverbose[39m: Rendering page: /Users/damithch/Repos/nus-cs2103/cs2103-website-base/book/gitAndGithub/index.md
2026-04-13T10:19:26.941Z - [36mverbose[39m: Rendering page: /Users/damithch/Repos/nus-cs2103/cs2103-website-base/book/gitAndGithub/ignore/index.md
2026-04-13T10:19:26.951Z - [36mverbose[39m: Rendering page: /Users/damithch/Repos/nus-cs2103/cs2103-website-base/book/gitAndGithub/githubPrep/index.md
2026-04-13T10:19:26.973Z - [36mverbose[39m: Rendering page: /Users/damithch/Repos/nus-cs2103/cs2103-website-base/book/gitAndGithub/gitPrep/index.md
2026-04-13T10:19:27.001Z - [36mverbose[39m: Rendering page: /Users/damithch/Repos/nus-cs2103/cs2103-website-base/book/gitAndGithub/forkingWorkflow/index.md
2026-04-13T10:19:27.020Z - [36mverbose[39m: Rendering page: /Users/damithch/Repos/nus-cs2103/cs2103-website-base/book/gitAndGithub/fork/index.md
2026-04-13T10:19:27.068Z - [36mverbose[39m: Rendering page: /Users/damithch/Repos/nus-cs2103/cs2103-website-base/book/gitAndGithub/featureBranchFlow/index.md
2026-04-13T10:19:27.091Z - [36mverbose[39m: Rendering page: /Users/damithch/Repos/nus-cs2103/cs2103-website-base/book/gitAndGithub/drcsVsCrcs/index.md
2026-04-13T10:19:27.096Z - [36mverbose[39m: Rendering page: /Users/damithch/Repos/nus-cs2103/cs2103-website-base/book/gitAndGithub/diff/index.md
2026-04-13T10:19:27.118Z - [36mverbose[39m: Rendering page: /Users/damithch/Repos/nus-cs2103/cs2103-website-base/book/gitAndGithub/createRemoteRepo/index.md
2026-04-13T10:19:27.182Z - [36mverbose[39m: Rendering page: /Users/damithch/Repos/nus-cs2103/cs2103-website-base/book/gitAndGithub/createPRs/index.md
2026-04-13T10:19:27.210Z - [36mverbose[39m: Rendering page: /Users/damithch/Repos/nus-cs2103/cs2103-website-base/book/gitAndGithub/commitMessage/index.md
2026-04-13T10:19:27.218Z - [36mverbose[39m: Rendering page: /Users/damithch/Repos/nus-cs2103/cs2103-website-base/book/gitAndGithub/commit/index.md
2026-04-13T10:19:27.287Z - [36mverbose[39m: Rendering page: /Users/damithch/Repos/nus-cs2103/cs2103-website-base/book/gitAndGithub/clone/index.md
2026-04-13T10:19:27.308Z - [36mverbose[39m: Rendering page: /Users/damithch/Repos/nus-cs2103/cs2103-website-base/book/gitAndGithub/cherryPick/index.md
2026-04-13T10:19:27.340Z - [36mverbose[39m: Rendering page: /Users/damithch/Repos/nus-cs2103/cs2103-website-base/book/gitAndGithub/checkout/index.md
2026-04-13T10:19:27.434Z - [36mverbose[39m: Rendering page: /Users/damithch/Repos/nus-cs2103/cs2103-website-base/book/gitAndGithub/centralizedFlow/index.md
2026-04-13T10:19:27.441Z - [36mverbose[39m: Rendering page: /Users/damithch/Repos/nus-cs2103/cs2103-website-base/book/gitAndGithub/branchRename/index.md
2026-04-13T10:19:27.460Z - [36mverbose[39m: Rendering page: /Users/damithch/Repos/nus-cs2103/cs2103-website-base/book/gitAndGithub/branch/index.md
2026-04-13T10:19:27.470Z - [36mverbose[39m: Rendering page: /Users/damithch/Repos/nus-cs2103/cs2103-website-base/book/gitAndGithub/branchDelete/index.md
2026-04-13T10:19:27.509Z - [36mverbose[39m: Rendering page: /Users/damithch/Repos/nus-cs2103/cs2103-website-base/book/gatheringRequirements/prototyping/index.md
2026-04-13T10:19:27.526Z - [36mverbose[39m: Rendering page: /Users/damithch/Repos/nus-cs2103/cs2103-website-base/book/gatheringRequirements/userSurveys/index.md
2026-04-13T10:19:27.546Z - [36mverbose[39m: Rendering page: /Users/damithch/Repos/nus-cs2103/cs2103-website-base/book/gatheringRequirements/productSurveys/index.md
2026-04-13T10:19:27.591Z - [36mverbose[39m: Rendering page: /Users/damithch/Repos/nus-cs2103/cs2103-website-base/book/gatheringRequirements/observation/index.md
2026-04-13T10:19:27.596Z - [36mverbose[39m: Rendering page: /Users/damithch/Repos/nus-cs2103/cs2103-website-base/book/gatheringRequirements/interviews/index.md
2026-04-13T10:19:27.613Z - [36mverbose[39m: Rendering page: /Users/damithch/Repos/nus-cs2103/cs2103-website-base/book/gatheringRequirements/index.md
2026-04-13T10:19:27.679Z - [36mverbose[39m: Rendering page: /Users/damithch/Repos/nus-cs2103/cs2103-website-base/book/gatheringRequirements/focusGroups/index.md
2026-04-13T10:19:27.685Z - [36mverbose[39m: Rendering page: /Users/damithch/Repos/nus-cs2103/cs2103-website-base/book/gatheringRequirements/brainstorming/index.md
2026-04-13T10:19:27.707Z - [36mverbose[39m: Rendering page: /Users/damithch/Repos/nus-cs2103/cs2103-website-base/book/errorHandling/logging/what/index.md
2026-04-13T10:19:27.714Z - [36mverbose[39m: Rendering page: /Users/damithch/Repos/nus-cs2103/cs2103-website-base/book/errorHandling/logging/index.md
2026-04-13T10:19:27.935Z - [36mverbose[39m: Rendering page: /Users/damithch/Repos/nus-cs2103/cs2103-website-base/book/errorHandling/logging/how/index.md
2026-04-13T10:19:27.953Z - [36mverbose[39m: Rendering page: /Users/damithch/Repos/nus-cs2103/cs2103-website-base/book/errorHandling/introduction/index.md
2026-04-13T10:19:27.958Z - [36mverbose[39m: Rendering page: /Users/damithch/Repos/nus-cs2103/cs2103-website-base/book/errorHandling/index.md
2026-04-13T10:19:27.981Z - [36mverbose[39m: Rendering page: /Users/damithch/Repos/nus-cs2103/cs2103-website-base/book/errorHandling/introduction/what/index.md
2026-04-13T10:19:28.003Z - [36mverbose[39m: Rendering page: /Users/damithch/Repos/nus-cs2103/cs2103-website-base/book/errorHandling/exceptions/when/index.md
2026-04-13T10:19:28.047Z - [36mverbose[39m: Rendering page: /Users/damithch/Repos/nus-cs2103/cs2103-website-base/book/errorHandling/exceptions/what/index.md
2026-04-13T10:19:28.066Z - [36mverbose[39m: Rendering page: /Users/damithch/Repos/nus-cs2103/cs2103-website-base/book/errorHandling/exceptions/how/index.md
2026-04-13T10:19:28.071Z - [36mverbose[39m: Rendering page: /Users/damithch/Repos/nus-cs2103/cs2103-website-base/book/errorHandling/exceptions/index.md
2026-04-13T10:19:28.143Z - [36mverbose[39m: Rendering page: /Users/damithch/Repos/nus-cs2103/cs2103-website-base/book/errorHandling/designByContract/what/index.md
2026-04-13T10:19:28.149Z - [36mverbose[39m: Rendering page: /Users/damithch/Repos/nus-cs2103/cs2103-website-base/book/errorHandling/designByContract/index.md
2026-04-13T10:19:28.154Z - [36mverbose[39m: Rendering page: /Users/damithch/Repos/nus-cs2103/cs2103-website-base/book/errorHandling/defensiveProgramming/when/index.md
2026-04-13T10:19:28.211Z - [36mverbose[39m: Rendering page: /Users/damithch/Repos/nus-cs2103/cs2103-website-base/book/errorHandling/defensiveProgramming/what/index.md
2026-04-13T10:19:28.367Z - [36mverbose[39m: Rendering page: /Users/damithch/Repos/nus-cs2103/cs2103-website-base/book/errorHandling/defensiveProgramming/referentialIntegrity/index.md
2026-04-13T10:19:28.377Z - [36mverbose[39m: Rendering page: /Users/damithch/Repos/nus-cs2103/cs2103-website-base/book/errorHandling/defensiveProgramming/index.md
2026-04-13T10:19:28.393Z - [36mverbose[39m: Rendering page: /Users/damithch/Repos/nus-cs2103/cs2103-website-base/book/errorHandling/defensiveProgramming/compulsoryAssociations/index.md
2026-04-13T10:19:28.400Z - [36mverbose[39m: Rendering page: /Users/damithch/Repos/nus-cs2103/cs2103-website-base/book/errorHandling/defensiveProgramming/1to1Associations/index.md
2026-04-13T10:19:28.479Z - [36mverbose[39m: Rendering page: /Users/damithch/Repos/nus-cs2103/cs2103-website-base/book/errorHandling/assertions/when/index.md
2026-04-13T10:19:28.485Z - [36mverbose[39m: Rendering page: /Users/damithch/Repos/nus-cs2103/cs2103-website-base/book/errorHandling/assertions/index.md
2026-04-13T10:19:28.493Z - [36mverbose[39m: Rendering page: /Users/damithch/Repos/nus-cs2103/cs2103-website-base/book/errorHandling/assertions/what/index.md
2026-04-13T10:19:28.498Z - [36mverbose[39m: Rendering page: /Users/damithch/Repos/nus-cs2103/cs2103-website-base/book/errorHandling/assertions/how/index.md
2026-04-13T10:19:28.553Z - [36mverbose[39m: Rendering page: /Users/damithch/Repos/nus-cs2103/cs2103-website-base/book/documentation/tools/markdown/index.md
2026-04-13T10:19:28.560Z - [36mverbose[39m: Rendering page: /Users/damithch/Repos/nus-cs2103/cs2103-website-base/book/documentation/tools/markdown/what/index.md
2026-04-13T10:19:28.564Z - [36mverbose[39m: Rendering page: /Users/damithch/Repos/nus-cs2103/cs2103-website-base/book/documentation/tools/javaDoc/what/index.md
2026-04-13T10:19:28.569Z - [36mverbose[39m: Rendering page: /Users/damithch/Repos/nus-cs2103/cs2103-website-base/book/documentation/tools/markdown/how/index.md
2026-04-13T10:19:28.656Z - [36mverbose[39m: Rendering page: /Users/damithch/Repos/nus-cs2103/cs2103-website-base/book/documentation/tools/javaDoc/index.md
2026-04-13T10:19:28.663Z - [36mverbose[39m: Rendering page: /Users/damithch/Repos/nus-cs2103/cs2103-website-base/book/documentation/tools/index.md
2026-04-13T10:19:28.670Z - [36mverbose[39m: Rendering page: /Users/damithch/Repos/nus-cs2103/cs2103-website-base/book/documentation/tools/javaDoc/how/index.md
2026-04-13T10:19:28.689Z - [36mverbose[39m: Rendering page: /Users/damithch/Repos/nus-cs2103/cs2103-website-base/book/documentation/tools/asciiDoc/what/index.md
2026-04-13T10:19:28.728Z - [36mverbose[39m: Rendering page: /Users/damithch/Repos/nus-cs2103/cs2103-website-base/book/documentation/tools/asciiDoc/index.md
2026-04-13T10:19:28.839Z - [36mverbose[39m: Rendering page: /Users/damithch/Repos/nus-cs2103/cs2103-website-base/book/documentation/introduction/index.md
2026-04-13T10:19:28.847Z - [36mverbose[39m: Rendering page: /Users/damithch/Repos/nus-cs2103/cs2103-website-base/book/documentation/introduction/what/index.md
2026-04-13T10:19:28.852Z - [36mverbose[39m: Rendering page: /Users/damithch/Repos/nus-cs2103/cs2103-website-base/book/documentation/index.md
2026-04-13T10:19:28.884Z - [36mverbose[39m: Rendering page: /Users/damithch/Repos/nus-cs2103/cs2103-website-base/book/documentation/guidelines/index.md
2026-04-13T10:19:28.923Z - [36mverbose[39m: Rendering page: /Users/damithch/Repos/nus-cs2103/cs2103-website-base/book/documentation/guidelines/goTopDown/why/index.md
2026-04-13T10:19:28.929Z - [36mverbose[39m: Rendering page: /Users/damithch/Repos/nus-cs2103/cs2103-website-base/book/documentation/guidelines/goTopDown/index.md
2026-04-13T10:19:28.935Z - [36mverbose[39m: Rendering page: /Users/damithch/Repos/nus-cs2103/cs2103-website-base/book/documentation/guidelines/goTopDown/what/index.md
2026-04-13T10:19:28.950Z - [36mverbose[39m: Rendering page: /Users/damithch/Repos/nus-cs2103/cs2103-website-base/book/documentation/guidelines/goTopDown/how/index.md
2026-04-13T10:19:28.991Z - [36mverbose[39m: Rendering page: /Users/damithch/Repos/nus-cs2103/cs2103-website-base/book/documentation/guidelines/documentMinimally/index.md
2026-04-13T10:19:28.998Z - [36mverbose[39m: Rendering page: /Users/damithch/Repos/nus-cs2103/cs2103-website-base/book/documentation/guidelines/documentMinimally/how/index.md
2026-04-13T10:19:29.002Z - [36mverbose[39m: Rendering page: /Users/damithch/Repos/nus-cs2103/cs2103-website-base/book/documentation/guidelines/documentMinimally/what/index.md
2026-04-13T10:19:29.025Z - [36mverbose[39m: Rendering page: /Users/damithch/Repos/nus-cs2103/cs2103-website-base/book/documentation/guidelines/aimForComprehensibility/what/index.md
2026-04-13T10:19:29.059Z - [36mverbose[39m: Rendering page: /Users/damithch/Repos/nus-cs2103/cs2103-website-base/book/documentation/guidelines/aimForComprehensibility/index.md
2026-04-13T10:19:29.091Z - [36mverbose[39m: Rendering page: /Users/damithch/Repos/nus-cs2103/cs2103-website-base/book/designPatterns/singleton/what/index.md
2026-04-13T10:19:29.096Z - [36mverbose[39m: Rendering page: /Users/damithch/Repos/nus-cs2103/cs2103-website-base/book/documentation/guidelines/aimForComprehensibility/how/index.md
2026-04-13T10:19:29.119Z - [36mverbose[39m: Rendering page: /Users/damithch/Repos/nus-cs2103/cs2103-website-base/book/designPatterns/singleton/index.md
2026-04-13T10:19:29.162Z - [36mverbose[39m: Rendering page: /Users/damithch/Repos/nus-cs2103/cs2103-website-base/book/designPatterns/singleton/implementation/index.md
2026-04-13T10:19:29.196Z - [36mverbose[39m: Rendering page: /Users/damithch/Repos/nus-cs2103/cs2103-website-base/book/designPatterns/observer/what/index.md
2026-04-13T10:19:29.204Z - [36mverbose[39m: Rendering page: /Users/damithch/Repos/nus-cs2103/cs2103-website-base/book/designPatterns/singleton/evaluation/index.md
2026-04-13T10:19:29.221Z - [36mverbose[39m: Rendering page: /Users/damithch/Repos/nus-cs2103/cs2103-website-base/book/designPatterns/observer/index.md
2026-04-13T10:19:29.253Z - [36mverbose[39m: Rendering page: /Users/damithch/Repos/nus-cs2103/cs2103-website-base/book/designPatterns/more/vsPrinciples/index.md
2026-04-13T10:19:29.269Z - [36mverbose[39m: Rendering page: /Users/damithch/Repos/nus-cs2103/cs2103-website-base/book/designPatterns/more/otherTypesOfPatterns/index.md
2026-04-13T10:19:29.274Z - [36mverbose[39m: Rendering page: /Users/damithch/Repos/nus-cs2103/cs2103-website-base/book/designPatterns/more/usingDesignPatterns/index.md
2026-04-13T10:19:29.321Z - [36mverbose[39m: Rendering page: /Users/damithch/Repos/nus-cs2103/cs2103-website-base/book/designPatterns/more/otherDesignPatterns/index.md
2026-04-13T10:19:29.339Z - [36mverbose[39m: Rendering page: /Users/damithch/Repos/nus-cs2103/cs2103-website-base/book/designPatterns/more/index.md
2026-04-13T10:19:29.346Z - [36mverbose[39m: Rendering page: /Users/damithch/Repos/nus-cs2103/cs2103-website-base/book/designPatterns/more/combiningDesignPatterns/index.md
2026-04-13T10:19:29.366Z - [36mverbose[39m: Rendering page: /Users/damithch/Repos/nus-cs2103/cs2103-website-base/book/designPatterns/modelViewController/what/index.md
2026-04-13T10:19:29.410Z - [36mverbose[39m: Rendering page: /Users/damithch/Repos/nus-cs2103/cs2103-website-base/book/designPatterns/modelViewController/index.md
2026-04-13T10:19:29.431Z - [36mverbose[39m: Rendering page: /Users/damithch/Repos/nus-cs2103/cs2103-website-base/book/designPatterns/introduction/what/index.md
2026-04-13T10:19:29.437Z - [36mverbose[39m: Rendering page: /Users/damithch/Repos/nus-cs2103/cs2103-website-base/book/designPatterns/introduction/index.md
2026-04-13T10:19:29.558Z - [36mverbose[39m: Rendering page: /Users/damithch/Repos/nus-cs2103/cs2103-website-base/book/designPatterns/introduction/format/index.md
2026-04-13T10:19:29.595Z - [36mverbose[39m: Rendering page: /Users/damithch/Repos/nus-cs2103/cs2103-website-base/book/designPatterns/index.md
2026-04-13T10:19:29.626Z - [36mverbose[39m: Rendering page: /Users/damithch/Repos/nus-cs2103/cs2103-website-base/book/designPatterns/facade/what/index.md
2026-04-13T10:19:29.632Z - [36mverbose[39m: Rendering page: /Users/damithch/Repos/nus-cs2103/cs2103-website-base/book/designPatterns/facade/index.md
2026-04-13T10:19:29.671Z - [36mverbose[39m: Rendering page: /Users/damithch/Repos/nus-cs2103/cs2103-website-base/book/designPatterns/command/what/index.md
2026-04-13T10:19:29.697Z - [36mverbose[39m: Rendering page: /Users/damithch/Repos/nus-cs2103/cs2103-website-base/book/designPatterns/command/index.md
2026-04-13T10:19:29.759Z - [36mverbose[39m: Rendering page: /Users/damithch/Repos/nus-cs2103/cs2103-website-base/book/designPatterns/abstractionOccurrence/what/index.md
2026-04-13T10:19:29.767Z - [36mverbose[39m: Rendering page: /Users/damithch/Repos/nus-cs2103/cs2103-website-base/book/designPatterns/abstractionOccurrence/index.md
2026-04-13T10:19:29.802Z - [36mverbose[39m: Rendering page: /Users/damithch/Repos/nus-cs2103/cs2103-website-base/book/designFundamentals/index.md
2026-04-13T10:19:29.848Z - [36mverbose[39m: Rendering page: /Users/damithch/Repos/nus-cs2103/cs2103-website-base/book/designFundamentals/coupling/what/index.md
2026-04-13T10:19:29.870Z - [36mverbose[39m: Rendering page: /Users/damithch/Repos/nus-cs2103/cs2103-website-base/book/designFundamentals/coupling/types/index.md
2026-04-13T10:19:29.875Z - [36mverbose[39m: Rendering page: /Users/damithch/Repos/nus-cs2103/cs2103-website-base/book/designFundamentals/coupling/index.md
2026-04-13T10:19:29.933Z - [36mverbose[39m: Rendering page: /Users/damithch/Repos/nus-cs2103/cs2103-website-base/book/designFundamentals/coupling/how/index.md
2026-04-13T10:19:29.940Z - [36mverbose[39m: Rendering page: /Users/damithch/Repos/nus-cs2103/cs2103-website-base/book/designFundamentals/cohesion/index.md
2026-04-13T10:19:29.945Z - [36mverbose[39m: Rendering page: /Users/damithch/Repos/nus-cs2103/cs2103-website-base/book/designFundamentals/cohesion/what/index.md
2026-04-13T10:19:29.952Z - [36mverbose[39m: Rendering page: /Users/damithch/Repos/nus-cs2103/cs2103-website-base/book/designFundamentals/cohesion/how/index.md
2026-04-13T10:19:30.018Z - [36mverbose[39m: Rendering page: /Users/damithch/Repos/nus-cs2103/cs2103-website-base/book/designApproaches/topDownBottomUp/index.md
2026-04-13T10:19:30.023Z - [36mverbose[39m: Rendering page: /Users/damithch/Repos/nus-cs2103/cs2103-website-base/book/designFundamentals/abstraction/index.md
2026-04-13T10:19:30.028Z - [36mverbose[39m: Rendering page: /Users/damithch/Repos/nus-cs2103/cs2103-website-base/book/designFundamentals/abstraction/what/index.md
2026-04-13T10:19:30.034Z - [36mverbose[39m: Rendering page: /Users/damithch/Repos/nus-cs2103/cs2103-website-base/book/designApproaches/topDownBottomUp/what/index.md
2026-04-13T10:19:30.108Z - [36mverbose[39m: Rendering page: /Users/damithch/Repos/nus-cs2103/cs2103-website-base/book/designApproaches/index.md
2026-04-13T10:19:30.117Z - [36mverbose[39m: Rendering page: /Users/damithch/Repos/nus-cs2103/cs2103-website-base/book/designApproaches/multilevelDesign/index.md
2026-04-13T10:19:30.122Z - [36mverbose[39m: Rendering page: /Users/damithch/Repos/nus-cs2103/cs2103-website-base/book/designApproaches/multilevelDesign/what/index.md
2026-04-13T10:19:30.127Z - [36mverbose[39m: Rendering page: /Users/damithch/Repos/nus-cs2103/cs2103-website-base/book/designApproaches/agileDesign/what/index.md
2026-04-13T10:19:30.187Z - [36mverbose[39m: Rendering page: /Users/damithch/Repos/nus-cs2103/cs2103-website-base/book/designApproaches/agileDesign/index.md
2026-04-13T10:19:30.219Z - [36mverbose[39m: Rendering page: /Users/damithch/Repos/nus-cs2103/cs2103-website-base/book/design/index.md
2026-04-13T10:19:30.224Z - [36mverbose[39m: Rendering page: /Users/damithch/Repos/nus-cs2103/cs2103-website-base/book/design/introduction/what/index.md
2026-04-13T10:19:30.229Z - [36mverbose[39m: Rendering page: /Users/damithch/Repos/nus-cs2103/cs2103-website-base/book/design/introduction/index.md
2026-04-13T10:19:30.236Z - [36mverbose[39m: Rendering page: /Users/damithch/Repos/nus-cs2103/cs2103-website-base/book/cppToJava/usefulClasses/wrapperClasses/index.md
2026-04-13T10:19:30.442Z - [36mverbose[39m: Rendering page: /Users/damithch/Repos/nus-cs2103/cs2103-website-base/book/cppToJava/usefulClasses/scannerClass/index.md
2026-04-13T10:19:30.475Z - [36mverbose[39m: Rendering page: /Users/damithch/Repos/nus-cs2103/cs2103-website-base/book/cppToJava/usefulClasses/stringClass/index.md
2026-04-13T10:19:30.485Z - [36mverbose[39m: Rendering page: /Users/damithch/Repos/nus-cs2103/cs2103-website-base/book/cppToJava/usefulClasses/index.md
2026-04-13T10:19:30.517Z - [36mverbose[39m: Rendering page: /Users/damithch/Repos/nus-cs2103/cs2103-website-base/book/cppToJava/usefulClasses/arraysClass/index.md
2026-04-13T10:19:30.585Z - [36mverbose[39m: Rendering page: /Users/damithch/Repos/nus-cs2103/cs2103-website-base/book/cppToJava/usefulClasses/api/index.md
2026-04-13T10:19:30.690Z - [36mverbose[39m: Rendering page: /Users/damithch/Repos/nus-cs2103/cs2103-website-base/book/cppToJava/objects/usingObjects/index.md
2026-04-13T10:19:30.697Z - [36mverbose[39m: Rendering page: /Users/damithch/Repos/nus-cs2103/cs2103-website-base/book/cppToJava/objects/passingObjects/index.md
2026-04-13T10:19:30.708Z - [36mverbose[39m: Rendering page: /Users/damithch/Repos/nus-cs2103/cs2103-website-base/book/cppToJava/objects/instanceMembers/index.md
2026-04-13T10:19:30.742Z - [36mverbose[39m: Rendering page: /Users/damithch/Repos/nus-cs2103/cs2103-website-base/book/cppToJava/objects/index.md
2026-04-13T10:19:30.788Z - [36mverbose[39m: Rendering page: /Users/damithch/Repos/nus-cs2103/cs2103-website-base/book/cppToJava/objects/garbageCollection/index.md
2026-04-13T10:19:30.819Z - [36mverbose[39m: Rendering page: /Users/damithch/Repos/nus-cs2103/cs2103-website-base/book/cppToJava/misc/varargs/index.md
2026-04-13T10:19:30.824Z - [36mverbose[39m: Rendering page: /Users/damithch/Repos/nus-cs2103/cs2103-website-base/book/cppToJava/misc/streams/index.md
2026-04-13T10:19:30.870Z - [36mverbose[39m: Rendering page: /Users/damithch/Repos/nus-cs2103/cs2103-website-base/book/cppToJava/misc/packages/index.md
2026-04-13T10:19:30.919Z - [36mverbose[39m: Rendering page: /Users/damithch/Repos/nus-cs2103/cs2103-website-base/book/cppToJava/misc/javaFX/part02/index.md
2026-04-13T10:19:30.944Z - [36mverbose[39m: Rendering page: /Users/damithch/Repos/nus-cs2103/cs2103-website-base/book/cppToJava/misc/javaFX/part01/index.md
2026-04-13T10:19:30.956Z - [36mverbose[39m: Rendering page: /Users/damithch/Repos/nus-cs2103/cs2103-website-base/book/cppToJava/misc/javaFX/index.md
2026-04-13T10:19:31.081Z - [36mverbose[39m: Rendering page: /Users/damithch/Repos/nus-cs2103/cs2103-website-base/book/cppToJava/misc/jar/index.md
2026-04-13T10:19:31.139Z - [36mverbose[39m: Rendering page: /Users/damithch/Repos/nus-cs2103/cs2103-website-base/book/cppToJava/misc/index.md
2026-04-13T10:19:31.172Z - [36mverbose[39m: Rendering page: /Users/damithch/Repos/nus-cs2103/cs2103-website-base/book/cppToJava/misc/fileAccess/index.md
2026-04-13T10:19:31.180Z - [36mverbose[39m: Rendering page: /Users/damithch/Repos/nus-cs2103/cs2103-website-base/book/cppToJava/misc/enums/index.md
2026-04-13T10:19:31.229Z - [36mverbose[39m: Rendering page: /Users/damithch/Repos/nus-cs2103/cs2103-website-base/book/cppToJava/misc/constants/index.md
2026-04-13T10:19:31.252Z - [36mverbose[39m: Rendering page: /Users/damithch/Repos/nus-cs2103/cs2103-website-base/book/cppToJava/misc/casting/index.md
2026-04-13T10:19:31.289Z - [36mverbose[39m: Rendering page: /Users/damithch/Repos/nus-cs2103/cs2103-website-base/book/cppToJava/junit/intermediate/index.md
2026-04-13T10:19:31.294Z - [36mverbose[39m: Rendering page: /Users/damithch/Repos/nus-cs2103/cs2103-website-base/book/cppToJava/misc/accessModifiers/index.md
2026-04-13T10:19:31.321Z - [36mverbose[39m: Rendering page: /Users/damithch/Repos/nus-cs2103/cs2103-website-base/book/cppToJava/junit/index.md
2026-04-13T10:19:31.370Z - [36mverbose[39m: Rendering page: /Users/damithch/Repos/nus-cs2103/cs2103-website-base/book/cppToJava/junit/basic/index.md
2026-04-13T10:19:31.378Z - [36mverbose[39m: Rendering page: /Users/damithch/Repos/nus-cs2103/cs2103-website-base/book/cppToJava/javaWorld/index.md
2026-04-13T10:19:31.384Z - [36mverbose[39m: Rendering page: /Users/damithch/Repos/nus-cs2103/cs2103-website-base/book/cppToJava/javaWorld/what/index.md
2026-04-13T10:19:31.401Z - [36mverbose[39m: Rendering page: /Users/damithch/Repos/nus-cs2103/cs2103-website-base/book/cppToJava/javaWorld/how/index.md
2026-04-13T10:19:31.540Z - [36mverbose[39m: Rendering page: /Users/damithch/Repos/nus-cs2103/cs2103-website-base/book/cppToJava/javaWorld/editions/index.md
2026-04-13T10:19:31.548Z - [36mverbose[39m: Rendering page: /Users/damithch/Repos/nus-cs2103/cs2103-website-base/book/cppToJava/inheritance/polymorphism/index.md
2026-04-13T10:19:31.557Z - [36mverbose[39m: Rendering page: /Users/damithch/Repos/nus-cs2103/cs2103-website-base/book/cppToJava/inheritance/objectClass/index.md
2026-04-13T10:19:31.774Z - [36mverbose[39m: Rendering page: /Users/damithch/Repos/nus-cs2103/cs2103-website-base/book/cppToJava/inheritance/interfaces/index.md
2026-04-13T10:19:31.861Z - [36mverbose[39m: Rendering page: /Users/damithch/Repos/nus-cs2103/cs2103-website-base/book/cppToJava/inheritance/index.md
2026-04-13T10:19:33.328Z - [36mverbose[39m: Rendering page: /Users/damithch/Repos/nus-cs2103/cs2103-website-base/book/cppToJava/inheritance/basic/index.md
2026-04-13T10:19:33.341Z - [36mverbose[39m: Rendering page: /Users/damithch/Repos/nus-cs2103/cs2103-website-base/book/cppToJava/inheritance/abstractClassesAndMethods/index.md
2026-04-13T10:19:33.377Z - [36mverbose[39m: Rendering page: /Users/damithch/Repos/nus-cs2103/cs2103-website-base/book/cppToJava/index.md
2026-04-13T10:19:33.583Z - [36mverbose[39m: Rendering page: /Users/damithch/Repos/nus-cs2103/cs2103-website-base/book/cppToJava/gettingStarted/running/index.md
2026-04-13T10:19:33.591Z - [36mverbose[39m: Rendering page: /Users/damithch/Repos/nus-cs2103/cs2103-website-base/book/cppToJava/gettingStarted/index.md
2026-04-13T10:19:33.601Z - [36mverbose[39m: Rendering page: /Users/damithch/Repos/nus-cs2103/cs2103-website-base/book/cppToJava/gettingStarted/installation/index.md
2026-04-13T10:19:33.607Z - [36mverbose[39m: Rendering page: /Users/damithch/Repos/nus-cs2103/cs2103-website-base/book/cppToJava/gettingStarted/helloWorld/index.md
2026-04-13T10:19:33.711Z - [36mverbose[39m: Rendering page: /Users/damithch/Repos/nus-cs2103/cs2103-website-base/book/cppToJava/generics/what/index.md
2026-04-13T10:19:33.717Z - [36mverbose[39m: Rendering page: /Users/damithch/Repos/nus-cs2103/cs2103-website-base/book/cppToJava/generics/index.md
2026-04-13T10:19:33.727Z - [36mverbose[39m: Rendering page: /Users/damithch/Repos/nus-cs2103/cs2103-website-base/book/cppToJava/gettingStarted/compiling/index.md
2026-04-13T10:19:33.792Z - [36mverbose[39m: Rendering page: /Users/damithch/Repos/nus-cs2103/cs2103-website-base/book/cppToJava/generics/how/index.md
2026-04-13T10:19:33.858Z - [36mverbose[39m: Rendering page: /Users/damithch/Repos/nus-cs2103/cs2103-website-base/book/cppToJava/exceptions/index.md
2026-04-13T10:19:33.870Z - [36mverbose[39m: Rendering page: /Users/damithch/Repos/nus-cs2103/cs2103-website-base/book/cppToJava/exceptions/what/index.md
2026-04-13T10:19:33.875Z - [36mverbose[39m: Rendering page: /Users/damithch/Repos/nus-cs2103/cs2103-website-base/book/cppToJava/exceptions/how/index.md
2026-04-13T10:19:33.922Z - [36mverbose[39m: Rendering page: /Users/damithch/Repos/nus-cs2103/cs2103-website-base/book/cppToJava/dataTypes/variables/index.md
2026-04-13T10:19:34.036Z - [36mverbose[39m: Rendering page: /Users/damithch/Repos/nus-cs2103/cs2103-website-base/book/cppToJava/dataTypes/primitiveTypes/index.md
2026-04-13T10:19:34.041Z - [36mverbose[39m: Rendering page: /Users/damithch/Repos/nus-cs2103/cs2103-website-base/book/cppToJava/dataTypes/operators/index.md
2026-04-13T10:19:34.047Z - [36mverbose[39m: Rendering page: /Users/damithch/Repos/nus-cs2103/cs2103-website-base/book/cppToJava/dataTypes/index.md
2026-04-13T10:19:34.140Z - [36mverbose[39m: Rendering page: /Users/damithch/Repos/nus-cs2103/cs2103-website-base/book/cppToJava/dataTypes/arrays/index.md
2026-04-13T10:19:34.293Z - [36mverbose[39m: Rendering page: /Users/damithch/Repos/nus-cs2103/cs2103-website-base/book/cppToJava/controlFlow/loops/index.md
2026-04-13T10:19:34.307Z - [36mverbose[39m: Rendering page: /Users/damithch/Repos/nus-cs2103/cs2103-website-base/book/cppToJava/controlFlow/index.md
2026-04-13T10:19:34.327Z - [36mverbose[39m: Rendering page: /Users/damithch/Repos/nus-cs2103/cs2103-website-base/book/cppToJava/controlFlow/methods/index.md
2026-04-13T10:19:34.370Z - [36mverbose[39m: Rendering page: /Users/damithch/Repos/nus-cs2103/cs2103-website-base/book/cppToJava/controlFlow/branching/index.md
2026-04-13T10:19:34.490Z - [36mverbose[39m: Rendering page: /Users/damithch/Repos/nus-cs2103/cs2103-website-base/book/cppToJava/collections/what/index.md
2026-04-13T10:19:34.495Z - [36mverbose[39m: Rendering page: /Users/damithch/Repos/nus-cs2103/cs2103-website-base/book/cppToJava/collections/index.md
2026-04-13T10:19:34.508Z - [36mverbose[39m: Rendering page: /Users/damithch/Repos/nus-cs2103/cs2103-website-base/book/cppToJava/collections/hashMapClass/index.md
2026-04-13T10:19:34.629Z - [36mverbose[39m: Rendering page: /Users/damithch/Repos/nus-cs2103/cs2103-website-base/book/cppToJava/collections/arrayListClass/index.md
2026-04-13T10:19:34.675Z - [36mverbose[39m: Rendering page: /Users/damithch/Repos/nus-cs2103/cs2103-website-base/book/cppToJava/classes/index.md
2026-04-13T10:19:34.692Z - [36mverbose[39m: Rendering page: /Users/damithch/Repos/nus-cs2103/cs2103-website-base/book/cppToJava/classes/gettersAndSetters/index.md
2026-04-13T10:19:34.732Z - [36mverbose[39m: Rendering page: /Users/damithch/Repos/nus-cs2103/cs2103-website-base/book/cppToJava/classes/definingClasses/index.md
2026-04-13T10:19:34.766Z - [36mverbose[39m: Rendering page: /Users/damithch/Repos/nus-cs2103/cs2103-website-base/book/cppToJava/classes/classLevelMembers/index.md
2026-04-13T10:19:34.789Z - [36mverbose[39m: Rendering page: /Users/damithch/Repos/nus-cs2103/cs2103-website-base/book/cppToJava/about/index.md
2026-04-13T10:19:34.795Z - [36mverbose[39m: Rendering page: /Users/damithch/Repos/nus-cs2103/cs2103-website-base/book/codeQuality/nameWell/introduction/index.md
2026-04-13T10:19:34.848Z - [36mverbose[39m: Rendering page: /Users/damithch/Repos/nus-cs2103/cs2103-website-base/book/codeQuality/nameWell/intermediate/useNameExplain/index.md
2026-04-13T10:19:34.854Z - [36mverbose[39m: Rendering page: /Users/damithch/Repos/nus-cs2103/cs2103-website-base/book/codeQuality/nameWell/intermediate/notTooLongNorShort/index.md
2026-04-13T10:19:34.896Z - [36mverbose[39m: Rendering page: /Users/damithch/Repos/nus-cs2103/cs2103-website-base/book/codeQuality/nameWell/intermediate/index.md
2026-04-13T10:19:34.904Z - [36mverbose[39m: Rendering page: /Users/damithch/Repos/nus-cs2103/cs2103-website-base/book/codeQuality/nameWell/intermediate/avoidMisleadingNames/index.md
2026-04-13T10:19:34.935Z - [36mverbose[39m: Rendering page: /Users/damithch/Repos/nus-cs2103/cs2103-website-base/book/codeQuality/nameWell/index.md
2026-04-13T10:19:34.975Z - [36mverbose[39m: Rendering page: /Users/damithch/Repos/nus-cs2103/cs2103-website-base/book/codeQuality/nameWell/basic/index.md
2026-04-13T10:19:34.981Z - [36mverbose[39m: Rendering page: /Users/damithch/Repos/nus-cs2103/cs2103-website-base/book/codeQuality/nameWell/basic/useStandardWords/index.md
2026-04-13T10:19:34.999Z - [36mverbose[39m: Rendering page: /Users/damithch/Repos/nus-cs2103/cs2103-website-base/book/codeQuality/nameWell/basic/nounsAndVerbsAsNames/index.md
2026-04-13T10:19:35.006Z - [36mverbose[39m: Rendering page: /Users/damithch/Repos/nus-cs2103/cs2103-website-base/book/codeQuality/maximizeReadability/introduction/index.md
2026-04-13T10:19:35.088Z - [36mverbose[39m: Rendering page: /Users/damithch/Repos/nus-cs2103/cs2103-website-base/book/codeQuality/maximizeReadability/intermediate/structureCodeLogically/index.md
2026-04-13T10:19:35.094Z - [36mverbose[39m: Rendering page: /Users/damithch/Repos/nus-cs2103/cs2103-website-base/book/codeQuality/maximizeReadability/intermediate/practiceKISSing/index.md
2026-04-13T10:19:35.098Z - [36mverbose[39m: Rendering page: /Users/damithch/Repos/nus-cs2103/cs2103-website-base/book/codeQuality/maximizeReadability/intermediate/slapHard/index.md
2026-04-13T10:19:35.106Z - [36mverbose[39m: Rendering page: /Users/damithch/Repos/nus-cs2103/cs2103-website-base/book/codeQuality/maximizeReadability/intermediate/index.md
2026-04-13T10:19:35.250Z - [36mverbose[39m: Rendering page: /Users/damithch/Repos/nus-cs2103/cs2103-website-base/book/codeQuality/maximizeReadability/intermediate/dontTripReader/index.md
2026-04-13T10:19:35.255Z - [36mverbose[39m: Rendering page: /Users/damithch/Repos/nus-cs2103/cs2103-website-base/book/codeQuality/maximizeReadability/intermediate/avoidPrematureOptimizations/index.md
2026-04-13T10:19:35.259Z - [36mverbose[39m: Rendering page: /Users/damithch/Repos/nus-cs2103/cs2103-website-base/book/codeQuality/maximizeReadability/index.md
2026-04-13T10:19:35.276Z - [36mverbose[39m: Rendering page: /Users/damithch/Repos/nus-cs2103/cs2103-website-base/book/codeQuality/maximizeReadability/basic/makeCodeObvious/index.md
2026-04-13T10:19:35.383Z - [36mverbose[39m: Rendering page: /Users/damithch/Repos/nus-cs2103/cs2103-website-base/book/codeQuality/maximizeReadability/basic/index.md
2026-04-13T10:19:35.394Z - [36mverbose[39m: Rendering page: /Users/damithch/Repos/nus-cs2103/cs2103-website-base/book/codeQuality/maximizeReadability/basic/avoidLongMethods/index.md
2026-04-13T10:19:35.399Z - [36mverbose[39m: Rendering page: /Users/damithch/Repos/nus-cs2103/cs2103-website-base/book/codeQuality/maximizeReadability/basic/avoidDeepNesting/index.md
2026-04-13T10:19:35.405Z - [36mverbose[39m: Rendering page: /Users/damithch/Repos/nus-cs2103/cs2103-website-base/book/codeQuality/maximizeReadability/basic/avoidMagicNumbers/index.md
2026-04-13T10:19:35.483Z - [36mverbose[39m: Rendering page: /Users/damithch/Repos/nus-cs2103/cs2103-website-base/book/codeQuality/maximizeReadability/basic/avoidComplicatedExpressions/index.md
2026-04-13T10:19:35.491Z - [36mverbose[39m: Rendering page: /Users/damithch/Repos/nus-cs2103/cs2103-website-base/book/codeQuality/maximizeReadability/advanced/index.md
2026-04-13T10:19:35.497Z - [36mverbose[39m: Rendering page: /Users/damithch/Repos/nus-cs2103/cs2103-website-base/book/codeQuality/introduction/index.md
2026-04-13T10:19:35.765Z - [36mverbose[39m: Rendering page: /Users/damithch/Repos/nus-cs2103/cs2103-website-base/book/codeQuality/maximizeReadability/advanced/makeHappyPathProminent/index.md
2026-04-13T10:19:35.809Z - [36mverbose[39m: Rendering page: /Users/damithch/Repos/nus-cs2103/cs2103-website-base/book/codeQuality/introduction/basic/index.md
2026-04-13T10:19:35.814Z - [36mverbose[39m: Rendering page: /Users/damithch/Repos/nus-cs2103/cs2103-website-base/book/codeQuality/index.md
2026-04-13T10:19:35.846Z - [36mverbose[39m: Rendering page: /Users/damithch/Repos/nus-cs2103/cs2103-website-base/book/codeQuality/followStandard/introduction/index.md
2026-04-13T10:19:35.851Z - [36mverbose[39m: Rendering page: /Users/damithch/Repos/nus-cs2103/cs2103-website-base/book/codeQuality/followStandard/intermediate/index.md
2026-04-13T10:19:35.940Z - [36mverbose[39m: Rendering page: /Users/damithch/Repos/nus-cs2103/cs2103-website-base/book/codeQuality/followStandard/index.md
2026-04-13T10:19:35.947Z - [36mverbose[39m: Rendering page: /Users/damithch/Repos/nus-cs2103/cs2103-website-base/book/codeQuality/followStandard/basic/index.md
2026-04-13T10:19:35.954Z - [36mverbose[39m: Rendering page: /Users/damithch/Repos/nus-cs2103/cs2103-website-base/book/codeQuality/commentMinimally/introduction/index.md
2026-04-13T10:19:35.975Z - [36mverbose[39m: Rendering page: /Users/damithch/Repos/nus-cs2103/cs2103-website-base/book/codeQuality/commentMinimally/intermediate/index.md
2026-04-13T10:19:36.062Z - [36mverbose[39m: Rendering page: /Users/damithch/Repos/nus-cs2103/cs2103-website-base/book/codeQuality/commentMinimally/intermediate/explainWhatWhyNotHow/index.md
2026-04-13T10:19:36.067Z - [36mverbose[39m: Rendering page: /Users/damithch/Repos/nus-cs2103/cs2103-website-base/book/codeQuality/commentMinimally/index.md
2026-04-13T10:19:36.077Z - [36mverbose[39m: Rendering page: /Users/damithch/Repos/nus-cs2103/cs2103-website-base/book/codeQuality/commentMinimally/basic/index.md
2026-04-13T10:19:36.084Z - [36mverbose[39m: Rendering page: /Users/damithch/Repos/nus-cs2103/cs2103-website-base/book/codeQuality/commentMinimally/basic/writeToReader/index.md
2026-04-13T10:19:36.145Z - [36mverbose[39m: Rendering page: /Users/damithch/Repos/nus-cs2103/cs2103-website-base/book/codeQuality/commentMinimally/basic/dontRepeatObvious/index.md
2026-04-13T10:19:36.150Z - [36mverbose[39m: Rendering page: /Users/damithch/Repos/nus-cs2103/cs2103-website-base/book/codeQuality/avoidShortcuts/introduction/index.md
2026-04-13T10:19:36.177Z - [36mverbose[39m: Rendering page: /Users/damithch/Repos/nus-cs2103/cs2103-website-base/book/codeQuality/avoidShortcuts/intermediate/minimiseVariableScope/index.md
2026-04-13T10:19:36.229Z - [36mverbose[39m: Rendering page: /Users/damithch/Repos/nus-cs2103/cs2103-website-base/book/codeQuality/avoidShortcuts/intermediate/minimiseCodeDuplication/index.md
2026-04-13T10:19:36.234Z - [36mverbose[39m: Rendering page: /Users/damithch/Repos/nus-cs2103/cs2103-website-base/book/codeQuality/avoidShortcuts/intermediate/index.md
2026-04-13T10:19:36.256Z - [36mverbose[39m: Rendering page: /Users/damithch/Repos/nus-cs2103/cs2103-website-base/book/codeQuality/avoidShortcuts/index.md
2026-04-13T10:19:36.322Z - [36mverbose[39m: Rendering page: /Users/damithch/Repos/nus-cs2103/cs2103-website-base/book/codeQuality/avoidShortcuts/basic/index.md
2026-04-13T10:19:36.329Z - [36mverbose[39m: Rendering page: /Users/damithch/Repos/nus-cs2103/cs2103-website-base/book/codeQuality/avoidShortcuts/basic/useDefaultBranch/index.md
2026-04-13T10:19:36.334Z - [36mverbose[39m: Rendering page: /Users/damithch/Repos/nus-cs2103/cs2103-website-base/book/codeQuality/avoidShortcuts/basic/dontRecycleVarsOrParams/index.md
2026-04-13T10:19:36.339Z - [36mverbose[39m: Rendering page: /Users/damithch/Repos/nus-cs2103/cs2103-website-base/book/codeQuality/avoidShortcuts/basic/deleteDeadCode/index.md
2026-04-13T10:19:36.456Z - [36mverbose[39m: Rendering page: /Users/damithch/Repos/nus-cs2103/cs2103-website-base/book/architecture/introduction/what/index.md
2026-04-13T10:19:36.462Z - [36mverbose[39m: Rendering page: /Users/damithch/Repos/nus-cs2103/cs2103-website-base/book/codeQuality/avoidShortcuts/basic/avoidEmptyCatchBlocks/index.md
2026-04-13T10:19:36.468Z - [36mverbose[39m: Rendering page: /Users/damithch/Repos/nus-cs2103/cs2103-website-base/book/architecture/introduction/index.md
2026-04-13T10:19:36.486Z - [36mverbose[39m: Rendering page: /Users/damithch/Repos/nus-cs2103/cs2103-website-base/book/architecture/index.md
2026-04-13T10:19:36.543Z - [36mverbose[39m: Rendering page: /Users/damithch/Repos/nus-cs2103/cs2103-website-base/book/architecture/architectureDiagrams/reading/index.md
2026-04-13T10:19:36.548Z - [36mverbose[39m: Rendering page: /Users/damithch/Repos/nus-cs2103/cs2103-website-base/book/architecture/architectureDiagrams/index.md
2026-04-13T10:19:36.554Z - [36mverbose[39m: Rendering page: /Users/damithch/Repos/nus-cs2103/cs2103-website-base/book/architecture/architectureDiagrams/drawing/index.md
2026-04-13T10:19:36.561Z - [36mverbose[39m: Rendering page: /Users/damithch/Repos/nus-cs2103/cs2103-website-base/book/architecture/architecturalStyles/transactionProcessing/what/index.md
2026-04-13T10:19:36.620Z - [36mverbose[39m: Rendering page: /Users/damithch/Repos/nus-cs2103/cs2103-website-base/book/architecture/architecturalStyles/transactionProcessing/index.md
2026-04-13T10:19:36.625Z - [36mverbose[39m: Rendering page: /Users/damithch/Repos/nus-cs2103/cs2103-website-base/book/architecture/architecturalStyles/serviceOriented/what/index.md
2026-04-13T10:19:36.631Z - [36mverbose[39m: Rendering page: /Users/damithch/Repos/nus-cs2103/cs2103-website-base/book/architecture/architecturalStyles/serviceOriented/index.md
2026-04-13T10:19:36.638Z - [36mverbose[39m: Rendering page: /Users/damithch/Repos/nus-cs2103/cs2103-website-base/book/architecture/architecturalStyles/nTier/what/index.md
2026-04-13T10:19:36.704Z - [36mverbose[39m: Rendering page: /Users/damithch/Repos/nus-cs2103/cs2103-website-base/book/architecture/architecturalStyles/more/usingStyles/index.md
2026-04-13T10:19:36.710Z - [36mverbose[39m: Rendering page: /Users/damithch/Repos/nus-cs2103/cs2103-website-base/book/architecture/architecturalStyles/nTier/index.md
2026-04-13T10:19:36.715Z - [36mverbose[39m: Rendering page: /Users/damithch/Repos/nus-cs2103/cs2103-website-base/book/architecture/architecturalStyles/more/index.md
2026-04-13T10:19:36.721Z - [36mverbose[39m: Rendering page: /Users/damithch/Repos/nus-cs2103/cs2103-website-base/book/architecture/architecturalStyles/more/moreStyles/index.md
2026-04-13T10:19:36.817Z - [36mverbose[39m: Rendering page: /Users/damithch/Repos/nus-cs2103/cs2103-website-base/book/architecture/architecturalStyles/introduction/index.md
2026-04-13T10:19:36.823Z - [36mverbose[39m: Rendering page: /Users/damithch/Repos/nus-cs2103/cs2103-website-base/book/architecture/architecturalStyles/index.md
2026-04-13T10:19:36.834Z - [36mverbose[39m: Rendering page: /Users/damithch/Repos/nus-cs2103/cs2103-website-base/book/architecture/architecturalStyles/introduction/what/index.md
2026-04-13T10:19:36.839Z - [36mverbose[39m: Rendering page: /Users/damithch/Repos/nus-cs2103/cs2103-website-base/book/architecture/architecturalStyles/eventDriven/what/index.md
2026-04-13T10:19:36.971Z - [36mverbose[39m: Rendering page: /Users/damithch/Repos/nus-cs2103/cs2103-website-base/book/architecture/architecturalStyles/eventDriven/index.md
2026-04-13T10:19:36.979Z - [36mverbose[39m: Rendering page: /Users/damithch/Repos/nus-cs2103/cs2103-website-base/book/architecture/architecturalStyles/clientServer/what/index.md
2026-04-13T10:19:36.984Z - [36mverbose[39m: Rendering page: /Users/damithch/Repos/nus-cs2103/cs2103-website-base/book/architecture/architecturalStyles/clientServer/index.md
2026-04-13T10:19:37.520Z - [36mverbose[39m: Rendering page: /Users/damithch/Repos/nus-cs2103/cs2103-website-base/book/combined/exercises.md
2026-04-13T10:19:37.528Z - [36mverbose[39m: Rendering page: /Users/damithch/Repos/nus-cs2103/cs2103-website-base/se-book-adapted/git-trail/index.md
2026-04-13T10:19:37.540Z - [36mverbose[39m: Rendering page: /Users/damithch/Repos/nus-cs2103/cs2103-website-base/se-book-adapted/projectDuke/index.md
2026-04-13T10:19:37.688Z - [36mverbose[39m: Rendering page: /Users/damithch/Repos/nus-cs2103/cs2103-website-base/se-book-adapted/common/exercises.md
2026-04-13T10:19:37.996Z - [36mverbose[39m: Rendering page: /Users/damithch/Repos/nus-cs2103/cs2103-website-base/se-book-adapted/common/definitions.md
2026-04-13T10:19:38.110Z - [36mverbose[39m: Rendering page: /Users/damithch/Repos/nus-cs2103/cs2103-website-base/se-book-adapted/chapters-printable/uml-printable.md
2026-04-13T10:19:38.159Z - [36mverbose[39m: Rendering page: /Users/damithch/Repos/nus-cs2103/cs2103-website-base/se-book-adapted/chapters-printable/testCaseDesign-printable.md
2026-04-13T10:19:38.176Z - [36mverbose[39m: Rendering page: /Users/damithch/Repos/nus-cs2103/cs2103-website-base/se-book-adapted/chapters-printable/testing-printable.md
2026-04-13T10:19:38.332Z - [36mverbose[39m: Rendering page: /Users/damithch/Repos/nus-cs2103/cs2103-website-base/se-book-adapted/chapters-printable/teamwork-printable.md
2026-04-13T10:19:38.385Z - [36mverbose[39m: Rendering page: /Users/damithch/Repos/nus-cs2103/cs2103-website-base/se-book-adapted/chapters-printable/softwareEngineering-printable.md
2026-04-13T10:19:38.391Z - [36mverbose[39m: Rendering page: /Users/damithch/Repos/nus-cs2103/cs2103-website-base/se-book-adapted/chapters-printable/specifyingRequirements-printable.md
2026-04-13T10:19:38.407Z - [36mverbose[39m: Rendering page: /Users/damithch/Repos/nus-cs2103/cs2103-website-base/se-book-adapted/chapters-printable/reuse-printable.md
2026-04-13T10:19:38.596Z - [36mverbose[39m: Rendering page: /Users/damithch/Repos/nus-cs2103/cs2103-website-base/se-book-adapted/chapters-printable/requirements-printable.md
2026-04-13T10:19:38.606Z - [36mverbose[39m: Rendering page: /Users/damithch/Repos/nus-cs2103/cs2103-website-base/se-book-adapted/chapters-printable/refactoring-printable.md
2026-04-13T10:19:38.650Z - [36mverbose[39m: Rendering page: /Users/damithch/Repos/nus-cs2103/cs2103-website-base/se-book-adapted/chapters-printable/projectPlanning-printable.md
2026-04-13T10:19:38.657Z - [36mverbose[39m: Rendering page: /Users/damithch/Repos/nus-cs2103/cs2103-website-base/se-book-adapted/chapters-printable/qualityAssurance-printable.md
2026-04-13T10:19:39.088Z - [36mverbose[39m: Rendering page: /Users/damithch/Repos/nus-cs2103/cs2103-website-base/se-book-adapted/chapters-printable/processModels-printable.md
2026-04-13T10:19:39.120Z - [36mverbose[39m: Rendering page: /Users/damithch/Repos/nus-cs2103/cs2103-website-base/se-book-adapted/chapters-printable/principles-printable.md
2026-04-13T10:19:39.134Z - [36mverbose[39m: Rendering page: /Users/damithch/Repos/nus-cs2103/cs2103-website-base/se-book-adapted/chapters-printable/modeling-printable.md
2026-04-13T10:19:39.155Z - [36mverbose[39m: Rendering page: /Users/damithch/Repos/nus-cs2103/cs2103-website-base/se-book-adapted/chapters-printable/oop-printable.md
2026-04-13T10:19:39.179Z - [36mverbose[39m: Rendering page: /Users/damithch/Repos/nus-cs2103/cs2103-website-base/se-book-adapted/chapters-printable/intellij-printable.md
2026-04-13T10:19:39.337Z - [36mverbose[39m: Rendering page: /Users/damithch/Repos/nus-cs2103/cs2103-website-base/se-book-adapted/chapters-printable/gatheringRequirements-printable.md
2026-04-13T10:19:39.345Z - [36mverbose[39m: Rendering page: /Users/damithch/Repos/nus-cs2103/cs2103-website-base/se-book-adapted/chapters-printable/integration-printable.md
2026-04-13T10:19:39.351Z - [36mverbose[39m: Rendering page: /Users/damithch/Repos/nus-cs2103/cs2103-website-base/se-book-adapted/chapters-printable/ides-printable.md
2026-04-13T10:19:39.362Z - [36mverbose[39m: Rendering page: /Users/damithch/Repos/nus-cs2103/cs2103-website-base/se-book-adapted/chapters-printable/errorHandling-printable.md
2026-04-13T10:19:39.548Z - [36mverbose[39m: Rendering page: /Users/damithch/Repos/nus-cs2103/cs2103-website-base/se-book-adapted/chapters-printable/documentation-printable.md
2026-04-13T10:19:39.557Z - [36mverbose[39m: Rendering page: /Users/damithch/Repos/nus-cs2103/cs2103-website-base/se-book-adapted/chapters-printable/designPatterns-printable.md
2026-04-13T10:19:39.566Z - [36mverbose[39m: Rendering page: /Users/damithch/Repos/nus-cs2103/cs2103-website-base/se-book-adapted/chapters-printable/designFundamentals-printable.md
2026-04-13T10:19:39.573Z - [36mverbose[39m: Rendering page: /Users/damithch/Repos/nus-cs2103/cs2103-website-base/se-book-adapted/chapters-printable/designApproaches-printable.md
2026-04-13T10:19:40.398Z - [36mverbose[39m: Rendering page: /Users/damithch/Repos/nus-cs2103/cs2103-website-base/se-book-adapted/chapters-printable/design-printable.md
2026-04-13T10:19:40.405Z - [36mverbose[39m: Rendering page: /Users/damithch/Repos/nus-cs2103/cs2103-website-base/se-book-adapted/chapters-printable/cppToJava-printable.md
2026-04-13T10:19:40.481Z - [36mverbose[39m: Rendering page: /Users/damithch/Repos/nus-cs2103/cs2103-website-base/se-book-adapted/chapters-printable/codeQuality-printable.md
2026-04-13T10:19:40.506Z - [36mverbose[39m: Rendering page: /Users/damithch/Repos/nus-cs2103/cs2103-website-base/se-book-adapted/chapters-printable/architecture-printable.md
2026-04-13T10:19:41.302Z - [36mverbose[39m: Rendering page: /Users/damithch/Repos/nus-cs2103/cs2103-website-base/se-book-adapted/chapters/uml.md
2026-04-13T10:19:41.345Z - [36mverbose[39m: Rendering page: /Users/damithch/Repos/nus-cs2103/cs2103-website-base/se-book-adapted/chapters/testCaseDesign.md
2026-04-13T10:19:41.370Z - [36mverbose[39m: Rendering page: /Users/damithch/Repos/nus-cs2103/cs2103-website-base/se-book-adapted/chapters/testing.md
2026-04-13T10:19:41.408Z - [36mverbose[39m: Rendering page: /Users/damithch/Repos/nus-cs2103/cs2103-website-base/se-book-adapted/chapters/test.md
2026-04-13T10:19:41.701Z - [36mverbose[39m: Rendering page: /Users/damithch/Repos/nus-cs2103/cs2103-website-base/se-book-adapted/chapters/teamwork.md
2026-04-13T10:19:41.707Z - [36mverbose[39m: Rendering page: /Users/damithch/Repos/nus-cs2103/cs2103-website-base/se-book-adapted/chapters/softwareEngineering.md
2026-04-13T10:19:41.714Z - [36mverbose[39m: Rendering page: /Users/damithch/Repos/nus-cs2103/cs2103-website-base/se-book-adapted/chapters/specifyingRequirements.md
2026-04-13T10:19:41.867Z - [36mverbose[39m: Rendering page: /Users/damithch/Repos/nus-cs2103/cs2103-website-base/se-book-adapted/chapters/reuse.md
2026-04-13T10:19:41.883Z - [36mverbose[39m: Rendering page: /Users/damithch/Repos/nus-cs2103/cs2103-website-base/se-book-adapted/chapters/requirements.md
2026-04-13T10:19:41.931Z - [36mverbose[39m: Rendering page: /Users/damithch/Repos/nus-cs2103/cs2103-website-base/se-book-adapted/chapters/refactoring.md
2026-04-13T10:19:41.940Z - [36mverbose[39m: Rendering page: /Users/damithch/Repos/nus-cs2103/cs2103-website-base/se-book-adapted/chapters/qualityAssurance.md
2026-04-13T10:19:42.461Z - [36mverbose[39m: Rendering page: /Users/damithch/Repos/nus-cs2103/cs2103-website-base/se-book-adapted/chapters/projectPlanning.md
2026-04-13T10:19:42.777Z - [36mverbose[39m: Rendering page: /Users/damithch/Repos/nus-cs2103/cs2103-website-base/se-book-adapted/chapters/processModels.md
2026-04-13T10:19:42.790Z - [36mverbose[39m: Rendering page: /Users/damithch/Repos/nus-cs2103/cs2103-website-base/se-book-adapted/chapters/principles.md
2026-04-13T10:19:42.809Z - [36mverbose[39m: Rendering page: /Users/damithch/Repos/nus-cs2103/cs2103-website-base/se-book-adapted/chapters/oop.md
2026-04-13T10:19:42.870Z - [36mverbose[39m: Rendering page: /Users/damithch/Repos/nus-cs2103/cs2103-website-base/se-book-adapted/chapters/modeling.md
2026-04-13T10:19:42.983Z - [36mverbose[39m: Rendering page: /Users/damithch/Repos/nus-cs2103/cs2103-website-base/se-book-adapted/chapters/intellij.md
2026-04-13T10:19:42.990Z - [36mverbose[39m: Rendering page: /Users/damithch/Repos/nus-cs2103/cs2103-website-base/se-book-adapted/chapters/ides.md
2026-04-13T10:19:43.040Z - [36mverbose[39m: Rendering page: /Users/damithch/Repos/nus-cs2103/cs2103-website-base/se-book-adapted/chapters/integration.md
2026-04-13T10:19:43.475Z - [36mverbose[39m: Rendering page: /Users/damithch/Repos/nus-cs2103/cs2103-website-base/se-book-adapted/chapters/gatheringRequirements.md
2026-04-13T10:19:43.485Z - [36mverbose[39m: Rendering page: /Users/damithch/Repos/nus-cs2103/cs2103-website-base/se-book-adapted/chapters/errorHandling.md
2026-04-13T10:19:43.510Z - [36mverbose[39m: Rendering page: /Users/damithch/Repos/nus-cs2103/cs2103-website-base/se-book-adapted/chapters/documentation.md
2026-04-13T10:19:43.524Z - [36mverbose[39m: Rendering page: /Users/damithch/Repos/nus-cs2103/cs2103-website-base/se-book-adapted/chapters/designPatterns.md
2026-04-13T10:19:45.123Z - [36mverbose[39m: Rendering page: /Users/damithch/Repos/nus-cs2103/cs2103-website-base/se-book-adapted/chapters/designFundamentals.md
2026-04-13T10:19:45.138Z - [36mverbose[39m: Rendering page: /Users/damithch/Repos/nus-cs2103/cs2103-website-base/se-book-adapted/chapters/designApproaches.md
2026-04-13T10:19:45.147Z - [36mverbose[39m: Rendering page: /Users/damithch/Repos/nus-cs2103/cs2103-website-base/se-book-adapted/chapters/design.md
2026-04-13T10:19:45.155Z - [36mverbose[39m: Rendering page: /Users/damithch/Repos/nus-cs2103/cs2103-website-base/se-book-adapted/chapters/cppToJava.md
2026-04-13T10:19:45.652Z - [36mverbose[39m: Rendering page: /Users/damithch/Repos/nus-cs2103/cs2103-website-base/se-book-adapted/chapters/codeQuality.md
2026-04-13T10:19:45.688Z - [36mverbose[39m: Rendering page: /Users/damithch/Repos/nus-cs2103/cs2103-website-base/book/about/acknowledgements.md
2026-04-13T10:19:45.693Z - [36mverbose[39m: Rendering page: /Users/damithch/Repos/nus-cs2103/cs2103-website-base/se-book-adapted/index.md
2026-04-13T10:19:45.764Z - [36mverbose[39m: Rendering page: /Users/damithch/Repos/nus-cs2103/cs2103-website-base/se-book-adapted/chapters/architecture.md
2026-04-13T10:19:45.923Z - [36mverbose[39m: Rendering page: /Users/damithch/Repos/nus-cs2103/cs2103-website-base/schedule/week9/tutorial.md
2026-04-13T10:19:45.930Z - [36mverbose[39m: Rendering page: /Users/damithch/Repos/nus-cs2103/cs2103-website-base/schedule/week6/tutorial.md
2026-04-13T10:19:45.936Z - [36mverbose[39m: Rendering page: /Users/damithch/Repos/nus-cs2103/cs2103-website-base/schedule/week7/tutorial.md
2026-04-13T10:19:45.944Z - [36mverbose[39m: Rendering page: /Users/damithch/Repos/nus-cs2103/cs2103-website-base/schedule/week8/tutorial.md
2026-04-13T10:19:47.034Z - [36mverbose[39m: Rendering page: /Users/damithch/Repos/nus-cs2103/cs2103-website-base/schedule/week5/tutorial.md
2026-04-13T10:19:47.060Z - [36mverbose[39m: Rendering page: /Users/damithch/Repos/nus-cs2103/cs2103-website-base/schedule/week4/tutorial.md
2026-04-13T10:19:47.066Z - [36mverbose[39m: Rendering page: /Users/damithch/Repos/nus-cs2103/cs2103-website-base/schedule/week3/tutorial.md
2026-04-13T10:19:47.081Z - [36mverbose[39m: Rendering page: /Users/damithch/Repos/nus-cs2103/cs2103-website-base/schedule/week2/tutorial.md
2026-04-13T10:19:47.283Z - [36mverbose[39m: Rendering page: /Users/damithch/Repos/nus-cs2103/cs2103-website-base/schedule/week12/tutorial.md
2026-04-13T10:19:47.287Z - [36mverbose[39m: Rendering page: /Users/damithch/Repos/nus-cs2103/cs2103-website-base/schedule/week13/tutorial.md
2026-04-13T10:19:47.307Z - [36mverbose[39m: Rendering page: /Users/damithch/Repos/nus-cs2103/cs2103-website-base/schedule/week10/tutorial.md
2026-04-13T10:19:47.315Z - [36mverbose[39m: Rendering page: /Users/damithch/Repos/nus-cs2103/cs2103-website-base/schedule/week11/tutorial.md
2026-04-13T10:19:48.809Z - [36mverbose[39m: Rendering page: /Users/damithch/Repos/nus-cs2103/cs2103-website-base/schedule/week1/tutorial.md
2026-04-13T10:19:48.820Z - [36mverbose[39m: Rendering page: /Users/damithch/Repos/nus-cs2103/cs2103-website-base/schedule/week9/topics.md
2026-04-13T10:19:48.861Z - [36mverbose[39m: Rendering page: /Users/damithch/Repos/nus-cs2103/cs2103-website-base/schedule/week8/topics.md
2026-04-13T10:19:49.054Z - [36mverbose[39m: Rendering page: /Users/damithch/Repos/nus-cs2103/cs2103-website-base/schedule/week7/topics.md
2026-04-13T10:19:49.723Z - [36mverbose[39m: Rendering page: /Users/damithch/Repos/nus-cs2103/cs2103-website-base/schedule/week6/topics.md
2026-04-13T10:19:50.501Z - [36mverbose[39m: Rendering page: /Users/damithch/Repos/nus-cs2103/cs2103-website-base/schedule/week5/topics.md
2026-04-13T10:19:50.774Z - [36mverbose[39m: Rendering page: /Users/damithch/Repos/nus-cs2103/cs2103-website-base/schedule/week4/topics.md
2026-04-13T10:19:50.811Z - [36mverbose[39m: Rendering page: /Users/damithch/Repos/nus-cs2103/cs2103-website-base/schedule/week3/topics.md
2026-04-13T10:19:50.883Z - [36mverbose[39m: Rendering page: /Users/damithch/Repos/nus-cs2103/cs2103-website-base/schedule/week2/topics.md
2026-04-13T10:19:51.405Z - [36mverbose[39m: Rendering page: /Users/damithch/Repos/nus-cs2103/cs2103-website-base/schedule/week13/topics.md
2026-04-13T10:19:51.414Z - [36mverbose[39m: Rendering page: /Users/damithch/Repos/nus-cs2103/cs2103-website-base/schedule/week12/topics.md
2026-04-13T10:19:51.825Z - [36mverbose[39m: Rendering page: /Users/damithch/Repos/nus-cs2103/cs2103-website-base/schedule/week11/topics.md
2026-04-13T10:19:53.403Z - [36mverbose[39m: Rendering page: /Users/damithch/Repos/nus-cs2103/cs2103-website-base/schedule/week10/topics.md
2026-04-13T10:19:54.356Z - [36mverbose[39m: Rendering page: /Users/damithch/Repos/nus-cs2103/cs2103-website-base/schedule/week9/project.md
2026-04-13T10:19:54.367Z - [36mverbose[39m: Rendering page: /Users/damithch/Repos/nus-cs2103/cs2103-website-base/schedule/week1/topics.md
2026-04-13T10:19:55.428Z - [36mverbose[39m: Rendering page: /Users/damithch/Repos/nus-cs2103/cs2103-website-base/schedule/week8/project.md
2026-04-13T10:19:57.291Z - [36mverbose[39m: Rendering page: /Users/damithch/Repos/nus-cs2103/cs2103-website-base/schedule/week7/project.md
2026-04-13T10:19:58.632Z - [36mverbose[39m: Rendering page: /Users/damithch/Repos/nus-cs2103/cs2103-website-base/schedule/week6/project.md
2026-04-13T10:19:59.708Z - [36mverbose[39m: Rendering page: /Users/damithch/Repos/nus-cs2103/cs2103-website-base/schedule/week5/project.md
2026-04-13T10:19:59.725Z - [36mverbose[39m: Rendering page: /Users/damithch/Repos/nus-cs2103/cs2103-website-base/schedule/week4/project.md
2026-04-13T10:20:03.972Z - [34mdebug[39m: 
2026-04-13T10:20:03.972Z - [34mdebug[39m: 
2026-04-13T10:20:03.973Z - [36mverbose[39m: Rendering page: /Users/damithch/Repos/nus-cs2103/cs2103-website-base/schedule/week13/project.md
2026-04-13T10:20:04.017Z - [36mverbose[39m: Rendering page: /Users/damithch/Repos/nus-cs2103/cs2103-website-base/schedule/week2/project.md
2026-04-13T10:20:05.343Z - [36mverbose[39m: Rendering page: /Users/damithch/Repos/nus-cs2103/cs2103-website-base/schedule/week3/project.md
2026-04-13T10:20:05.362Z - [36mverbose[39m: Rendering page: /Users/damithch/Repos/nus-cs2103/cs2103-website-base/schedule/week12/project.md
2026-04-13T10:20:06.798Z - [36mverbose[39m: Rendering page: /Users/damithch/Repos/nus-cs2103/cs2103-website-base/schedule/week11/project.md
2026-04-13T10:20:06.823Z - [36mverbose[39m: Rendering page: /Users/damithch/Repos/nus-cs2103/cs2103-website-base/schedule/week10/project.md
2026-04-13T10:20:06.844Z - [36mverbose[39m: Rendering page: /Users/damithch/Repos/nus-cs2103/cs2103-website-base/schedule/week1/project.md
2026-04-13T10:20:07.053Z - [36mverbose[39m: Rendering page: /Users/damithch/Repos/nus-cs2103/cs2103-website-base/schedule/week9/index.md
2026-04-13T10:20:07.788Z - [36mverbose[39m: Rendering page: /Users/damithch/Repos/nus-cs2103/cs2103-website-base/schedule/week8/index.md
2026-04-13T10:20:07.796Z - [36mverbose[39m: Rendering page: /Users/damithch/Repos/nus-cs2103/cs2103-website-base/schedule/week7/index.md
2026-04-13T10:20:08.076Z - [36mverbose[39m: Rendering page: /Users/damithch/Repos/nus-cs2103/cs2103-website-base/schedule/week6/index.md
2026-04-13T10:20:08.082Z - [36mverbose[39m: Rendering page: /Users/damithch/Repos/nus-cs2103/cs2103-website-base/schedule/week5/index.md
2026-04-13T10:20:08.713Z - [36mverbose[39m: Rendering page: /Users/damithch/Repos/nus-cs2103/cs2103-website-base/schedule/week4/index.md
2026-04-13T10:20:08.723Z - [36mverbose[39m: Rendering page: /Users/damithch/Repos/nus-cs2103/cs2103-website-base/schedule/week3/index.md
2026-04-13T10:20:08.733Z - [36mverbose[39m: Rendering page: /Users/damithch/Repos/nus-cs2103/cs2103-website-base/schedule/week13/index.md
2026-04-13T10:20:08.842Z - [36mverbose[39m: Rendering page: /Users/damithch/Repos/nus-cs2103/cs2103-website-base/schedule/week2/index.md
2026-04-13T10:20:09.119Z - [36mverbose[39m: Rendering page: /Users/damithch/Repos/nus-cs2103/cs2103-website-base/schedule/week12/index.md
2026-04-13T10:20:09.440Z - [36mverbose[39m: Rendering page: /Users/damithch/Repos/nus-cs2103/cs2103-website-base/schedule/week11/index.md
2026-04-13T10:20:09.484Z - [36mverbose[39m: Rendering page: /Users/damithch/Repos/nus-cs2103/cs2103-website-base/schedule/week10/index.md
2026-04-13T10:20:09.490Z - [36mverbose[39m: Rendering page: /Users/damithch/Repos/nus-cs2103/cs2103-website-base/schedule/week1/index.md
2026-04-13T10:20:09.707Z - [36mverbose[39m: Rendering page: /Users/damithch/Repos/nus-cs2103/cs2103-website-base/schedule/week9/admin.md
2026-04-13T10:20:09.713Z - [36mverbose[39m: Rendering page: /Users/damithch/Repos/nus-cs2103/cs2103-website-base/schedule/week8/admin.md
2026-04-13T10:20:10.020Z - [36mverbose[39m: Rendering page: /Users/damithch/Repos/nus-cs2103/cs2103-website-base/schedule/week7/admin.md
2026-04-13T10:20:10.026Z - [36mverbose[39m: Rendering page: /Users/damithch/Repos/nus-cs2103/cs2103-website-base/schedule/week6/admin.md
2026-04-13T10:20:11.004Z - [36mverbose[39m: Rendering page: /Users/damithch/Repos/nus-cs2103/cs2103-website-base/schedule/week5/admin.md
2026-04-13T10:20:11.016Z - [36mverbose[39m: Rendering page: /Users/damithch/Repos/nus-cs2103/cs2103-website-base/schedule/week4/admin.md
2026-04-13T10:20:11.024Z - [36mverbose[39m: Rendering page: /Users/damithch/Repos/nus-cs2103/cs2103-website-base/schedule/week3/admin.md
2026-04-13T10:20:11.113Z - [36mverbose[39m: Rendering page: /Users/damithch/Repos/nus-cs2103/cs2103-website-base/schedule/week2/admin.md
2026-04-13T10:20:11.437Z - [36mverbose[39m: Rendering page: /Users/damithch/Repos/nus-cs2103/cs2103-website-base/schedule/week13/admin.md
2026-04-13T10:20:11.447Z - [36mverbose[39m: Rendering page: /Users/damithch/Repos/nus-cs2103/cs2103-website-base/schedule/week12/admin.md
2026-04-13T10:20:14.715Z - [34mdebug[39m: 
2026-04-13T10:20:14.715Z - [36mverbose[39m: Rendering page: /Users/damithch/Repos/nus-cs2103/cs2103-website-base/schedule/week1/admin.md
2026-04-13T10:20:14.951Z - [36mverbose[39m: Rendering page: /Users/damithch/Repos/nus-cs2103/cs2103-website-base/schedule/week10/admin.md
2026-04-13T10:20:14.956Z - [36mverbose[39m: Rendering page: /Users/damithch/Repos/nus-cs2103/cs2103-website-base/schedule/week11/admin.md
2026-04-13T10:20:14.962Z - [36mverbose[39m: Rendering page: /Users/damithch/Repos/nus-cs2103/cs2103-website-base/schedule/timeline.md
2026-04-13T10:20:15.093Z - [36mverbose[39m: Rendering page: /Users/damithch/Repos/nus-cs2103/cs2103-website-base/schedule/index.md
2026-04-13T10:20:15.101Z - [36mverbose[39m: Rendering page: /Users/damithch/Repos/nus-cs2103/cs2103-website-base/admin/weeklySchedule.md
2026-04-13T10:20:15.143Z - [36mverbose[39m: Rendering page: /Users/damithch/Repos/nus-cs2103/cs2103-website-base/admin/uml-reference-sheet.md
2026-04-13T10:20:15.148Z - [36mverbose[39m: Rendering page: /Users/damithch/Repos/nus-cs2103/cs2103-website-base/admin/usingThisWebsite.md
2026-04-13T10:20:17.154Z - [36mverbose[39m: Rendering page: /Users/damithch/Repos/nus-cs2103/cs2103-website-base/admin/tutors-info.md
2026-04-13T10:20:18.140Z - [36mverbose[39m: Rendering page: /Users/damithch/Repos/nus-cs2103/cs2103-website-base/admin/tutorials.md
2026-04-13T10:20:18.162Z - [36mverbose[39m: Rendering page: /Users/damithch/Repos/nus-cs2103/cs2103-website-base/admin/tp-w8.md
2026-04-13T10:20:18.182Z - [36mverbose[39m: Rendering page: /Users/damithch/Repos/nus-cs2103/cs2103-website-base/admin/tp-w9.md
2026-04-13T10:20:18.936Z - [36mverbose[39m: Rendering page: /Users/damithch/Repos/nus-cs2103/cs2103-website-base/admin/tp-w7.md
2026-04-13T10:20:20.019Z - [36mverbose[39m: Rendering page: /Users/damithch/Repos/nus-cs2103/cs2103-website-base/admin/tp-w6.md
2026-04-13T10:20:20.443Z - [36mverbose[39m: Rendering page: /Users/damithch/Repos/nus-cs2103/cs2103-website-base/admin/tp-w5.md
2026-04-13T10:20:20.455Z - [36mverbose[39m: Rendering page: /Users/damithch/Repos/nus-cs2103/cs2103-website-base/admin/tp-w4.md
2026-04-13T10:20:22.906Z - [36mverbose[39m: Rendering page: /Users/damithch/Repos/nus-cs2103/cs2103-website-base/admin/tp-w3.md
2026-04-13T10:20:25.376Z - [36mverbose[39m: Rendering page: /Users/damithch/Repos/nus-cs2103/cs2103-website-base/admin/tp-w2.md
2026-04-13T10:20:25.380Z - [36mverbose[39m: Rendering page: /Users/damithch/Repos/nus-cs2103/cs2103-website-base/admin/tp-w13.md
2026-04-13T10:20:27.746Z - [34mdebug[39m: 
2026-04-13T10:20:27.766Z - [34mdebug[39m: 
2026-04-13T10:20:27.845Z - [36mverbose[39m: Rendering page: /Users/damithch/Repos/nus-cs2103/cs2103-website-base/admin/tp-w12.md
2026-04-13T10:20:27.914Z - [36mverbose[39m: Rendering page: /Users/damithch/Repos/nus-cs2103/cs2103-website-base/admin/tp-w11.md
2026-04-13T10:20:27.983Z - [36mverbose[39m: Rendering page: /Users/damithch/Repos/nus-cs2103/cs2103-website-base/admin/tp-w10.md
2026-04-13T10:20:28.007Z - [36mverbose[39m: Rendering page: /Users/damithch/Repos/nus-cs2103/cs2103-website-base/admin/tp-timeline.md
2026-04-13T10:20:30.026Z - [36mverbose[39m: Rendering page: /Users/damithch/Repos/nus-cs2103/cs2103-website-base/admin/tp-supervision.md
2026-04-13T10:20:30.037Z - [36mverbose[39m: Rendering page: /Users/damithch/Repos/nus-cs2103/cs2103-website-base/admin/tp-teams.md
2026-04-13T10:20:30.048Z - [36mverbose[39m: Rendering page: /Users/damithch/Repos/nus-cs2103/cs2103-website-base/admin/tp-pe.md
2026-04-13T10:20:30.085Z - [36mverbose[39m: Rendering page: /Users/damithch/Repos/nus-cs2103/cs2103-website-base/admin/tp-ped.md
2026-04-13T10:20:30.737Z - [36mverbose[39m: Rendering page: /Users/damithch/Repos/nus-cs2103/cs2103-website-base/admin/tp-expectations.md
2026-04-13T10:20:30.746Z - [36mverbose[39m: Rendering page: /Users/damithch/Repos/nus-cs2103/cs2103-website-base/admin/tp-grading.md
2026-04-13T10:20:30.757Z - [36mverbose[39m: Rendering page: /Users/damithch/Repos/nus-cs2103/cs2103-website-base/admin/tp-overview.md
2026-04-13T10:20:30.767Z - [36mverbose[39m: Rendering page: /Users/damithch/Repos/nus-cs2103/cs2103-website-base/admin/tp-deliverables.md
2026-04-13T10:20:30.943Z - [36mverbose[39m: Rendering page: /Users/damithch/Repos/nus-cs2103/cs2103-website-base/admin/tp-common-fragments.md
2026-04-13T10:20:30.948Z - [36mverbose[39m: Rendering page: /Users/damithch/Repos/nus-cs2103/cs2103-website-base/admin/tp-constraints.md
2026-04-13T10:20:30.957Z - [36mverbose[39m: Rendering page: /Users/damithch/Repos/nus-cs2103/cs2103-website-base/admin/textbooks.md
2026-04-13T10:20:30.966Z - [36mverbose[39m: Rendering page: /Users/damithch/Repos/nus-cs2103/cs2103-website-base/admin/tools.md
2026-04-13T10:20:31.603Z - [36mverbose[39m: Rendering page: /Users/damithch/Repos/nus-cs2103/cs2103-website-base/admin/standardsAndConventions.md
2026-04-13T10:20:31.612Z - [36mverbose[39m: Rendering page: /Users/damithch/Repos/nus-cs2103/cs2103-website-base/admin/syllabus.md
2026-04-13T10:20:31.618Z - [36mverbose[39m: Rendering page: /Users/damithch/Repos/nus-cs2103/cs2103-website-base/admin/teamList.md
2026-04-13T10:20:31.664Z - [36mverbose[39m: Rendering page: /Users/damithch/Repos/nus-cs2103/cs2103-website-base/admin/reposenseAuthorAnnotation.md
2026-04-13T10:20:31.907Z - [36mverbose[39m: Rendering page: /Users/damithch/Repos/nus-cs2103/cs2103-website-base/admin/peerEvaluations.md
2026-04-13T10:20:31.918Z - [36mverbose[39m: Rendering page: /Users/damithch/Repos/nus-cs2103/cs2103-website-base/admin/programmingLanguages.md
2026-04-13T10:20:31.928Z - [36mverbose[39m: Rendering page: /Users/damithch/Repos/nus-cs2103/cs2103-website-base/admin/participation.md
2026-04-13T10:20:31.938Z - [36mverbose[39m: Rendering page: /Users/damithch/Repos/nus-cs2103/cs2103-website-base/admin/overview-for-teachers.md
2026-04-13T10:20:32.344Z - [36mverbose[39m: Rendering page: /Users/damithch/Repos/nus-cs2103/cs2103-website-base/admin/mid-semester-survey-results.md
2026-04-13T10:20:32.360Z - [36mverbose[39m: Rendering page: /Users/damithch/Repos/nus-cs2103/cs2103-website-base/admin/lectures.md
2026-04-13T10:20:32.368Z - [36mverbose[39m: Rendering page: /Users/damithch/Repos/nus-cs2103/cs2103-website-base/admin/ip-w8.md
2026-04-13T10:20:32.380Z - [36mverbose[39m: Rendering page: /Users/damithch/Repos/nus-cs2103/cs2103-website-base/admin/ip-w7.md
2026-04-13T10:20:34.397Z - [36mverbose[39m: Rendering page: /Users/damithch/Repos/nus-cs2103/cs2103-website-base/admin/ip-w5.md
2026-04-13T10:20:34.406Z - [36mverbose[39m: Rendering page: /Users/damithch/Repos/nus-cs2103/cs2103-website-base/admin/ip-w6.md
2026-04-13T10:20:34.424Z - [36mverbose[39m: Rendering page: /Users/damithch/Repos/nus-cs2103/cs2103-website-base/admin/ip-w4.md
2026-04-13T10:20:34.464Z - [36mverbose[39m: Rendering page: /Users/damithch/Repos/nus-cs2103/cs2103-website-base/admin/ip-w3.md
2026-04-13T10:20:35.894Z - [36mverbose[39m: Rendering page: /Users/damithch/Repos/nus-cs2103/cs2103-website-base/admin/ip-w2.md
2026-04-13T10:20:36.016Z - [36mverbose[39m: Rendering page: /Users/damithch/Repos/nus-cs2103/cs2103-website-base/admin/ip-showcase.md
2026-04-13T10:20:36.311Z - [36mverbose[39m: Rendering page: /Users/damithch/Repos/nus-cs2103/cs2103-website-base/admin/ip-overview.md
2026-04-13T10:20:36.340Z - [36mverbose[39m: Rendering page: /Users/damithch/Repos/nus-cs2103/cs2103-website-base/admin/ip-grading.md
2026-04-13T10:20:37.265Z - [36mverbose[39m: Rendering page: /Users/damithch/Repos/nus-cs2103/cs2103-website-base/admin/instructors.md
2026-04-13T10:20:37.280Z - [36mverbose[39m: Rendering page: /Users/damithch/Repos/nus-cs2103/cs2103-website-base/admin/index.md
2026-04-13T10:20:37.289Z - [36mverbose[39m: Rendering page: /Users/damithch/Repos/nus-cs2103/cs2103-website-base/admin/gradeBreakdown.md
2026-04-13T10:20:37.348Z - [36mverbose[39m: Rendering page: /Users/damithch/Repos/nus-cs2103/cs2103-website-base/admin/exams.md
2026-04-13T10:20:37.379Z - [36mverbose[39m: Rendering page: /Users/damithch/Repos/nus-cs2103/cs2103-website-base/admin/exams-f2f.md
2026-04-13T10:20:37.431Z - [36mverbose[39m: Rendering page: /Users/damithch/Repos/nus-cs2103/cs2103-website-base/admin/exam-reference-sheet.md
2026-04-13T10:20:37.440Z - [36mverbose[39m: Rendering page: /Users/damithch/Repos/nus-cs2103/cs2103-website-base/admin/exam-pen-and-paper.md
2026-04-13T10:20:37.504Z - [36mverbose[39m: Rendering page: /Users/damithch/Repos/nus-cs2103/cs2103-website-base/admin/courseOverview.md
2026-04-13T10:20:37.542Z - [36mverbose[39m: Rendering page: /Users/damithch/Repos/nus-cs2103/cs2103-website-base/admin/courseExpectations.md
2026-04-13T10:20:37.580Z - [36mverbose[39m: Rendering page: /Users/damithch/Repos/nus-cs2103/cs2103-website-base/admin/courseBriefings.md
2026-04-13T10:20:37.609Z - [36mverbose[39m: Rendering page: /Users/damithch/Repos/nus-cs2103/cs2103-website-base/admin/appendixH-tipsFromStudents.md
2026-04-13T10:20:37.622Z - [36mverbose[39m: Rendering page: /Users/damithch/Repos/nus-cs2103/cs2103-website-base/admin/appendixG-troubleshooting.md
2026-04-13T10:20:37.670Z - [36mverbose[39m: Rendering page: /Users/damithch/Repos/nus-cs2103/cs2103-website-base/admin/appendixG-CS2103R.md
2026-04-13T10:20:38.067Z - [36mverbose[39m: Rendering page: /Users/damithch/Repos/nus-cs2103/cs2103-website-base/admin/appendixF-teamworkIssues.md
2026-04-13T10:20:38.079Z - [36mverbose[39m: Rendering page: /Users/damithch/Repos/nus-cs2103/cs2103-website-base/admin/appendixE-gitHub.md
2026-04-13T10:20:38.096Z - [36mverbose[39m: Rendering page: /Users/damithch/Repos/nus-cs2103/cs2103-website-base/admin/appendixD-help.md
2026-04-13T10:20:38.107Z - [32minfo[39m: Pages built
2026-04-13T10:20:38.188Z - [32minfo[39m: Site data built
2026-04-13T10:20:38.188Z - [32minfo[39m: Website generation complete! Total build time: 99.472s
2026-04-13T10:20:38.189Z - [32minfo[39m: Build success!
2026-04-13T10:21:05.842Z - [32minfo[39m: GitHub Actions deployment initiated. Check status at: https://github.com/NUS-CS2103-AY2526-S2/website/actions
2026-04-13T10:21:05.844Z - [32minfo[39m: The website will be deployed at: https://NUS-CS2103-AY2526-S2.github.io/website
